meter_id,date,interval,reading_num
1,20251101,1,0.04
1,20251101,2,0.04
1,20251101,3,0.04
1,20251101,4,0.04
1,20251101,5,0.04
1,20251101,6,0.04
1,20251101,7,0.041
1,20251101,8,0.042
1,20251101,9,0.046
1,20251101,10,0.056
1,20251101,11,0.081
1,20251101,12,0.125
1,20251101,13,0.193
1,20251101,14,0.272
1,20251101,15,0.337
1,20251101,16,0.363
1,20251101,17,0.337
1,20251101,18,0.272
1,20251101,19,0.193
1,20251101,20,0.125
1,20251101,21,0.081
1,20251101,22,0.056
1,20251101,23,0.046
1,20251101,24,0.042
1,20251101,25,0.041
1,20251101,26,0.04
1,20251101,27,0.04
1,20251101,28,0.041
1,20251101,29,0.041
1,20251101,30,0.043
1,20251101,31,0.049
1,20251101,32,0.063
1,20251101,33,0.091
1,20251101,34,0.142
1,20251101,35,0.219
1,20251101,36,0.316
1,20251101,37,0.418
1,20251101,38,0.495
1,20251101,39,0.525
1,20251101,40,0.495
1,20251101,41,0.418
1,20251101,42,0.316
1,20251101,43,0.219
1,20251101,44,0.142
1,20251101,45,0.091
1,20251101,46,0.063
1,20251101,47,0.049
1,20251101,48,0.043
1,20251102,1,0.046
1,20251102,2,0.046
1,20251102,3,0.046
1,20251102,4,0.046
1,20251102,5,0.046
1,20251102,6,0.046
1,20251102,7,0.046
1,20251102,8,0.047
1,20251102,9,0.052
1,20251102,10,0.064
1,20251102,11,0.091
1,20251102,12,0.142
1,20251102,13,0.218
1,20251102,14,0.307
1,20251102,15,0.382
1,20251102,16,0.411
1,20251102,17,0.382
1,20251102,18,0.307
1,20251102,19,0.218
1,20251102,20,0.142
1,20251102,21,0.091
1,20251102,22,0.064
1,20251102,23,0.052
1,20251102,24,0.047
1,20251102,25,0.046
1,20251102,26,0.046
1,20251102,27,0.046
1,20251102,28,0.046
1,20251102,29,0.047
1,20251102,30,0.049
1,20251102,31,0.056
1,20251102,32,0.071
1,20251102,33,0.103
1,20251102,34,0.16
1,20251102,35,0.247
1,20251102,36,0.358
1,20251102,37,0.472
1,20251102,38,0.56
1,20251102,39,0.593
1,20251102,40,0.56
1,20251102,41,0.472
1,20251102,42,0.358
1,20251102,43,0.247
1,20251102,44,0.16
1,20251102,45,0.103
1,20251102,46,0.071
1,20251102,47,0.056
1,20251102,48,0.049
1,20251103,1,0.055
1,20251103,2,0.055
1,20251103,3,0.055
1,20251103,4,0.055
1,20251103,5,0.055
1,20251103,6,0.055
1,20251103,7,0.055
1,20251103,8,0.057
1,20251103,9,0.062
1,20251103,10,0.076
1,20251103,11,0.109
1,20251103,12,0.17
1,20251103,13,0.261
1,20251103,14,0.367
1,20251103,15,0.456
1,20251103,16,0.491
1,20251103,17,0.456
1,20251103,18,0.367
1,20251103,19,0.261
1,20251103,20,0.17
1,20251103,21,0.109
1,20251103,22,0.076
1,20251103,23,0.062
1,20251103,24,0.057
1,20251103,25,0.055
1,20251103,26,0.055
1,20251103,27,0.055
1,20251103,28,0.055
1,20251103,29,0.056
1,20251103,30,0.059
1,20251103,31,0.067
1,20251103,32,0.085
1,20251103,33,0.124
1,20251103,34,0.192
1,20251103,35,0.296
1,20251103,36,0.428
1,20251103,37,0.565
1,20251103,38,0.67
1,20251103,39,0.71
1,20251103,40,0.67
1,20251103,41,0.565
1,20251103,42,0.428
1,20251103,43,0.296
1,20251103,44,0.192
1,20251103,45,0.124
1,20251103,46,0.085
1,20251103,47,0.067
1,20251103,48,0.059
1,20251104,1,0.054
1,20251104,2,0.054
1,20251104,3,0.054
1,20251104,4,0.054
1,20251104,5,0.054
1,20251104,6,0.054
1,20251104,7,0.055
1,20251104,8,0.056
1,20251104,9,0.061
1,20251104,10,0.076
1,20251104,11,0.108
1,20251104,12,0.168
1,20251104,13,0.258
1,20251104,14,0.364
1,20251104,15,0.452
1,20251104,16,0.487
1,20251104,17,0.452
1,20251104,18,0.364
1,20251104,19,0.258
1,20251104,20,0.168
1,20251104,21,0.108
1,20251104,22,0.076
1,20251104,23,0.061
1,20251104,24,0.056
1,20251104,25,0.055
1,20251104,26,0.054
1,20251104,27,0.054
1,20251104,28,0.054
1,20251104,29,0.055
1,20251104,30,0.058
1,20251104,31,0.066
1,20251104,32,0.084
1,20251104,33,0.122
1,20251104,34,0.19
1,20251104,35,0.293
1,20251104,36,0.424
1,20251104,37,0.559
1,20251104,38,0.664
1,20251104,39,0.703
1,20251104,40,0.664
1,20251104,41,0.559
1,20251104,42,0.424
1,20251104,43,0.293
1,20251104,44,0.19
1,20251104,45,0.122
1,20251104,46,0.084
1,20251104,47,0.066
1,20251104,48,0.058
1,20251105,1,0.048
1,20251105,2,0.048
1,20251105,3,0.048
1,20251105,4,0.048
1,20251105,5,0.048
1,20251105,6,0.049
1,20251105,7,0.049
1,20251105,8,0.05
1,20251105,9,0.055
1,20251105,10,0.068
1,20251105,11,0.097
1,20251105,12,0.151
1,20251105,13,0.232
1,20251105,14,0.326
1,20251105,15,0.405
1,20251105,16,0.436
1,20251105,17,0.405
1,20251105,18,0.326
1,20251105,19,0.232
1,20251105,20,0.151
1,20251105,21,0.097
1,20251105,22,0.068
1,20251105,23,0.055
1,20251105,24,0.05
1,20251105,25,0.049
1,20251105,26,0.049
1,20251105,27,0.049
1,20251105,28,0.049
1,20251105,29,0.05
1,20251105,30,0.052
1,20251105,31,0.059
1,20251105,32,0.076
1,20251105,33,0.11
1,20251105,34,0.17
1,20251105,35,0.262
1,20251105,36,0.38
1,20251105,37,0.501
1,20251105,38,0.595
1,20251105,39,0.63
1,20251105,40,0.595
1,20251105,41,0.501
1,20251105,42,0.38
1,20251105,43,0.262
1,20251105,44,0.17
1,20251105,45,0.11
1,20251105,46,0.076
1,20251105,47,0.059
1,20251105,48,0.052
1,20251106,1,0.051
1,20251106,2,0.051
1,20251106,3,0.051
1,20251106,4,0.051
1,20251106,5,0.051
1,20251106,6,0.051
1,20251106,7,0.051
1,20251106,8,0.053
1,20251106,9,0.058
1,20251106,10,0.071
1,20251106,11,0.101
1,20251106,12,0.158
1,20251106,13,0.243
1,20251106,14,0.342
1,20251106,15,0.424
1,20251106,16,0.457
1,20251106,17,0.424
1,20251106,18,0.342
1,20251106,19,0.243
1,20251106,20,0.158
1,20251106,21,0.101
1,20251106,22,0.071
1,20251106,23,0.058
1,20251106,24,0.053
1,20251106,25,0.051
1,20251106,26,0.051
1,20251106,27,0.051
1,20251106,28,0.051
1,20251106,29,0.052
1,20251106,30,0.055
1,20251106,31,0.062
1,20251106,32,0.079
1,20251106,33,0.115
1,20251106,34,0.178
1,20251106,35,0.275
1,20251106,36,0.398
1,20251106,37,0.525
1,20251106,38,0.623
1,20251106,39,0.66
1,20251106,40,0.623
1,20251106,41,0.525
1,20251106,42,0.398
1,20251106,43,0.275
1,20251106,44,0.178
1,20251106,45,0.115
1,20251106,46,0.079
1,20251106,47,0.062
1,20251106,48,0.055
1,20251107,1,0.048
1,20251107,2,0.048
1,20251107,3,0.048
1,20251107,4,0.048
1,20251107,5,0.048
1,20251107,6,0.049
1,20251107,7,0.049
1,20251107,8,0.05
1,20251107,9,0.055
1,20251107,10,0.068
1,20251107,11,0.097
1,20251107,12,0.151
1,20251107,13,0.231
1,20251107,14,0.326
1,20251107,15,0.405
1,20251107,16,0.436
1,20251107,17,0.405
1,20251107,18,0.326
1,20251107,19,0.231
1,20251107,20,0.151
1,20251107,21,0.097
1,20251107,22,0.068
1,20251107,23,0.055
1,20251107,24,0.05
1,20251107,25,0.049
1,20251107,26,0.049
1,20251107,27,0.049
1,20251107,28,0.049
1,20251107,29,0.05
1,20251107,30,0.052
1,20251107,31,0.059
1,20251107,32,0.076
1,20251107,33,0.11
1,20251107,34,0.17
1,20251107,35,0.262
1,20251107,36,0.38
1,20251107,37,0.501
1,20251107,38,0.594
1,20251107,39,0.63
1,20251107,40,0.594
1,20251107,41,0.501
1,20251107,42,0.38
1,20251107,43,0.262
1,20251107,44,0.17
1,20251107,45,0.11
1,20251107,46,0.076
1,20251107,47,0.059
1,20251107,48,0.052
1,20251108,1,0.048
1,20251108,2,0.048
1,20251108,3,0.048
1,20251108,4,0.048
1,20251108,5,0.048
1,20251108,6,0.048
1,20251108,7,0.049
1,20251108,8,0.05
1,20251108,9,0.055
1,20251108,10,0.067
1,20251108,11,0.096
1,20251108,12,0.149
1,20251108,13,0.23
1,20251108,14,0.324
1,20251108,15,0.402
1,20251108,16,0.433
1,20251108,17,0.402
1,20251108,18,0.324
1,20251108,19,0.23
1,20251108,20,0.149
1,20251108,21,0.096
1,20251108,22,0.067
1,20251108,23,0.055
1,20251108,24,0.05
1,20251108,25,0.049
1,20251108,26,0.048
1,20251108,27,0.048
1,20251108,28,0.048
1,20251108,29,0.049
1,20251108,30,0.052
1,20251108,31,0.059
1,20251108,32,0.075
1,20251108,33,0.109
1,20251108,34,0.169
1,20251108,35,0.26
1,20251108,36,0.377
1,20251108,37,0.497
1,20251108,38,0.59
1,20251108,39,0.625
1,20251108,40,0.59
1,20251108,41,0.497
1,20251108,42,0.377
1,20251108,43,0.26
1,20251108,44,0.169
1,20251108,45,0.109
1,20251108,46,0.075
1,20251108,47,0.059
1,20251108,48,0.052
1,20251109,1,0.059
1,20251109,2,0.059
1,20251109,3,0.059
1,20251109,4,0.059
1,20251109,5,0.059
1,20251109,6,0.059
1,20251109,7,0.059
1,20251109,8,0.061
1,20251109,9,0.067
1,20251109,10,0.082
1,20251109,11,0.118
1,20251109,12,0.183
1,20251109,13,0.282
1,20251109,14,0.397
1,20251109,15,0.493
1,20251109,16,0.53
1,20251109,17,0.493
1,20251109,18,0.397
1,20251109,19,0.282
1,20251109,20,0.183
1,20251109,21,0.118
1,20251109,22,0.082
1,20251109,23,0.067
1,20251109,24,0.061
1,20251109,25,0.059
1,20251109,26,0.059
1,20251109,27,0.059
1,20251109,28,0.059
1,20251109,29,0.06
1,20251109,30,0.063
1,20251109,31,0.072
1,20251109,32,0.092
1,20251109,33,0.133
1,20251109,34,0.207
1,20251109,35,0.319
1,20251109,36,0.462
1,20251109,37,0.61
1,20251109,38,0.723
1,20251109,39,0.766
1,20251109,40,0.723
1,20251109,41,0.61
1,20251109,42,0.462
1,20251109,43,0.319
1,20251109,44,0.207
1,20251109,45,0.133
1,20251109,46,0.092
1,20251109,47,0.072
1,20251109,48,0.063
1,20251110,1,0.052
1,20251110,2,0.052
1,20251110,3,0.052
1,20251110,4,0.052
1,20251110,5,0.052
1,20251110,6,0.052
1,20251110,7,0.052
1,20251110,8,0.054
1,20251110,9,0.059
1,20251110,10,0.073
1,20251110,11,0.104
1,20251110,12,0.161
1,20251110,13,0.248
1,20251110,14,0.349
1,20251110,15,0.434
1,20251110,16,0.467
1,20251110,17,0.434
1,20251110,18,0.349
1,20251110,19,0.248
1,20251110,20,0.161
1,20251110,21,0.104
1,20251110,22,0.073
1,20251110,23,0.059
1,20251110,24,0.054
1,20251110,25,0.052
1,20251110,26,0.052
1,20251110,27,0.052
1,20251110,28,0.052
1,20251110,29,0.053
1,20251110,30,0.056
1,20251110,31,0.063
1,20251110,32,0.081
1,20251110,33,0.118
1,20251110,34,0.182
1,20251110,35,0.281
1,20251110,36,0.407
1,20251110,37,0.537
1,20251110,38,0.637
1,20251110,39,0.675
1,20251110,40,0.637
1,20251110,41,0.537
1,20251110,42,0.407
1,20251110,43,0.281
1,20251110,44,0.182
1,20251110,45,0.118
1,20251110,46,0.081
1,20251110,47,0.063
1,20251110,48,0.056
1,20251111,1,0.056
1,20251111,2,0.056
1,20251111,3,0.056
1,20251111,4,0.056
1,20251111,5,0.056
1,20251111,6,0.056
1,20251111,7,0.056
1,20251111,8,0.058
1,20251111,9,0.063
1,20251111,10,0.078
1,20251111,11,0.112
1,20251111,12,0.174
1,20251111,13,0.267
1,20251111,14,0.376
1,20251111,15,0.467
1,20251111,16,0.503
1,20251111,17,0.467
1,20251111,18,0.376
1,20251111,19,0.267
1,20251111,20,0.174
1,20251111,21,0.112
1,20251111,22,0.078
1,20251111,23,0.063
1,20251111,24,0.058
1,20251111,25,0.056
1,20251111,26,0.056
1,20251111,27,0.056
1,20251111,28,0.056
1,20251111,29,0.057
1,20251111,30,0.06
1,20251111,31,0.068
1,20251111,32,0.087
1,20251111,33,0.127
1,20251111,34,0.196
1,20251111,35,0.303
1,20251111,36,0.438
1,20251111,37,0.578
1,20251111,38,0.686
1,20251111,39,0.726
1,20251111,40,0.686
1,20251111,41,0.578
1,20251111,42,0.438
1,20251111,43,0.303
1,20251111,44,0.196
1,20251111,45,0.127
1,20251111,46,0.087
1,20251111,47,0.068
1,20251111,48,0.06
1,20251112,1,0.042
1,20251112,2,0.042
1,20251112,3,0.042
1,20251112,4,0.042
1,20251112,5,0.042
1,20251112,6,0.042
1,20251112,7,0.042
1,20251112,8,0.043
1,20251112,9,0.047
1,20251112,10,0.059
1,20251112,11,0.084
1,20251112,12,0.13
1,20251112,13,0.2
1,20251112,14,0.282
1,20251112,15,0.35
1,20251112,16,0.377
1,20251112,17,0.35
1,20251112,18,0.282
1,20251112,19,0.2
1,20251112,20,0.13
1,20251112,21,0.084
1,20251112,22,0.059
1,20251112,23,0.047
1,20251112,24,0.043
1,20251112,25,0.042
1,20251112,26,0.042
1,20251112,27,0.042
1,20251112,28,0.042
1,20251112,29,0.043
1,20251112,30,0.045
1,20251112,31,0.051
1,20251112,32,0.065
1,20251112,33,0.095
1,20251112,34,0.147
1,20251112,35,0.227
1,20251112,36,0.328
1,20251112,37,0.433
1,20251112,38,0.513
1,20251112,39,0.544
1,20251112,40,0.513
1,20251112,41,0.433
1,20251112,42,0.328
1,20251112,43,0.227
1,20251112,44,0.147
1,20251112,45,0.095
1,20251112,46,0.065
1,20251112,47,0.051
1,20251112,48,0.045
1,20251113,1,0.057
1,20251113,2,0.057
1,20251113,3,0.057
1,20251113,4,0.057
1,20251113,5,0.057
1,20251113,6,0.057
1,20251113,7,0.057
1,20251113,8,0.059
1,20251113,9,0.065
1,20251113,10,0.08
1,20251113,11,0.114
1,20251113,12,0.177
1,20251113,13,0.272
1,20251113,14,0.383
1,20251113,15,0.476
1,20251113,16,0.512
1,20251113,17,0.476
1,20251113,18,0.383
1,20251113,19,0.272
1,20251113,20,0.177
1,20251113,21,0.114
1,20251113,22,0.08
1,20251113,23,0.065
1,20251113,24,0.059
1,20251113,25,0.057
1,20251113,26,0.057
1,20251113,27,0.057
1,20251113,28,0.057
1,20251113,29,0.058
1,20251113,30,0.061
1,20251113,31,0.069
1,20251113,32,0.089
1,20251113,33,0.129
1,20251113,34,0.2
1,20251113,35,0.308
1,20251113,36,0.446
1,20251113,37,0.589
1,20251113,38,0.699
1,20251113,39,0.74
1,20251113,40,0.699
1,20251113,41,0.589
1,20251113,42,0.446
1,20251113,43,0.308
1,20251113,44,0.2
1,20251113,45,0.129
1,20251113,46,0.089
1,20251113,47,0.069
1,20251113,48,0.061
1,20251114,1,0.048
1,20251114,2,0.048
1,20251114,3,0.048
1,20251114,4,0.048
1,20251114,5,0.048
1,20251114,6,0.048
1,20251114,7,0.048
1,20251114,8,0.049
1,20251114,9,0.054
1,20251114,10,0.067
1,20251114,11,0.095
1,20251114,12,0.148
1,20251114,13,0.228
1,20251114,14,0.32
1,20251114,15,0.398
1,20251114,16,0.428
1,20251114,17,0.398
1,20251114,18,0.32
1,20251114,19,0.228
1,20251114,20,0.148
1,20251114,21,0.095
1,20251114,22,0.067
1,20251114,23,0.054
1,20251114,24,0.049
1,20251114,25,0.048
1,20251114,26,0.048
1,20251114,27,0.048
1,20251114,28,0.048
1,20251114,29,0.049
1,20251114,30,0.051
1,20251114,31,0.058
1,20251114,32,0.074
1,20251114,33,0.108
1,20251114,34,0.167
1,20251114,35,0.258
1,20251114,36,0.373
1,20251114,37,0.493
1,20251114,38,0.584
1,20251114,39,0.619
1,20251114,40,0.584
1,20251114,41,0.493
1,20251114,42,0.373
1,20251114,43,0.258
1,20251114,44,0.167
1,20251114,45,0.108
1,20251114,46,0.074
1,20251114,47,0.058
1,20251114,48,0.051
1,20251115,1,0.052
1,20251115,2,0.052
1,20251115,3,0.052
1,20251115,4,0.052
1,20251115,5,0.052
1,20251115,6,0.052
1,20251115,7,0.053
1,20251115,8,0.054
1,20251115,9,0.059
1,20251115,10,0.073
1,20251115,11,0.104
1,20251115,12,0.163
1,20251115,13,0.25
1,20251115,14,0.352
1,20251115,15,0.437
1,20251115,16,0.471
1,20251115,17,0.437
1,20251115,18,0.352
1,20251115,19,0.25
1,20251115,20,0.163
1,20251115,21,0.104
1,20251115,22,0.073
1,20251115,23,0.059
1,20251115,24,0.054
1,20251115,25,0.053
1,20251115,26,0.052
1,20251115,27,0.052
1,20251115,28,0.053
1,20251115,29,0.054
1,20251115,30,0.056
1,20251115,31,0.064
1,20251115,32,0.082
1,20251115,33,0.118
1,20251115,34,0.184
1,20251115,35,0.283
1,20251115,36,0.41
1,20251115,37,0.541
1,20251115,38,0.642
1,20251115,39,0.68
1,20251115,40,0.642
1,20251115,41,0.541
1,20251115,42,0.41
1,20251115,43,0.283
1,20251115,44,0.184
1,20251115,45,0.118
1,20251115,46,0.082
1,20251115,47,0.064
1,20251115,48,0.056
1,20251116,1,0.051
1,20251116,2,0.051
1,20251116,3,0.051
1,20251116,4,0.051
1,20251116,5,0.051
1,20251116,6,0.051
1,20251116,7,0.051
1,20251116,8,0.053
1,20251116,9,0.057
1,20251116,10,0.071
1,20251116,11,0.101
1,20251116,12,0.157
1,20251116,13,0.242
1,20251116,14,0.341
1,20251116,15,0.423
1,20251116,16,0.455
1,20251116,17,0.423
1,20251116,18,0.341
1,20251116,19,0.242
1,20251116,20,0.157
1,20251116,21,0.101
1,20251116,22,0.071
1,20251116,23,0.057
1,20251116,24,0.053
1,20251116,25,0.051
1,20251116,26,0.051
1,20251116,27,0.051
1,20251116,28,0.051
1,20251116,29,0.052
1,20251116,30,0.054
1,20251116,31,0.062
1,20251116,32,0.079
1,20251116,33,0.115
1,20251116,34,0.178
1,20251116,35,0.274
1,20251116,36,0.396
1,20251116,37,0.523
1,20251116,38,0.621
1,20251116,39,0.658
1,20251116,40,0.621
1,20251116,41,0.523
1,20251116,42,0.396
1,20251116,43,0.274
1,20251116,44,0.178
1,20251116,45,0.115
1,20251116,46,0.079
1,20251116,47,0.062
1,20251116,48,0.054
1,20251117,1,0.062
1,20251117,2,0.062
1,20251117,3,0.062
1,20251117,4,0.062
1,20251117,5,0.062
1,20251117,6,0.062
1,20251117,7,0.063
1,20251117,8,0.065
1,20251117,9,0.071
1,20251117,10,0.087
1,20251117,11,0.124
1,20251117,12,0.193
1,20251117,13,0.297
1,20251117,14,0.418
1,20251117,15,0.52
1,20251117,16,0.559
1,20251117,17,0.52
1,20251117,18,0.418
1,20251117,19,0.297
1,20251117,20,0.193
1,20251117,21,0.124
1,20251117,22,0.087
1,20251117,23,0.071
1,20251117,24,0.065
1,20251117,25,0.063
1,20251117,26,0.062
1,20251117,27,0.062
1,20251117,28,0.063
1,20251117,29,0.064
1,20251117,30,0.067
1,20251117,31,0.076
1,20251117,32,0.097
1,20251117,33,0.141
1,20251117,34,0.218
1,20251117,35,0.336
1,20251117,36,0.487
1,20251117,37,0.643
1,20251117,38,0.763
1,20251117,39,0.808
1,20251117,40,0.763
1,20251117,41,0.643
1,20251117,42,0.487
1,20251117,43,0.336
1,20251117,44,0.218
1,20251117,45,0.141
1,20251117,46,0.097
1,20251117,47,0.076
1,20251117,48,0.067
1,20251118,1,0.057
1,20251118,2,0.057
1,20251118,3,0.057
1,20251118,4,0.057
1,20251118,5,0.057
1,20251118,6,0.057
1,20251118,7,0.057
1,20251118,8,0.059
1,20251118,9,0.065
1,20251118,10,0.08
1,20251118,11,0.114
1,20251118,12,0.177
1,20251118,13,0.272
1,20251118,14,0.383
1,20251118,15,0.476
1,20251118,16,0.512
1,20251118,17,0.476
1,20251118,18,0.383
1,20251118,19,0.272
1,20251118,20,0.177
1,20251118,21,0.114
1,20251118,22,0.08
1,20251118,23,0.065
1,20251118,24,0.059
1,20251118,25,0.057
1,20251118,26,0.057
1,20251118,27,0.057
1,20251118,28,0.057
1,20251118,29,0.058
1,20251118,30,0.061
1,20251118,31,0.069
1,20251118,32,0.089
1,20251118,33,0.129
1,20251118,34,0.2
1,20251118,35,0.308
1,20251118,36,0.446
1,20251118,37,0.589
1,20251118,38,0.698
1,20251118,39,0.74
1,20251118,40,0.698
1,20251118,41,0.589
1,20251118,42,0.446
1,20251118,43,0.308
1,20251118,44,0.2
1,20251118,45,0.129
1,20251118,46,0.089
1,20251118,47,0.069
1,20251118,48,0.061
1,20251119,1,0.058
1,20251119,2,0.058
1,20251119,3,0.058
1,20251119,4,0.058
1,20251119,5,0.058
1,20251119,6,0.058
1,20251119,7,0.059
1,20251119,8,0.06
1,20251119,9,0.066
1,20251119,10,0.081
1,20251119,11,0.116
1,20251119,12,0.181
1,20251119,13,0.278
1,20251119,14,0.392
1,20251119,15,0.487
1,20251119,16,0.524
1,20251119,17,0.487
1,20251119,18,0.392
1,20251119,19,0.278
1,20251119,20,0.181
1,20251119,21,0.116
1,20251119,22,0.081
1,20251119,23,0.066
1,20251119,24,0.06
1,20251119,25,0.059
1,20251119,26,0.058
1,20251119,27,0.058
1,20251119,28,0.059
1,20251119,29,0.06
1,20251119,30,0.063
1,20251119,31,0.071
1,20251119,32,0.091
1,20251119,33,0.132
1,20251119,34,0.205
1,20251119,35,0.315
1,20251119,36,0.456
1,20251119,37,0.602
1,20251119,38,0.715
1,20251119,39,0.757
1,20251119,40,0.715
1,20251119,41,0.602
1,20251119,42,0.456
1,20251119,43,0.315
1,20251119,44,0.205
1,20251119,45,0.132
1,20251119,46,0.091
1,20251119,47,0.071
1,20251119,48,0.063
1,20251120,1,0.04
1,20251120,2,0.04
1,20251120,3,0.04
1,20251120,4,0.04
1,20251120,5,0.04
1,20251120,6,0.04
1,20251120,7,0.04
1,20251120,8,0.041
1,20251120,9,0.045
1,20251120,10,0.056
1,20251120,11,0.079
1,20251120,12,0.124
1,20251120,13,0.19
1,20251120,14,0.268
1,20251120,15,0.333
1,20251120,16,0.358
1,20251120,17,0.333
1,20251120,18,0.268
1,20251120,19,0.19
1,20251120,20,0.124
1,20251120,21,0.079
1,20251120,22,0.056
1,20251120,23,0.045
1,20251120,24,0.041
1,20251120,25,0.04
1,20251120,26,0.04
1,20251120,27,0.04
1,20251120,28,0.04
1,20251120,29,0.041
1,20251120,30,0.043
1,20251120,31,0.049
1,20251120,32,0.062
1,20251120,33,0.09
1,20251120,34,0.14
1,20251120,35,0.216
1,20251120,36,0.312
1,20251120,37,0.412
1,20251120,38,0.489
1,20251120,39,0.518
1,20251120,40,0.489
1,20251120,41,0.412
1,20251120,42,0.312
1,20251120,43,0.216
1,20251120,44,0.14
1,20251120,45,0.09
1,20251120,46,0.062
1,20251120,47,0.049
1,20251120,48,0.043
1,20251121,1,0.043
1,20251121,2,0.043
1,20251121,3,0.043
1,20251121,4,0.043
1,20251121,5,0.043
1,20251121,6,0.044
1,20251121,7,0.044
1,20251121,8,0.045
1,20251121,9,0.049
1,20251121,10,0.061
1,20251121,11,0.087
1,20251121,12,0.135
1,20251121,13,0.208
1,20251121,14,0.293
1,20251121,15,0.363
1,20251121,16,0.391
1,20251121,17,0.363
1,20251121,18,0.293
1,20251121,19,0.208
1,20251121,20,0.135
1,20251121,21,0.087
1,20251121,22,0.061
1,20251121,23,0.049
1,20251121,24,0.045
1,20251121,25,0.044
1,20251121,26,0.044
1,20251121,27,0.044
1,20251121,28,0.044
1,20251121,29,0.044
1,20251121,30,0.047
1,20251121,31,0.053
1,20251121,32,0.068
1,20251121,33,0.098
1,20251121,34,0.153
1,20251121,35,0.235
1,20251121,36,0.341
1,20251121,37,0.45
1,20251121,38,0.533
1,20251121,39,0.565
1,20251121,40,0.533
1,20251121,41,0.45
1,20251121,42,0.341
1,20251121,43,0.235
1,20251121,44,0.153
1,20251121,45,0.098
1,20251121,46,0.068
1,20251121,47,0.053
1,20251121,48,0.047
1,20251122,1,0.035
1,20251122,2,0.035
1,20251122,3,0.035
1,20251122,4,0.035
1,20251122,5,0.035
1,20251122,6,0.035
1,20251122,7,0.036
1,20251122,8,0.037
1,20251122,9,0.04
1,20251122,10,0.049
1,20251122,11,0.071
1,20251122,12,0.11
1,20251122,13,0.169
1,20251122,14,0.238
1,20251122,15,0.296
1,20251122,16,0.318
1,20251122,17,0.296
1,20251122,18,0.238
1,20251122,19,0.169
1,20251122,20,0.11
1,20251122,21,0.071
1,20251122,22,0.049
1,20251122,23,0.04
1,20251122,24,0.037
1,20251122,25,0.036
1,20251122,26,0.035
1,20251122,27,0.035
1,20251122,28,0.036
1,20251122,29,0.036
1,20251122,30,0.038
1,20251122,31,0.043
1,20251122,32,0.055
1,20251122,33,0.08
1,20251122,34,0.124
1,20251122,35,0.192
1,20251122,36,0.277
1,20251122,37,0.366
1,20251122,38,0.434
1,20251122,39,0.46
1,20251122,40,0.434
1,20251122,41,0.366
1,20251122,42,0.277
1,20251122,43,0.192
1,20251122,44,0.124
1,20251122,45,0.08
1,20251122,46,0.055
1,20251122,47,0.043
1,20251122,48,0.038
1,20251123,1,0.052
1,20251123,2,0.052
1,20251123,3,0.052
1,20251123,4,0.052
1,20251123,5,0.052
1,20251123,6,0.052
1,20251123,7,0.052
1,20251123,8,0.054
1,20251123,9,0.059
1,20251123,10,0.073
1,20251123,11,0.104
1,20251123,12,0.161
1,20251123,13,0.248
1,20251123,14,0.35
1,20251123,15,0.434
1,20251123,16,0.467
1,20251123,17,0.434
1,20251123,18,0.35
1,20251123,19,0.248
1,20251123,20,0.161
1,20251123,21,0.104
1,20251123,22,0.073
1,20251123,23,0.059
1,20251123,24,0.054
1,20251123,25,0.052
1,20251123,26,0.052
1,20251123,27,0.052
1,20251123,28,0.052
1,20251123,29,0.053
1,20251123,30,0.056
1,20251123,31,0.063
1,20251123,32,0.081
1,20251123,33,0.118
1,20251123,34,0.183
1,20251123,35,0.281
1,20251123,36,0.407
1,20251123,37,0.537
1,20251123,38,0.637
1,20251123,39,0.675
1,20251123,40,0.637
1,20251123,41,0.537
1,20251123,42,0.407
1,20251123,43,0.281
1,20251123,44,0.183
1,20251123,45,0.118
1,20251123,46,0.081
1,20251123,47,0.063
1,20251123,48,0.056
1,20251124,1,0.063
1,20251124,2,0.063
1,20251124,3,0.063
1,20251124,4,0.063
1,20251124,5,0.063
1,20251124,6,0.063
1,20251124,7,0.064
1,20251124,8,0.066
1,20251124,9,0.072
1,20251124,10,0.088
1,20251124,11,0.126
1,20251124,12,0.197
1,20251124,13,0.302
1,20251124,14,0.426
1,20251124,15,0.529
1,20251124,16,0.569
1,20251124,17,0.529
1,20251124,18,0.426
1,20251124,19,0.302
1,20251124,20,0.197
1,20251124,21,0.126
1,20251124,22,0.088
1,20251124,23,0.072
1,20251124,24,0.066
1,20251124,25,0.064
1,20251124,26,0.063
1,20251124,27,0.063
1,20251124,28,0.064
1,20251124,29,0.065
1,20251124,30,0.068
1,20251124,31,0.077
1,20251124,32,0.099
1,20251124,33,0.143
1,20251124,34,0.222
1,20251124,35,0.343
1,20251124,36,0.496
1,20251124,37,0.655
1,20251124,38,0.776
1,20251124,39,0.822
1,20251124,40,0.776
1,20251124,41,0.655
1,20251124,42,0.496
1,20251124,43,0.343
1,20251124,44,0.222
1,20251124,45,0.143
1,20251124,46,0.099
1,20251124,47,0.077
1,20251124,48,0.068
1,20251125,1,0.051
1,20251125,2,0.051
1,20251125,3,0.051
1,20251125,4,0.051
1,20251125,5,0.051
1,20251125,6,0.051
1,20251125,7,0.052
1,20251125,8,0.053
1,20251125,9,0.058
1,20251125,10,0.072
1,20251125,11,0.103
1,20251125,12,0.16
1,20251125,13,0.246
1,20251125,14,0.346
1,20251125,15,0.43
1,20251125,16,0.462
1,20251125,17,0.43
1,20251125,18,0.346
1,20251125,19,0.246
1,20251125,20,0.16
1,20251125,21,0.103
1,20251125,22,0.072
1,20251125,23,0.058
1,20251125,24,0.053
1,20251125,25,0.052
1,20251125,26,0.051
1,20251125,27,0.051
1,20251125,28,0.052
1,20251125,29,0.053
1,20251125,30,0.055
1,20251125,31,0.063
1,20251125,32,0.08
1,20251125,33,0.116
1,20251125,34,0.181
1,20251125,35,0.278
1,20251125,36,0.403
1,20251125,37,0.532
1,20251125,38,0.631
1,20251125,39,0.668
1,20251125,40,0.631
1,20251125,41,0.532
1,20251125,42,0.403
1,20251125,43,0.278
1,20251125,44,0.181
1,20251125,45,0.116
1,20251125,46,0.08
1,20251125,47,0.063
1,20251125,48,0.055
1,20251126,1,0.059
1,20251126,2,0.059
1,20251126,3,0.059
1,20251126,4,0.059
1,20251126,5,0.059
1,20251126,6,0.06
1,20251126,7,0.06
1,20251126,8,0.062
1,20251126,9,0.067
1,20251126,10,0.083
1,20251126,11,0.119
1,20251126,12,0.185
1,20251126,13,0.284
1,20251126,14,0.4
1,20251126,15,0.497
1,20251126,16,0.535
1,20251126,17,0.497
1,20251126,18,0.4
1,20251126,19,0.284
1,20251126,20,0.185
1,20251126,21,0.119
1,20251126,22,0.083
1,20251126,23,0.067
1,20251126,24,0.062
1,20251126,25,0.06
1,20251126,26,0.06
1,20251126,27,0.06
1,20251126,28,0.06
1,20251126,29,0.061
1,20251126,30,0.064
1,20251126,31,0.072
1,20251126,32,0.093
1,20251126,33,0.135
1,20251126,34,0.209
1,20251126,35,0.322
1,20251126,36,0.466
1,20251126,37,0.615
1,20251126,38,0.729
1,20251126,39,0.773
1,20251126,40,0.729
1,20251126,41,0.615
1,20251126,42,0.466
1,20251126,43,0.322
1,20251126,44,0.209
1,20251126,45,0.135
1,20251126,46,0.093
1,20251126,47,0.072
1,20251126,48,0.064
1,20251127,1,0.058
1,20251127,2,0.058
1,20251127,3,0.058
1,20251127,4,0.058
1,20251127,5,0.058
1,20251127,6,0.058
1,20251127,7,0.059
1,20251127,8,0.06
1,20251127,9,0.066
1,20251127,10,0.081
1,20251127,11,0.116
1,20251127,12,0.18
1,20251127,13,0.277
1,20251127,14,0.39
1,20251127,15,0.485
1,20251127,16,0.522
1,20251127,17,0.485
1,20251127,18,0.39
1,20251127,19,0.277
1,20251127,20,0.18
1,20251127,21,0.116
1,20251127,22,0.081
1,20251127,23,0.066
1,20251127,24,0.06
1,20251127,25,0.059
1,20251127,26,0.058
1,20251127,27,0.058
1,20251127,28,0.058
1,20251127,29,0.059
1,20251127,30,0.062
1,20251127,31,0.071
1,20251127,32,0.091
1,20251127,33,0.131
1,20251127,34,0.204
1,20251127,35,0.314
1,20251127,36,0.454
1,20251127,37,0.6
1,20251127,38,0.712
1,20251127,39,0.754
1,20251127,40,0.712
1,20251127,41,0.6
1,20251127,42,0.454
1,20251127,43,0.314
1,20251127,44,0.204
1,20251127,45,0.131
1,20251127,46,0.091
1,20251127,47,0.071
1,20251127,48,0.062
1,20251128,1,0.054
1,20251128,2,0.054
1,20251128,3,0.054
1,20251128,4,0.054
1,20251128,5,0.054
1,20251128,6,0.054
1,20251128,7,0.054
1,20251128,8,0.056
1,20251128,9,0.061
1,20251128,10,0.075
1,20251128,11,0.107
1,20251128,12,0.167
1,20251128,13,0.257
1,20251128,14,0.363
1,20251128,15,0.45
1,20251128,16,0.485
1,20251128,17,0.45
1,20251128,18,0.363
1,20251128,19,0.257
1,20251128,20,0.167
1,20251128,21,0.107
1,20251128,22,0.075
1,20251128,23,0.061
1,20251128,24,0.056
1,20251128,25,0.054
1,20251128,26,0.054
1,20251128,27,0.054
1,20251128,28,0.054
1,20251128,29,0.055
1,20251128,30,0.058
1,20251128,31,0.066
1,20251128,32,0.084
1,20251128,33,0.122
1,20251128,34,0.189
1,20251128,35,0.292
1,20251128,36,0.422
1,20251128,37,0.557
1,20251128,38,0.661
1,20251128,39,0.7
1,20251128,40,0.661
1,20251128,41,0.557
1,20251128,42,0.422
1,20251128,43,0.292
1,20251128,44,0.189
1,20251128,45,0.122
1,20251128,46,0.084
1,20251128,47,0.066
1,20251128,48,0.058
1,20251129,1,0.055
1,20251129,2,0.055
1,20251129,3,0.055
1,20251129,4,0.055
1,20251129,5,0.055
1,20251129,6,0.055
1,20251129,7,0.056
1,20251129,8,0.057
1,20251129,9,0.062
1,20251129,10,0.077
1,20251129,11,0.11
1,20251129,12,0.171
1,20251129,13,0.263
1,20251129,14,0.371
1,20251129,15,0.46
1,20251129,16,0.496
1,20251129,17,0.46
1,20251129,18,0.371
1,20251129,19,0.263
1,20251129,20,0.171
1,20251129,21,0.11
1,20251129,22,0.077
1,20251129,23,0.062
1,20251129,24,0.057
1,20251129,25,0.056
1,20251129,26,0.055
1,20251129,27,0.055
1,20251129,28,0.055
1,20251129,29,0.056
1,20251129,30,0.059
1,20251129,31,0.067
1,20251129,32,0.086
1,20251129,33,0.125
1,20251129,34,0.194
1,20251129,35,0.298
1,20251129,36,0.432
1,20251129,37,0.57
1,20251129,38,0.676
1,20251129,39,0.716
1,20251129,40,0.676
1,20251129,41,0.57
1,20251129,42,0.432
1,20251129,43,0.298
1,20251129,44,0.194
1,20251129,45,0.125
1,20251129,46,0.086
1,20251129,47,0.067
1,20251129,48,0.059
1,20251130,1,0.038
1,20251130,2,0.038
1,20251130,3,0.038
1,20251130,4,0.038
1,20251130,5,0.038
1,20251130,6,0.038
1,20251130,7,0.038
1,20251130,8,0.039
1,20251130,9,0.043
1,20251130,10,0.052
1,20251130,11,0.075
1,20251130,12,0.117
1,20251130,13,0.179
1,20251130,14,0.253
1,20251130,15,0.314
1,20251130,16,0.338
1,20251130,17,0.314
1,20251130,18,0.253
1,20251130,19,0.179
1,20251130,20,0.117
1,20251130,21,0.075
1,20251130,22,0.052
1,20251130,23,0.043
1,20251130,24,0.039
1,20251130,25,0.038
1,20251130,26,0.038
1,20251130,27,0.038
1,20251130,28,0.038
1,20251130,29,0.038
1,20251130,30,0.04
1,20251130,31,0.046
1,20251130,32,0.059
1,20251130,33,0.085
1,20251130,34,0.132
1,20251130,35,0.203
1,20251130,36,0.294
1,20251130,37,0.388
1,20251130,38,0.46
1,20251130,39,0.488
1,20251130,40,0.46
1,20251130,41,0.388
1,20251130,42,0.294
1,20251130,43,0.203
1,20251130,44,0.132
1,20251130,45,0.085
1,20251130,46,0.059
1,20251130,47,0.046
1,20251130,48,0.04
2,20251101,1,0.0
2,20251101,2,0.0
2,20251101,3,0.0
2,20251101,4,0.0
2,20251101,5,0.0
2,20251101,6,0.0
2,20251101,7,0.0
2,20251101,8,0.0
2,20251101,9,0.0
2,20251101,10,0.0
2,20251101,11,0.0
2,20251101,12,0.0
2,20251101,13,0.0
2,20251101,14,0.091
2,20251101,15,0.18
2,20251101,16,0.266
2,20251101,17,0.348
2,20251101,18,0.424
2,20251101,19,0.492
2,20251101,20,0.552
2,20251101,21,0.603
2,20251101,22,0.643
2,20251101,23,0.672
2,20251101,24,0.69
2,20251101,25,0.696
2,20251101,26,0.69
2,20251101,27,0.672
2,20251101,28,0.643
2,20251101,29,0.603
2,20251101,30,0.552
2,20251101,31,0.492
2,20251101,32,0.424
2,20251101,33,0.348
2,20251101,34,0.266
2,20251101,35,0.18
2,20251101,36,0.091
2,20251101,37,0.0
2,20251101,38,0.0
2,20251101,39,0.0
2,20251101,40,0.0
2,20251101,41,0.0
2,20251101,42,0.0
2,20251101,43,0.0
2,20251101,44,0.0
2,20251101,45,0.0
2,20251101,46,0.0
2,20251101,47,0.0
2,20251101,48,0.0
2,20251102,1,0.0
2,20251102,2,0.0
2,20251102,3,0.0
2,20251102,4,0.0
2,20251102,5,0.0
2,20251102,6,0.0
2,20251102,7,0.0
2,20251102,8,0.0
2,20251102,9,0.0
2,20251102,10,0.0
2,20251102,11,0.0
2,20251102,12,0.0
2,20251102,13,0.0
2,20251102,14,0.064
2,20251102,15,0.126
2,20251102,16,0.187
2,20251102,17,0.244
2,20251102,18,0.297
2,20251102,19,0.345
2,20251102,20,0.387
2,20251102,21,0.423
2,20251102,22,0.451
2,20251102,23,0.472
2,20251102,24,0.484
2,20251102,25,0.488
2,20251102,26,0.484
2,20251102,27,0.472
2,20251102,28,0.451
2,20251102,29,0.423
2,20251102,30,0.387
2,20251102,31,0.345
2,20251102,32,0.297
2,20251102,33,0.244
2,20251102,34,0.187
2,20251102,35,0.126
2,20251102,36,0.064
2,20251102,37,0.0
2,20251102,38,0.0
2,20251102,39,0.0
2,20251102,40,0.0
2,20251102,41,0.0
2,20251102,42,0.0
2,20251102,43,0.0
2,20251102,44,0.0
2,20251102,45,0.0
2,20251102,46,0.0
2,20251102,47,0.0
2,20251102,48,0.0
2,20251103,1,0.0
2,20251103,2,0.0
2,20251103,3,0.0
2,20251103,4,0.0
2,20251103,5,0.0
2,20251103,6,0.0
2,20251103,7,0.0
2,20251103,8,0.0
2,20251103,9,0.0
2,20251103,10,0.0
2,20251103,11,0.0
2,20251103,12,0.0
2,20251103,13,0.0
2,20251103,14,0.076
2,20251103,15,0.151
2,20251103,16,0.223
2,20251103,17,0.292
2,20251103,18,0.355
2,20251103,19,0.413
2,20251103,20,0.463
2,20251103,21,0.506
2,20251103,22,0.539
2,20251103,23,0.564
2,20251103,24,0.579
2,20251103,25,0.584
2,20251103,26,0.579
2,20251103,27,0.564
2,20251103,28,0.539
2,20251103,29,0.506
2,20251103,30,0.463
2,20251103,31,0.413
2,20251103,32,0.355
2,20251103,33,0.292
2,20251103,34,0.223
2,20251103,35,0.151
2,20251103,36,0.076
2,20251103,37,0.0
2,20251103,38,0.0
2,20251103,39,0.0
2,20251103,40,0.0
2,20251103,41,0.0
2,20251103,42,0.0
2,20251103,43,0.0
2,20251103,44,0.0
2,20251103,45,0.0
2,20251103,46,0.0
2,20251103,47,0.0
2,20251103,48,0.0
2,20251104,1,0.0
2,20251104,2,0.0
2,20251104,3,0.0
2,20251104,4,0.0
2,20251104,5,0.0
2,20251104,6,0.0
2,20251104,7,0.0
2,20251104,8,0.0
2,20251104,9,0.0
2,20251104,10,0.0
2,20251104,11,0.0
2,20251104,12,0.0
2,20251104,13,0.0
2,20251104,14,0.098
2,20251104,15,0.193
2,20251104,16,0.286
2,20251104,17,0.374
2,20251104,18,0.455
2,20251104,19,0.528
2,20251104,20,0.593
2,20251104,21,0.647
2,20251104,22,0.69
2,20251104,23,0.722
2,20251104,24,0.741
2,20251104,25,0.747
2,20251104,26,0.741
2,20251104,27,0.722
2,20251104,28,0.69
2,20251104,29,0.647
2,20251104,30,0.593
2,20251104,31,0.528
2,20251104,32,0.455
2,20251104,33,0.374
2,20251104,34,0.286
2,20251104,35,0.193
2,20251104,36,0.098
2,20251104,37,0.0
2,20251104,38,0.0
2,20251104,39,0.0
2,20251104,40,0.0
2,20251104,41,0.0
2,20251104,42,0.0
2,20251104,43,0.0
2,20251104,44,0.0
2,20251104,45,0.0
2,20251104,46,0.0
2,20251104,47,0.0
2,20251104,48,0.0
2,20251105,1,0.0
2,20251105,2,0.0
2,20251105,3,0.0
2,20251105,4,0.0
2,20251105,5,0.0
2,20251105,6,0.0
2,20251105,7,0.0
2,20251105,8,0.0
2,20251105,9,0.0
2,20251105,10,0.0
2,20251105,11,0.0
2,20251105,12,0.0
2,20251105,13,0.0
2,20251105,14,0.095
2,20251105,15,0.189
2,20251105,16,0.28
2,20251105,17,0.365
2,20251105,18,0.445
2,20251105,19,0.516
2,20251105,20,0.579
2,20251105,21,0.633
2,20251105,22,0.675
2,20251105,23,0.706
2,20251105,24,0.724
2,20251105,25,0.73
2,20251105,26,0.724
2,20251105,27,0.706
2,20251105,28,0.675
2,20251105,29,0.633
2,20251105,30,0.579
2,20251105,31,0.516
2,20251105,32,0.445
2,20251105,33,0.365
2,20251105,34,0.28
2,20251105,35,0.189
2,20251105,36,0.095
2,20251105,37,0.0
2,20251105,38,0.0
2,20251105,39,0.0
2,20251105,40,0.0
2,20251105,41,0.0
2,20251105,42,0.0
2,20251105,43,0.0
2,20251105,44,0.0
2,20251105,45,0.0
2,20251105,46,0.0
2,20251105,47,0.0
2,20251105,48,0.0
2,20251106,1,0.0
2,20251106,2,0.0
2,20251106,3,0.0
2,20251106,4,0.0
2,20251106,5,0.0
2,20251106,6,0.0
2,20251106,7,0.0
2,20251106,8,0.0
2,20251106,9,0.0
2,20251106,10,0.0
2,20251106,11,0.0
2,20251106,12,0.0
2,20251106,13,0.0
2,20251106,14,0.086
2,20251106,15,0.172
2,20251106,16,0.254
2,20251106,17,0.331
2,20251106,18,0.403
2,20251106,19,0.469
2,20251106,20,0.526
2,20251106,21,0.574
2,20251106,22,0.612
2,20251106,23,0.64
2,20251106,24,0.657
2,20251106,25,0.663
2,20251106,26,0.657
2,20251106,27,0.64
2,20251106,28,0.612
2,20251106,29,0.574
2,20251106,30,0.526
2,20251106,31,0.469
2,20251106,32,0.403
2,20251106,33,0.331
2,20251106,34,0.254
2,20251106,35,0.172
2,20251106,36,0.086
2,20251106,37,0.0
2,20251106,38,0.0
2,20251106,39,0.0
2,20251106,40,0.0
2,20251106,41,0.0
2,20251106,42,0.0
2,20251106,43,0.0
2,20251106,44,0.0
2,20251106,45,0.0
2,20251106,46,0.0
2,20251106,47,0.0
2,20251106,48,0.0
2,20251107,1,0.0
2,20251107,2,0.0
2,20251107,3,0.0
2,20251107,4,0.0
2,20251107,5,0.0
2,20251107,6,0.0
2,20251107,7,0.0
2,20251107,8,0.0
2,20251107,9,0.0
2,20251107,10,0.0
2,20251107,11,0.0
2,20251107,12,0.0
2,20251107,13,0.0
2,20251107,14,0.115
2,20251107,15,0.227
2,20251107,16,0.336
2,20251107,17,0.439
2,20251107,18,0.535
2,20251107,19,0.621
2,20251107,20,0.697
2,20251107,21,0.76
2,20251107,22,0.811
2,20251107,23,0.848
2,20251107,24,0.871
2,20251107,25,0.878
2,20251107,26,0.871
2,20251107,27,0.848
2,20251107,28,0.811
2,20251107,29,0.76
2,20251107,30,0.697
2,20251107,31,0.621
2,20251107,32,0.535
2,20251107,33,0.439
2,20251107,34,0.336
2,20251107,35,0.227
2,20251107,36,0.115
2,20251107,37,0.0
2,20251107,38,0.0
2,20251107,39,0.0
2,20251107,40,0.0
2,20251107,41,0.0
2,20251107,42,0.0
2,20251107,43,0.0
2,20251107,44,0.0
2,20251107,45,0.0
2,20251107,46,0.0
2,20251107,47,0.0
2,20251107,48,0.0
2,20251108,1,0.0
2,20251108,2,0.0
2,20251108,3,0.0
2,20251108,4,0.0
2,20251108,5,0.0
2,20251108,6,0.0
2,20251108,7,0.0
2,20251108,8,0.0
2,20251108,9,0.0
2,20251108,10,0.0
2,20251108,11,0.0
2,20251108,12,0.0
2,20251108,13,0.0
2,20251108,14,0.047
2,20251108,15,0.093
2,20251108,16,0.138
2,20251108,17,0.18
2,20251108,18,0.22
2,20251108,19,0.255
2,20251108,20,0.286
2,20251108,21,0.312
2,20251108,22,0.333
2,20251108,23,0.348
2,20251108,24,0.358
2,20251108,25,0.361
2,20251108,26,0.358
2,20251108,27,0.348
2,20251108,28,0.333
2,20251108,29,0.312
2,20251108,30,0.286
2,20251108,31,0.255
2,20251108,32,0.22
2,20251108,33,0.18
2,20251108,34,0.138
2,20251108,35,0.093
2,20251108,36,0.047
2,20251108,37,0.0
2,20251108,38,0.0
2,20251108,39,0.0
2,20251108,40,0.0
2,20251108,41,0.0
2,20251108,42,0.0
2,20251108,43,0.0
2,20251108,44,0.0
2,20251108,45,0.0
2,20251108,46,0.0
2,20251108,47,0.0
2,20251108,48,0.0
2,20251109,1,0.0
2,20251109,2,0.0
2,20251109,3,0.0
2,20251109,4,0.0
2,20251109,5,0.0
2,20251109,6,0.0
2,20251109,7,0.0
2,20251109,8,0.0
2,20251109,9,0.0
2,20251109,10,0.0
2,20251109,11,0.0
2,20251109,12,0.0
2,20251109,13,0.0
2,20251109,14,0.085
2,20251109,15,0.169
2,20251109,16,0.249
2,20251109,17,0.326
2,20251109,18,0.397
2,20251109,19,0.461
2,20251109,20,0.517
2,20251109,21,0.564
2,20251109,22,0.602
2,20251109,23,0.629
2,20251109,24,0.646
2,20251109,25,0.652
2,20251109,26,0.646
2,20251109,27,0.629
2,20251109,28,0.602
2,20251109,29,0.564
2,20251109,30,0.517
2,20251109,31,0.461
2,20251109,32,0.397
2,20251109,33,0.326
2,20251109,34,0.249
2,20251109,35,0.169
2,20251109,36,0.085
2,20251109,37,0.0
2,20251109,38,0.0
2,20251109,39,0.0
2,20251109,40,0.0
2,20251109,41,0.0
2,20251109,42,0.0
2,20251109,43,0.0
2,20251109,44,0.0
2,20251109,45,0.0
2,20251109,46,0.0
2,20251109,47,0.0
2,20251109,48,0.0
2,20251110,1,0.0
2,20251110,2,0.0
2,20251110,3,0.0
2,20251110,4,0.0
2,20251110,5,0.0
2,20251110,6,0.0
2,20251110,7,0.0
2,20251110,8,0.0
2,20251110,9,0.0
2,20251110,10,0.0
2,20251110,11,0.0
2,20251110,12,0.0
2,20251110,13,0.0
2,20251110,14,0.101
2,20251110,15,0.2
2,20251110,16,0.296
2,20251110,17,0.387
2,20251110,18,0.471
2,20251110,19,0.547
2,20251110,20,0.614
2,20251110,21,0.67
2,20251110,22,0.715
2,20251110,23,0.748
2,20251110,24,0.767
2,20251110,25,0.774
2,20251110,26,0.767
2,20251110,27,0.748
2,20251110,28,0.715
2,20251110,29,0.67
2,20251110,30,0.614
2,20251110,31,0.547
2,20251110,32,0.471
2,20251110,33,0.387
2,20251110,34,0.296
2,20251110,35,0.2
2,20251110,36,0.101
2,20251110,37,0.0
2,20251110,38,0.0
2,20251110,39,0.0
2,20251110,40,0.0
2,20251110,41,0.0
2,20251110,42,0.0
2,20251110,43,0.0
2,20251110,44,0.0
2,20251110,45,0.0
2,20251110,46,0.0
2,20251110,47,0.0
2,20251110,48,0.0
2,20251111,1,0.0
2,20251111,2,0.0
2,20251111,3,0.0
2,20251111,4,0.0
2,20251111,5,0.0
2,20251111,6,0.0
2,20251111,7,0.0
2,20251111,8,0.0
2,20251111,9,0.0
2,20251111,10,0.0
2,20251111,11,0.0
2,20251111,12,0.0
2,20251111,13,0.0
2,20251111,14,0.083
2,20251111,15,0.164
2,20251111,16,0.242
2,20251111,17,0.316
2,20251111,18,0.385
2,20251111,19,0.447
2,20251111,20,0.502
2,20251111,21,0.548
2,20251111,22,0.584
2,20251111,23,0.611
2,20251111,24,0.627
2,20251111,25,0.633
2,20251111,26,0.627
2,20251111,27,0.611
2,20251111,28,0.584
2,20251111,29,0.548
2,20251111,30,0.502
2,20251111,31,0.447
2,20251111,32,0.385
2,20251111,33,0.316
2,20251111,34,0.242
2,20251111,35,0.164
2,20251111,36,0.083
2,20251111,37,0.0
2,20251111,38,0.0
2,20251111,39,0.0
2,20251111,40,0.0
2,20251111,41,0.0
2,20251111,42,0.0
2,20251111,43,0.0
2,20251111,44,0.0
2,20251111,45,0.0
2,20251111,46,0.0
2,20251111,47,0.0
2,20251111,48,0.0
2,20251112,1,0.0
2,20251112,2,0.0
2,20251112,3,0.0
2,20251112,4,0.0
2,20251112,5,0.0
2,20251112,6,0.0
2,20251112,7,0.0
2,20251112,8,0.0
2,20251112,9,0.0
2,20251112,10,0.0
2,20251112,11,0.0
2,20251112,12,0.0
2,20251112,13,0.0
2,20251112,14,0.068
2,20251112,15,0.134
2,20251112,16,0.199
2,20251112,17,0.26
2,20251112,18,0.316
2,20251112,19,0.367
2,20251112,20,0.412
2,20251112,21,0.45
2,20251112,22,0.48
2,20251112,23,0.501
2,20251112,24,0.515
2,20251112,25,0.519
2,20251112,26,0.515
2,20251112,27,0.501
2,20251112,28,0.48
2,20251112,29,0.45
2,20251112,30,0.412
2,20251112,31,0.367
2,20251112,32,0.316
2,20251112,33,0.26
2,20251112,34,0.199
2,20251112,35,0.134
2,20251112,36,0.068
2,20251112,37,0.0
2,20251112,38,0.0
2,20251112,39,0.0
2,20251112,40,0.0
2,20251112,41,0.0
2,20251112,42,0.0
2,20251112,43,0.0
2,20251112,44,0.0
2,20251112,45,0.0
2,20251112,46,0.0
2,20251112,47,0.0
2,20251112,48,0.0
2,20251113,1,0.0
2,20251113,2,0.0
2,20251113,3,0.0
2,20251113,4,0.0
2,20251113,5,0.0
2,20251113,6,0.0
2,20251113,7,0.0
2,20251113,8,0.0
2,20251113,9,0.0
2,20251113,10,0.0
2,20251113,11,0.0
2,20251113,12,0.0
2,20251113,13,0.0
2,20251113,14,0.049
2,20251113,15,0.096
2,20251113,16,0.142
2,20251113,17,0.186
2,20251113,18,0.227
2,20251113,19,0.263
2,20251113,20,0.295
2,20251113,21,0.322
2,20251113,22,0.344
2,20251113,23,0.36
2,20251113,24,0.369
2,20251113,25,0.372
2,20251113,26,0.369
2,20251113,27,0.36
2,20251113,28,0.344
2,20251113,29,0.322
2,20251113,30,0.295
2,20251113,31,0.263
2,20251113,32,0.227
2,20251113,33,0.186
2,20251113,34,0.142
2,20251113,35,0.096
2,20251113,36,0.049
2,20251113,37,0.0
2,20251113,38,0.0
2,20251113,39,0.0
2,20251113,40,0.0
2,20251113,41,0.0
2,20251113,42,0.0
2,20251113,43,0.0
2,20251113,44,0.0
2,20251113,45,0.0
2,20251113,46,0.0
2,20251113,47,0.0
2,20251113,48,0.0
2,20251114,1,0.0
2,20251114,2,0.0
2,20251114,3,0.0
2,20251114,4,0.0
2,20251114,5,0.0
2,20251114,6,0.0
2,20251114,7,0.0
2,20251114,8,0.0
2,20251114,9,0.0
2,20251114,10,0.0
2,20251114,11,0.0
2,20251114,12,0.0
2,20251114,13,0.0
2,20251114,14,0.084
2,20251114,15,0.166
2,20251114,16,0.245
2,20251114,17,0.32
2,20251114,18,0.39
2,20251114,19,0.453
2,20251114,20,0.508
2,20251114,21,0.555
2,20251114,22,0.592
2,20251114,23,0.619
2,20251114,24,0.635
2,20251114,25,0.641
2,20251114,26,0.635
2,20251114,27,0.619
2,20251114,28,0.592
2,20251114,29,0.555
2,20251114,30,0.508
2,20251114,31,0.453
2,20251114,32,0.39
2,20251114,33,0.32
2,20251114,34,0.245
2,20251114,35,0.166
2,20251114,36,0.084
2,20251114,37,0.0
2,20251114,38,0.0
2,20251114,39,0.0
2,20251114,40,0.0
2,20251114,41,0.0
2,20251114,42,0.0
2,20251114,43,0.0
2,20251114,44,0.0
2,20251114,45,0.0
2,20251114,46,0.0
2,20251114,47,0.0
2,20251114,48,0.0
2,20251115,1,0.0
2,20251115,2,0.0
2,20251115,3,0.0
2,20251115,4,0.0
2,20251115,5,0.0
2,20251115,6,0.0
2,20251115,7,0.0
2,20251115,8,0.0
2,20251115,9,0.0
2,20251115,10,0.0
2,20251115,11,0.0
2,20251115,12,0.0
2,20251115,13,0.0
2,20251115,14,0.106
2,20251115,15,0.21
2,20251115,16,0.311
2,20251115,17,0.406
2,20251115,18,0.494
2,20251115,19,0.574
2,20251115,20,0.644
2,20251115,21,0.703
2,20251115,22,0.75
2,20251115,23,0.784
2,20251115,24,0.805
2,20251115,25,0.812
2,20251115,26,0.805
2,20251115,27,0.784
2,20251115,28,0.75
2,20251115,29,0.703
2,20251115,30,0.644
2,20251115,31,0.574
2,20251115,32,0.494
2,20251115,33,0.406
2,20251115,34,0.311
2,20251115,35,0.21
2,20251115,36,0.106
2,20251115,37,0.0
2,20251115,38,0.0
2,20251115,39,0.0
2,20251115,40,0.0
2,20251115,41,0.0
2,20251115,42,0.0
2,20251115,43,0.0
2,20251115,44,0.0
2,20251115,45,0.0
2,20251115,46,0.0
2,20251115,47,0.0
2,20251115,48,0.0
2,20251116,1,0.0
2,20251116,2,0.0
2,20251116,3,0.0
2,20251116,4,0.0
2,20251116,5,0.0
2,20251116,6,0.0
2,20251116,7,0.0
2,20251116,8,0.0
2,20251116,9,0.0
2,20251116,10,0.0
2,20251116,11,0.0
2,20251116,12,0.0
2,20251116,13,0.0
2,20251116,14,0.095
2,20251116,15,0.189
2,20251116,16,0.28
2,20251116,17,0.365
2,20251116,18,0.445
2,20251116,19,0.517
2,20251116,20,0.58
2,20251116,21,0.633
2,20251116,22,0.675
2,20251116,23,0.706
2,20251116,24,0.724
2,20251116,25,0.731
2,20251116,26,0.724
2,20251116,27,0.706
2,20251116,28,0.675
2,20251116,29,0.633
2,20251116,30,0.58
2,20251116,31,0.517
2,20251116,32,0.445
2,20251116,33,0.365
2,20251116,34,0.28
2,20251116,35,0.189
2,20251116,36,0.095
2,20251116,37,0.0
2,20251116,38,0.0
2,20251116,39,0.0
2,20251116,40,0.0
2,20251116,41,0.0
2,20251116,42,0.0
2,20251116,43,0.0
2,20251116,44,0.0
2,20251116,45,0.0
2,20251116,46,0.0
2,20251116,47,0.0
2,20251116,48,0.0
2,20251117,1,0.0
2,20251117,2,0.0
2,20251117,3,0.0
2,20251117,4,0.0
2,20251117,5,0.0
2,20251117,6,0.0
2,20251117,7,0.0
2,20251117,8,0.0
2,20251117,9,0.0
2,20251117,10,0.0
2,20251117,11,0.0
2,20251117,12,0.0
2,20251117,13,0.0
2,20251117,14,0.061
2,20251117,15,0.12
2,20251117,16,0.178
2,20251117,17,0.233
2,20251117,18,0.283
2,20251117,19,0.329
2,20251117,20,0.369
2,20251117,21,0.403
2,20251117,22,0.43
2,20251117,23,0.449
2,20251117,24,0.461
2,20251117,25,0.465
2,20251117,26,0.461
2,20251117,27,0.449
2,20251117,28,0.43
2,20251117,29,0.403
2,20251117,30,0.369
2,20251117,31,0.329
2,20251117,32,0.283
2,20251117,33,0.233
2,20251117,34,0.178
2,20251117,35,0.12
2,20251117,36,0.061
2,20251117,37,0.0
2,20251117,38,0.0
2,20251117,39,0.0
2,20251117,40,0.0
2,20251117,41,0.0
2,20251117,42,0.0
2,20251117,43,0.0
2,20251117,44,0.0
2,20251117,45,0.0
2,20251117,46,0.0
2,20251117,47,0.0
2,20251117,48,0.0
2,20251118,1,0.0
2,20251118,2,0.0
2,20251118,3,0.0
2,20251118,4,0.0
2,20251118,5,0.0
2,20251118,6,0.0
2,20251118,7,0.0
2,20251118,8,0.0
2,20251118,9,0.0
2,20251118,10,0.0
2,20251118,11,0.0
2,20251118,12,0.0
2,20251118,13,0.0
2,20251118,14,0.091
2,20251118,15,0.181
2,20251118,16,0.267
2,20251118,17,0.349
2,20251118,18,0.425
2,20251118,19,0.493
2,20251118,20,0.554
2,20251118,21,0.604
2,20251118,22,0.645
2,20251118,23,0.674
2,20251118,24,0.692
2,20251118,25,0.698
2,20251118,26,0.692
2,20251118,27,0.674
2,20251118,28,0.645
2,20251118,29,0.604
2,20251118,30,0.554
2,20251118,31,0.493
2,20251118,32,0.425
2,20251118,33,0.349
2,20251118,34,0.267
2,20251118,35,0.181
2,20251118,36,0.091
2,20251118,37,0.0
2,20251118,38,0.0
2,20251118,39,0.0
2,20251118,40,0.0
2,20251118,41,0.0
2,20251118,42,0.0
2,20251118,43,0.0
2,20251118,44,0.0
2,20251118,45,0.0
2,20251118,46,0.0
2,20251118,47,0.0
2,20251118,48,0.0
2,20251119,1,0.0
2,20251119,2,0.0
2,20251119,3,0.0
2,20251119,4,0.0
2,20251119,5,0.0
2,20251119,6,0.0
2,20251119,7,0.0
2,20251119,8,0.0
2,20251119,9,0.0
2,20251119,10,0.0
2,20251119,11,0.0
2,20251119,12,0.0
2,20251119,13,0.0
2,20251119,14,0.075
2,20251119,15,0.149
2,20251119,16,0.221
2,20251119,17,0.289
2,20251119,18,0.351
2,20251119,19,0.408
2,20251119,20,0.458
2,20251119,21,0.5
2,20251119,22,0.533
2,20251119,23,0.557
2,20251119,24,0.572
2,20251119,25,0.577
2,20251119,26,0.572
2,20251119,27,0.557
2,20251119,28,0.533
2,20251119,29,0.5
2,20251119,30,0.458
2,20251119,31,0.408
2,20251119,32,0.351
2,20251119,33,0.289
2,20251119,34,0.221
2,20251119,35,0.149
2,20251119,36,0.075
2,20251119,37,0.0
2,20251119,38,0.0
2,20251119,39,0.0
2,20251119,40,0.0
2,20251119,41,0.0
2,20251119,42,0.0
2,20251119,43,0.0
2,20251119,44,0.0
2,20251119,45,0.0
2,20251119,46,0.0
2,20251119,47,0.0
2,20251119,48,0.0
2,20251120,1,0.0
2,20251120,2,0.0
2,20251120,3,0.0
2,20251120,4,0.0
2,20251120,5,0.0
2,20251120,6,0.0
2,20251120,7,0.0
2,20251120,8,0.0
2,20251120,9,0.0
2,20251120,10,0.0
2,20251120,11,0.0
2,20251120,12,0.0
2,20251120,13,0.0
2,20251120,14,0.11
2,20251120,15,0.218
2,20251120,16,0.323
2,20251120,17,0.422
2,20251120,18,0.513
2,20251120,19,0.596
2,20251120,20,0.669
2,20251120,21,0.73
2,20251120,22,0.779
2,20251120,23,0.814
2,20251120,24,0.836
2,20251120,25,0.843
2,20251120,26,0.836
2,20251120,27,0.814
2,20251120,28,0.779
2,20251120,29,0.73
2,20251120,30,0.669
2,20251120,31,0.596
2,20251120,32,0.513
2,20251120,33,0.422
2,20251120,34,0.323
2,20251120,35,0.218
2,20251120,36,0.11
2,20251120,37,0.0
2,20251120,38,0.0
2,20251120,39,0.0
2,20251120,40,0.0
2,20251120,41,0.0
2,20251120,42,0.0
2,20251120,43,0.0
2,20251120,44,0.0
2,20251120,45,0.0
2,20251120,46,0.0
2,20251120,47,0.0
2,20251120,48,0.0
2,20251121,1,0.0
2,20251121,2,0.0
2,20251121,3,0.0
2,20251121,4,0.0
2,20251121,5,0.0
2,20251121,6,0.0
2,20251121,7,0.0
2,20251121,8,0.0
2,20251121,9,0.0
2,20251121,10,0.0
2,20251121,11,0.0
2,20251121,12,0.0
2,20251121,13,0.0
2,20251121,14,0.1
2,20251121,15,0.198
2,20251121,16,0.293
2,20251121,17,0.382
2,20251121,18,0.465
2,20251121,19,0.541
2,20251121,20,0.607
2,20251121,21,0.662
2,20251121,22,0.706
2,20251121,23,0.739
2,20251121,24,0.758
2,20251121,25,0.765
2,20251121,26,0.758
2,20251121,27,0.739
2,20251121,28,0.706
2,20251121,29,0.662
2,20251121,30,0.607
2,20251121,31,0.541
2,20251121,32,0.465
2,20251121,33,0.382
2,20251121,34,0.293
2,20251121,35,0.198
2,20251121,36,0.1
2,20251121,37,0.0
2,20251121,38,0.0
2,20251121,39,0.0
2,20251121,40,0.0
2,20251121,41,0.0
2,20251121,42,0.0
2,20251121,43,0.0
2,20251121,44,0.0
2,20251121,45,0.0
2,20251121,46,0.0
2,20251121,47,0.0
2,20251121,48,0.0
2,20251122,1,0.0
2,20251122,2,0.0
2,20251122,3,0.0
2,20251122,4,0.0
2,20251122,5,0.0
2,20251122,6,0.0
2,20251122,7,0.0
2,20251122,8,0.0
2,20251122,9,0.0
2,20251122,10,0.0
2,20251122,11,0.0
2,20251122,12,0.0
2,20251122,13,0.0
2,20251122,14,0.1
2,20251122,15,0.197
2,20251122,16,0.292
2,20251122,17,0.381
2,20251122,18,0.464
2,20251122,19,0.539
2,20251122,20,0.605
2,20251122,21,0.661
2,20251122,22,0.705
2,20251122,23,0.737
2,20251122,24,0.756
2,20251122,25,0.763
2,20251122,26,0.756
2,20251122,27,0.737
2,20251122,28,0.705
2,20251122,29,0.661
2,20251122,30,0.605
2,20251122,31,0.539
2,20251122,32,0.464
2,20251122,33,0.381
2,20251122,34,0.292
2,20251122,35,0.197
2,20251122,36,0.1
2,20251122,37,0.0
2,20251122,38,0.0
2,20251122,39,0.0
2,20251122,40,0.0
2,20251122,41,0.0
2,20251122,42,0.0
2,20251122,43,0.0
2,20251122,44,0.0
2,20251122,45,0.0
2,20251122,46,0.0
2,20251122,47,0.0
2,20251122,48,0.0
2,20251123,1,0.0
2,20251123,2,0.0
2,20251123,3,0.0
2,20251123,4,0.0
2,20251123,5,0.0
2,20251123,6,0.0
2,20251123,7,0.0
2,20251123,8,0.0
2,20251123,9,0.0
2,20251123,10,0.0
2,20251123,11,0.0
2,20251123,12,0.0
2,20251123,13,0.0
2,20251123,14,0.109
2,20251123,15,0.217
2,20251123,16,0.32
2,20251123,17,0.419
2,20251123,18,0.51
2,20251123,19,0.592
2,20251123,20,0.664
2,20251123,21,0.725
2,20251123,22,0.774
2,20251123,23,0.809
2,20251123,24,0.83
2,20251123,25,0.837
2,20251123,26,0.83
2,20251123,27,0.809
2,20251123,28,0.774
2,20251123,29,0.725
2,20251123,30,0.664
2,20251123,31,0.592
2,20251123,32,0.51
2,20251123,33,0.419
2,20251123,34,0.32
2,20251123,35,0.217
2,20251123,36,0.109
2,20251123,37,0.0
2,20251123,38,0.0
2,20251123,39,0.0
2,20251123,40,0.0
2,20251123,41,0.0
2,20251123,42,0.0
2,20251123,43,0.0
2,20251123,44,0.0
2,20251123,45,0.0
2,20251123,46,0.0
2,20251123,47,0.0
2,20251123,48,0.0
2,20251124,1,0.0
2,20251124,2,0.0
2,20251124,3,0.0
2,20251124,4,0.0
2,20251124,5,0.0
2,20251124,6,0.0
2,20251124,7,0.0
2,20251124,8,0.0
2,20251124,9,0.0
2,20251124,10,0.0
2,20251124,11,0.0
2,20251124,12,0.0
2,20251124,13,0.0
2,20251124,14,0.06
2,20251124,15,0.118
2,20251124,16,0.175
2,20251124,17,0.229
2,20251124,18,0.279
2,20251124,19,0.324
2,20251124,20,0.363
2,20251124,21,0.396
2,20251124,22,0.423
2,20251124,23,0.442
2,20251124,24,0.454
2,20251124,25,0.458
2,20251124,26,0.454
2,20251124,27,0.442
2,20251124,28,0.423
2,20251124,29,0.396
2,20251124,30,0.363
2,20251124,31,0.324
2,20251124,32,0.279
2,20251124,33,0.229
2,20251124,34,0.175
2,20251124,35,0.118
2,20251124,36,0.06
2,20251124,37,0.0
2,20251124,38,0.0
2,20251124,39,0.0
2,20251124,40,0.0
2,20251124,41,0.0
2,20251124,42,0.0
2,20251124,43,0.0
2,20251124,44,0.0
2,20251124,45,0.0
2,20251124,46,0.0
2,20251124,47,0.0
2,20251124,48,0.0
2,20251125,1,0.0
2,20251125,2,0.0
2,20251125,3,0.0
2,20251125,4,0.0
2,20251125,5,0.0
2,20251125,6,0.0
2,20251125,7,0.0
2,20251125,8,0.0
2,20251125,9,0.0
2,20251125,10,0.0
2,20251125,11,0.0
2,20251125,12,0.0
2,20251125,13,0.0
2,20251125,14,0.06
2,20251125,15,0.12
2,20251125,16,0.177
2,20251125,17,0.231
2,20251125,18,0.281
2,20251125,19,0.327
2,20251125,20,0.367
2,20251125,21,0.4
2,20251125,22,0.427
2,20251125,23,0.447
2,20251125,24,0.458
2,20251125,25,0.462
2,20251125,26,0.458
2,20251125,27,0.447
2,20251125,28,0.427
2,20251125,29,0.4
2,20251125,30,0.367
2,20251125,31,0.327
2,20251125,32,0.281
2,20251125,33,0.231
2,20251125,34,0.177
2,20251125,35,0.12
2,20251125,36,0.06
2,20251125,37,0.0
2,20251125,38,0.0
2,20251125,39,0.0
2,20251125,40,0.0
2,20251125,41,0.0
2,20251125,42,0.0
2,20251125,43,0.0
2,20251125,44,0.0
2,20251125,45,0.0
2,20251125,46,0.0
2,20251125,47,0.0
2,20251125,48,0.0
2,20251126,1,0.0
2,20251126,2,0.0
2,20251126,3,0.0
2,20251126,4,0.0
2,20251126,5,0.0
2,20251126,6,0.0
2,20251126,7,0.0
2,20251126,8,0.0
2,20251126,9,0.0
2,20251126,10,0.0
2,20251126,11,0.0
2,20251126,12,0.0
2,20251126,13,0.0
2,20251126,14,0.073
2,20251126,15,0.144
2,20251126,16,0.213
2,20251126,17,0.278
2,20251126,18,0.339
2,20251126,19,0.394
2,20251126,20,0.442
2,20251126,21,0.482
2,20251126,22,0.514
2,20251126,23,0.538
2,20251126,24,0.552
2,20251126,25,0.557
2,20251126,26,0.552
2,20251126,27,0.538
2,20251126,28,0.514
2,20251126,29,0.482
2,20251126,30,0.442
2,20251126,31,0.394
2,20251126,32,0.339
2,20251126,33,0.278
2,20251126,34,0.213
2,20251126,35,0.144
2,20251126,36,0.073
2,20251126,37,0.0
2,20251126,38,0.0
2,20251126,39,0.0
2,20251126,40,0.0
2,20251126,41,0.0
2,20251126,42,0.0
2,20251126,43,0.0
2,20251126,44,0.0
2,20251126,45,0.0
2,20251126,46,0.0
2,20251126,47,0.0
2,20251126,48,0.0
2,20251127,1,0.0
2,20251127,2,0.0
2,20251127,3,0.0
2,20251127,4,0.0
2,20251127,5,0.0
2,20251127,6,0.0
2,20251127,7,0.0
2,20251127,8,0.0
2,20251127,9,0.0
2,20251127,10,0.0
2,20251127,11,0.0
2,20251127,12,0.0
2,20251127,13,0.0
2,20251127,14,0.072
2,20251127,15,0.143
2,20251127,16,0.211
2,20251127,17,0.276
2,20251127,18,0.336
2,20251127,19,0.391
2,20251127,20,0.438
2,20251127,21,0.479
2,20251127,22,0.511
2,20251127,23,0.534
2,20251127,24,0.548
2,20251127,25,0.553
2,20251127,26,0.548
2,20251127,27,0.534
2,20251127,28,0.511
2,20251127,29,0.479
2,20251127,30,0.438
2,20251127,31,0.391
2,20251127,32,0.336
2,20251127,33,0.276
2,20251127,34,0.211
2,20251127,35,0.143
2,20251127,36,0.072
2,20251127,37,0.0
2,20251127,38,0.0
2,20251127,39,0.0
2,20251127,40,0.0
2,20251127,41,0.0
2,20251127,42,0.0
2,20251127,43,0.0
2,20251127,44,0.0
2,20251127,45,0.0
2,20251127,46,0.0
2,20251127,47,0.0
2,20251127,48,0.0
2,20251128,1,0.0
2,20251128,2,0.0
2,20251128,3,0.0
2,20251128,4,0.0
2,20251128,5,0.0
2,20251128,6,0.0
2,20251128,7,0.0
2,20251128,8,0.0
2,20251128,9,0.0
2,20251128,10,0.0
2,20251128,11,0.0
2,20251128,12,0.0
2,20251128,13,0.0
2,20251128,14,0.082
2,20251128,15,0.164
2,20251128,16,0.242
2,20251128,17,0.316
2,20251128,18,0.385
2,20251128,19,0.447
2,20251128,20,0.501
2,20251128,21,0.547
2,20251128,22,0.584
2,20251128,23,0.61
2,20251128,24,0.626
2,20251128,25,0.632
2,20251128,26,0.626
2,20251128,27,0.61
2,20251128,28,0.584
2,20251128,29,0.547
2,20251128,30,0.501
2,20251128,31,0.447
2,20251128,32,0.385
2,20251128,33,0.316
2,20251128,34,0.242
2,20251128,35,0.164
2,20251128,36,0.082
2,20251128,37,0.0
2,20251128,38,0.0
2,20251128,39,0.0
2,20251128,40,0.0
2,20251128,41,0.0
2,20251128,42,0.0
2,20251128,43,0.0
2,20251128,44,0.0
2,20251128,45,0.0
2,20251128,46,0.0
2,20251128,47,0.0
2,20251128,48,0.0
2,20251129,1,0.0
2,20251129,2,0.0
2,20251129,3,0.0
2,20251129,4,0.0
2,20251129,5,0.0
2,20251129,6,0.0
2,20251129,7,0.0
2,20251129,8,0.0
2,20251129,9,0.0
2,20251129,10,0.0
2,20251129,11,0.0
2,20251129,12,0.0
2,20251129,13,0.0
2,20251129,14,0.107
2,20251129,15,0.212
2,20251129,16,0.313
2,20251129,17,0.409
2,20251129,18,0.498
2,20251129,19,0.579
2,20251129,20,0.65
2,20251129,21,0.709
2,20251129,22,0.757
2,20251129,23,0.791
2,20251129,24,0.812
2,20251129,25,0.819
2,20251129,26,0.812
2,20251129,27,0.791
2,20251129,28,0.757
2,20251129,29,0.709
2,20251129,30,0.65
2,20251129,31,0.579
2,20251129,32,0.498
2,20251129,33,0.409
2,20251129,34,0.313
2,20251129,35,0.212
2,20251129,36,0.107
2,20251129,37,0.0
2,20251129,38,0.0
2,20251129,39,0.0
2,20251129,40,0.0
2,20251129,41,0.0
2,20251129,42,0.0
2,20251129,43,0.0
2,20251129,44,0.0
2,20251129,45,0.0
2,20251129,46,0.0
2,20251129,47,0.0
2,20251129,48,0.0
2,20251130,1,0.0
2,20251130,2,0.0
2,20251130,3,0.0
2,20251130,4,0.0
2,20251130,5,0.0
2,20251130,6,0.0
2,20251130,7,0.0
2,20251130,8,0.0
2,20251130,9,0.0
2,20251130,10,0.0
2,20251130,11,0.0
2,20251130,12,0.0
2,20251130,13,0.0
2,20251130,14,0.062
2,20251130,15,0.123
2,20251130,16,0.183
2,20251130,17,0.239
2,20251130,18,0.29
2,20251130,19,0.337
2,20251130,20,0.379
2,20251130,21,0.413
2,20251130,22,0.441
2,20251130,23,0.461
2,20251130,24,0.473
2,20251130,25,0.477
2,20251130,26,0.473
2,20251130,27,0.461
2,20251130,28,0.441
2,20251130,29,0.413
2,20251130,30,0.379
2,20251130,31,0.337
2,20251130,32,0.29
2,20251130,33,0.239
2,20251130,34,0.183
2,20251130,35,0.123
2,20251130,36,0.062
2,20251130,37,0.0
2,20251130,38,0.0
2,20251130,39,0.0
2,20251130,40,0.0
2,20251130,41,0.0
2,20251130,42,0.0
2,20251130,43,0.0
2,20251130,44,0.0
2,20251130,45,0.0
2,20251130,46,0.0
2,20251130,47,0.0
2,20251130,48,0.0
3,20251101,1,0.058
3,20251101,2,0.058
3,20251101,3,0.058
3,20251101,4,0.058
3,20251101,5,0.058
3,20251101,6,0.058
3,20251101,7,0.059
3,20251101,8,0.061
3,20251101,9,0.066
3,20251101,10,0.082
3,20251101,11,0.116
3,20251101,12,0.181
3,20251101,13,0.279
3,20251101,14,0.393
3,20251101,15,0.487
3,20251101,16,0.525
3,20251101,17,0.487
3,20251101,18,0.393
3,20251101,19,0.279
3,20251101,20,0.181
3,20251101,21,0.116
3,20251101,22,0.082
3,20251101,23,0.066
3,20251101,24,0.061
3,20251101,25,0.059
3,20251101,26,0.058
3,20251101,27,0.058
3,20251101,28,0.059
3,20251101,29,0.06
3,20251101,30,0.063
3,20251101,31,0.071
3,20251101,32,0.091
3,20251101,33,0.132
3,20251101,34,0.205
3,20251101,35,0.316
3,20251101,36,0.457
3,20251101,37,0.603
3,20251101,38,0.716
3,20251101,39,0.758
3,20251101,40,0.716
3,20251101,41,0.603
3,20251101,42,0.457
3,20251101,43,0.316
3,20251101,44,0.205
3,20251101,45,0.132
3,20251101,46,0.091
3,20251101,47,0.071
3,20251101,48,0.063
3,20251102,1,0.039
3,20251102,2,0.039
3,20251102,3,0.039
3,20251102,4,0.039
3,20251102,5,0.039
3,20251102,6,0.039
3,20251102,7,0.04
3,20251102,8,0.041
3,20251102,9,0.044
3,20251102,10,0.055
3,20251102,11,0.078
3,20251102,12,0.122
3,20251102,13,0.187
3,20251102,14,0.264
3,20251102,15,0.327
3,20251102,16,0.352
3,20251102,17,0.327
3,20251102,18,0.264
3,20251102,19,0.187
3,20251102,20,0.122
3,20251102,21,0.078
3,20251102,22,0.055
3,20251102,23,0.044
3,20251102,24,0.041
3,20251102,25,0.04
3,20251102,26,0.039
3,20251102,27,0.039
3,20251102,28,0.039
3,20251102,29,0.04
3,20251102,30,0.042
3,20251102,31,0.048
3,20251102,32,0.061
3,20251102,33,0.089
3,20251102,34,0.138
3,20251102,35,0.212
3,20251102,36,0.307
3,20251102,37,0.405
3,20251102,38,0.48
3,20251102,39,0.509
3,20251102,40,0.48
3,20251102,41,0.405
3,20251102,42,0.307
3,20251102,43,0.212
3,20251102,44,0.138
3,20251102,45,0.089
3,20251102,46,0.061
3,20251102,47,0.048
3,20251102,48,0.042
3,20251103,1,0.039
3,20251103,2,0.039
3,20251103,3,0.039
3,20251103,4,0.039
3,20251103,5,0.039
3,20251103,6,0.039
3,20251103,7,0.039
3,20251103,8,0.04
3,20251103,9,0.044
3,20251103,10,0.054
3,20251103,11,0.077
3,20251103,12,0.12
3,20251103,13,0.184
3,20251103,14,0.259
3,20251103,15,0.322
3,20251103,16,0.347
3,20251103,17,0.322
3,20251103,18,0.259
3,20251103,19,0.184
3,20251103,20,0.12
3,20251103,21,0.077
3,20251103,22,0.054
3,20251103,23,0.044
3,20251103,24,0.04
3,20251103,25,0.039
3,20251103,26,0.039
3,20251103,27,0.039
3,20251103,28,0.039
3,20251103,29,0.039
3,20251103,30,0.041
3,20251103,31,0.047
3,20251103,32,0.06
3,20251103,33,0.087
3,20251103,34,0.135
3,20251103,35,0.209
3,20251103,36,0.302
3,20251103,37,0.399
3,20251103,38,0.473
3,20251103,39,0.501
3,20251103,40,0.473
3,20251103,41,0.399
3,20251103,42,0.302
3,20251103,43,0.209
3,20251103,44,0.135
3,20251103,45,0.087
3,20251103,46,0.06
3,20251103,47,0.047
3,20251103,48,0.041
3,20251104,1,0.038
3,20251104,2,0.038
3,20251104,3,0.038
3,20251104,4,0.038
3,20251104,5,0.038
3,20251104,6,0.038
3,20251104,7,0.039
3,20251104,8,0.04
3,20251104,9,0.043
3,20251104,10,0.054
3,20251104,11,0.076
3,20251104,12,0.119
3,20251104,13,0.183
3,20251104,14,0.258
3,20251104,15,0.32
3,20251104,16,0.345
3,20251104,17,0.32
3,20251104,18,0.258
3,20251104,19,0.183
3,20251104,20,0.119
3,20251104,21,0.076
3,20251104,22,0.054
3,20251104,23,0.043
3,20251104,24,0.04
3,20251104,25,0.039
3,20251104,26,0.038
3,20251104,27,0.038
3,20251104,28,0.039
3,20251104,29,0.039
3,20251104,30,0.041
3,20251104,31,0.047
3,20251104,32,0.06
3,20251104,33,0.087
3,20251104,34,0.135
3,20251104,35,0.207
3,20251104,36,0.3
3,20251104,37,0.396
3,20251104,38,0.47
3,20251104,39,0.498
3,20251104,40,0.47
3,20251104,41,0.396
3,20251104,42,0.3
3,20251104,43,0.207
3,20251104,44,0.135
3,20251104,45,0.087
3,20251104,46,0.06
3,20251104,47,0.047
3,20251104,48,0.041
3,20251105,1,0.046
3,20251105,2,0.046
3,20251105,3,0.046
3,20251105,4,0.046
3,20251105,5,0.046
3,20251105,6,0.046
3,20251105,7,0.046
3,20251105,8,0.047
3,20251105,9,0.052
3,20251105,10,0.064
3,20251105,11,0.091
3,20251105,12,0.142
3,20251105,13,0.218
3,20251105,14,0.307
3,20251105,15,0.382
3,20251105,16,0.411
3,20251105,17,0.382
3,20251105,18,0.307
3,20251105,19,0.218
3,20251105,20,0.142
3,20251105,21,0.091
3,20251105,22,0.064
3,20251105,23,0.052
3,20251105,24,0.047
3,20251105,25,0.046
3,20251105,26,0.046
3,20251105,27,0.046
3,20251105,28,0.046
3,20251105,29,0.047
3,20251105,30,0.049
3,20251105,31,0.056
3,20251105,32,0.071
3,20251105,33,0.103
3,20251105,34,0.16
3,20251105,35,0.247
3,20251105,36,0.358
3,20251105,37,0.472
3,20251105,38,0.56
3,20251105,39,0.593
3,20251105,40,0.56
3,20251105,41,0.472
3,20251105,42,0.358
3,20251105,43,0.247
3,20251105,44,0.16
3,20251105,45,0.103
3,20251105,46,0.071
3,20251105,47,0.056
3,20251105,48,0.049
3,20251106,1,0.065
3,20251106,2,0.065
3,20251106,3,0.065
3,20251106,4,0.065
3,20251106,5,0.065
3,20251106,6,0.065
3,20251106,7,0.065
3,20251106,8,0.067
3,20251106,9,0.073
3,20251106,10,0.09
3,20251106,11,0.129
3,20251106,12,0.201
3,20251106,13,0.309
3,20251106,14,0.435
3,20251106,15,0.54
3,20251106,16,0.581
3,20251106,17,0.54
3,20251106,18,0.435
3,20251106,19,0.309
3,20251106,20,0.201
3,20251106,21,0.129
3,20251106,22,0.09
3,20251106,23,0.073
3,20251106,24,0.067
3,20251106,25,0.065
3,20251106,26,0.065
3,20251106,27,0.065
3,20251106,28,0.065
3,20251106,29,0.066
3,20251106,30,0.07
3,20251106,31,0.079
3,20251106,32,0.101
3,20251106,33,0.146
3,20251106,34,0.227
3,20251106,35,0.35
3,20251106,36,0.506
3,20251106,37,0.668
3,20251106,38,0.793
3,20251106,39,0.84
3,20251106,40,0.793
3,20251106,41,0.668
3,20251106,42,0.506
3,20251106,43,0.35
3,20251106,44,0.227
3,20251106,45,0.146
3,20251106,46,0.101
3,20251106,47,0.079
3,20251106,48,0.07
3,20251107,1,0.054
3,20251107,2,0.054
3,20251107,3,0.054
3,20251107,4,0.054
3,20251107,5,0.054
3,20251107,6,0.054
3,20251107,7,0.055
3,20251107,8,0.056
3,20251107,9,0.062
3,20251107,10,0.076
3,20251107,11,0.108
3,20251107,12,0.169
3,20251107,13,0.26
3,20251107,14,0.366
3,20251107,15,0.454
3,20251107,16,0.489
3,20251107,17,0.454
3,20251107,18,0.366
3,20251107,19,0.26
3,20251107,20,0.169
3,20251107,21,0.108
3,20251107,22,0.076
3,20251107,23,0.062
3,20251107,24,0.056
3,20251107,25,0.055
3,20251107,26,0.054
3,20251107,27,0.054
3,20251107,28,0.055
3,20251107,29,0.056
3,20251107,30,0.058
3,20251107,31,0.066
3,20251107,32,0.085
3,20251107,33,0.123
3,20251107,34,0.191
3,20251107,35,0.294
3,20251107,36,0.426
3,20251107,37,0.562
3,20251107,38,0.667
3,20251107,39,0.706
3,20251107,40,0.667
3,20251107,41,0.562
3,20251107,42,0.426
3,20251107,43,0.294
3,20251107,44,0.191
3,20251107,45,0.123
3,20251107,46,0.085
3,20251107,47,0.066
3,20251107,48,0.058
3,20251108,1,0.061
3,20251108,2,0.061
3,20251108,3,0.061
3,20251108,4,0.061
3,20251108,5,0.061
3,20251108,6,0.061
3,20251108,7,0.062
3,20251108,8,0.064
3,20251108,9,0.07
3,20251108,10,0.086
3,20251108,11,0.122
3,20251108,12,0.19
3,20251108,13,0.293
3,20251108,14,0.412
3,20251108,15,0.512
3,20251108,16,0.551
3,20251108,17,0.512
3,20251108,18,0.412
3,20251108,19,0.293
3,20251108,20,0.19
3,20251108,21,0.122
3,20251108,22,0.086
3,20251108,23,0.07
3,20251108,24,0.064
3,20251108,25,0.062
3,20251108,26,0.061
3,20251108,27,0.061
3,20251108,28,0.062
3,20251108,29,0.063
3,20251108,30,0.066
3,20251108,31,0.075
3,20251108,32,0.096
3,20251108,33,0.139
3,20251108,34,0.215
3,20251108,35,0.332
3,20251108,36,0.48
3,20251108,37,0.634
3,20251108,38,0.752
3,20251108,39,0.797
3,20251108,40,0.752
3,20251108,41,0.634
3,20251108,42,0.48
3,20251108,43,0.332
3,20251108,44,0.215
3,20251108,45,0.139
3,20251108,46,0.096
3,20251108,47,0.075
3,20251108,48,0.066
3,20251109,1,0.065
3,20251109,2,0.065
3,20251109,3,0.065
3,20251109,4,0.065
3,20251109,5,0.065
3,20251109,6,0.065
3,20251109,7,0.066
3,20251109,8,0.067
3,20251109,9,0.074
3,20251109,10,0.091
3,20251109,11,0.13
3,20251109,12,0.202
3,20251109,13,0.311
3,20251109,14,0.437
3,20251109,15,0.543
3,20251109,16,0.585
3,20251109,17,0.543
3,20251109,18,0.437
3,20251109,19,0.311
3,20251109,20,0.202
3,20251109,21,0.13
3,20251109,22,0.091
3,20251109,23,0.074
3,20251109,24,0.067
3,20251109,25,0.066
3,20251109,26,0.065
3,20251109,27,0.065
3,20251109,28,0.065
3,20251109,29,0.066
3,20251109,30,0.07
3,20251109,31,0.079
3,20251109,32,0.101
3,20251109,33,0.147
3,20251109,34,0.228
3,20251109,35,0.352
3,20251109,36,0.509
3,20251109,37,0.672
3,20251109,38,0.798
3,20251109,39,0.845
3,20251109,40,0.798
3,20251109,41,0.672
3,20251109,42,0.509
3,20251109,43,0.352
3,20251109,44,0.228
3,20251109,45,0.147
3,20251109,46,0.101
3,20251109,47,0.079
3,20251109,48,0.07
3,20251110,1,0.035
3,20251110,2,0.035
3,20251110,3,0.035
3,20251110,4,0.035
3,20251110,5,0.035
3,20251110,6,0.035
3,20251110,7,0.036
3,20251110,8,0.037
3,20251110,9,0.04
3,20251110,10,0.049
3,20251110,11,0.07
3,20251110,12,0.11
3,20251110,13,0.169
3,20251110,14,0.238
3,20251110,15,0.295
3,20251110,16,0.318
3,20251110,17,0.295
3,20251110,18,0.238
3,20251110,19,0.169
3,20251110,20,0.11
3,20251110,21,0.07
3,20251110,22,0.049
3,20251110,23,0.04
3,20251110,24,0.037
3,20251110,25,0.036
3,20251110,26,0.035
3,20251110,27,0.035
3,20251110,28,0.036
3,20251110,29,0.036
3,20251110,30,0.038
3,20251110,31,0.043
3,20251110,32,0.055
3,20251110,33,0.08
3,20251110,34,0.124
3,20251110,35,0.191
3,20251110,36,0.277
3,20251110,37,0.365
3,20251110,38,0.433
3,20251110,39,0.459
3,20251110,40,0.433
3,20251110,41,0.365
3,20251110,42,0.277
3,20251110,43,0.191
3,20251110,44,0.124
3,20251110,45,0.08
3,20251110,46,0.055
3,20251110,47,0.043
3,20251110,48,0.038
3,20251111,1,0.058
3,20251111,2,0.058
3,20251111,3,0.058
3,20251111,4,0.058
3,20251111,5,0.058
3,20251111,6,0.058
3,20251111,7,0.058
3,20251111,8,0.06
3,20251111,9,0.065
3,20251111,10,0.081
3,20251111,11,0.115
3,20251111,12,0.179
3,20251111,13,0.276
3,20251111,14,0.388
3,20251111,15,0.482
3,20251111,16,0.519
3,20251111,17,0.482
3,20251111,18,0.388
3,20251111,19,0.276
3,20251111,20,0.179
3,20251111,21,0.115
3,20251111,22,0.081
3,20251111,23,0.065
3,20251111,24,0.06
3,20251111,25,0.058
3,20251111,26,0.058
3,20251111,27,0.058
3,20251111,28,0.058
3,20251111,29,0.059
3,20251111,30,0.062
3,20251111,31,0.07
3,20251111,32,0.09
3,20251111,33,0.131
3,20251111,34,0.203
3,20251111,35,0.312
3,20251111,36,0.452
3,20251111,37,0.597
3,20251111,38,0.708
3,20251111,39,0.75
3,20251111,40,0.708
3,20251111,41,0.597
3,20251111,42,0.452
3,20251111,43,0.312
3,20251111,44,0.203
3,20251111,45,0.131
3,20251111,46,0.09
3,20251111,47,0.07
3,20251111,48,0.062
3,20251112,1,0.062
3,20251112,2,0.062
3,20251112,3,0.062
3,20251112,4,0.062
3,20251112,5,0.062
3,20251112,6,0.062
3,20251112,7,0.062
3,20251112,8,0.064
3,20251112,9,0.07
3,20251112,10,0.086
3,20251112,11,0.123
3,20251112,12,0.192
3,20251112,13,0.295
3,20251112,14,0.415
3,20251112,15,0.515
3,20251112,16,0.555
3,20251112,17,0.515
3,20251112,18,0.415
3,20251112,19,0.295
3,20251112,20,0.192
3,20251112,21,0.123
3,20251112,22,0.086
3,20251112,23,0.07
3,20251112,24,0.064
3,20251112,25,0.062
3,20251112,26,0.062
3,20251112,27,0.062
3,20251112,28,0.062
3,20251112,29,0.063
3,20251112,30,0.066
3,20251112,31,0.075
3,20251112,32,0.096
3,20251112,33,0.14
3,20251112,34,0.217
3,20251112,35,0.334
3,20251112,36,0.483
3,20251112,37,0.638
3,20251112,38,0.757
3,20251112,39,0.801
3,20251112,40,0.757
3,20251112,41,0.638
3,20251112,42,0.483
3,20251112,43,0.334
3,20251112,44,0.217
3,20251112,45,0.14
3,20251112,46,0.096
3,20251112,47,0.075
3,20251112,48,0.066
3,20251113,1,0.051
3,20251113,2,0.051
3,20251113,3,0.051
3,20251113,4,0.051
3,20251113,5,0.051
3,20251113,6,0.051
3,20251113,7,0.051
3,20251113,8,0.053
3,20251113,9,0.057
3,20251113,10,0.071
3,20251113,11,0.101
3,20251113,12,0.157
3,20251113,13,0.242
3,20251113,14,0.341
3,20251113,15,0.424
3,20251113,16,0.456
3,20251113,17,0.424
3,20251113,18,0.341
3,20251113,19,0.242
3,20251113,20,0.157
3,20251113,21,0.101
3,20251113,22,0.071
3,20251113,23,0.057
3,20251113,24,0.053
3,20251113,25,0.051
3,20251113,26,0.051
3,20251113,27,0.051
3,20251113,28,0.051
3,20251113,29,0.052
3,20251113,30,0.055
3,20251113,31,0.062
3,20251113,32,0.079
3,20251113,33,0.115
3,20251113,34,0.178
3,20251113,35,0.274
3,20251113,36,0.397
3,20251113,37,0.524
3,20251113,38,0.622
3,20251113,39,0.659
3,20251113,40,0.622
3,20251113,41,0.524
3,20251113,42,0.397
3,20251113,43,0.274
3,20251113,44,0.178
3,20251113,45,0.115
3,20251113,46,0.079
3,20251113,47,0.062
3,20251113,48,0.055
3,20251114,1,0.062
3,20251114,2,0.062
3,20251114,3,0.062
3,20251114,4,0.062
3,20251114,5,0.062
3,20251114,6,0.062
3,20251114,7,0.063
3,20251114,8,0.065
3,20251114,9,0.071
3,20251114,10,0.087
3,20251114,11,0.124
3,20251114,12,0.194
3,20251114,13,0.298
3,20251114,14,0.42
3,20251114,15,0.521
3,20251114,16,0.561
3,20251114,17,0.521
3,20251114,18,0.42
3,20251114,19,0.298
3,20251114,20,0.194
3,20251114,21,0.124
3,20251114,22,0.087
3,20251114,23,0.071
3,20251114,24,0.065
3,20251114,25,0.063
3,20251114,26,0.062
3,20251114,27,0.062
3,20251114,28,0.063
3,20251114,29,0.064
3,20251114,30,0.067
3,20251114,31,0.076
3,20251114,32,0.097
3,20251114,33,0.141
3,20251114,34,0.219
3,20251114,35,0.337
3,20251114,36,0.488
3,20251114,37,0.645
3,20251114,38,0.765
3,20251114,39,0.81
3,20251114,40,0.765
3,20251114,41,0.645
3,20251114,42,0.488
3,20251114,43,0.337
3,20251114,44,0.219
3,20251114,45,0.141
3,20251114,46,0.097
3,20251114,47,0.076
3,20251114,48,0.067
3,20251115,1,0.038
3,20251115,2,0.038
3,20251115,3,0.038
3,20251115,4,0.038
3,20251115,5,0.038
3,20251115,6,0.038
3,20251115,7,0.039
3,20251115,8,0.04
3,20251115,9,0.044
3,20251115,10,0.054
3,20251115,11,0.077
3,20251115,12,0.119
3,20251115,13,0.183
3,20251115,14,0.258
3,20251115,15,0.321
3,20251115,16,0.345
3,20251115,17,0.321
3,20251115,18,0.258
3,20251115,19,0.183
3,20251115,20,0.119
3,20251115,21,0.077
3,20251115,22,0.054
3,20251115,23,0.044
3,20251115,24,0.04
3,20251115,25,0.039
3,20251115,26,0.038
3,20251115,27,0.038
3,20251115,28,0.039
3,20251115,29,0.039
3,20251115,30,0.041
3,20251115,31,0.047
3,20251115,32,0.06
3,20251115,33,0.087
3,20251115,34,0.135
3,20251115,35,0.208
3,20251115,36,0.301
3,20251115,37,0.397
3,20251115,38,0.471
3,20251115,39,0.499
3,20251115,40,0.471
3,20251115,41,0.397
3,20251115,42,0.301
3,20251115,43,0.208
3,20251115,44,0.135
3,20251115,45,0.087
3,20251115,46,0.06
3,20251115,47,0.047
3,20251115,48,0.041
3,20251116,1,0.057
3,20251116,2,0.057
3,20251116,3,0.057
3,20251116,4,0.057
3,20251116,5,0.057
3,20251116,6,0.057
3,20251116,7,0.058
3,20251116,8,0.059
3,20251116,9,0.065
3,20251116,10,0.08
3,20251116,11,0.114
3,20251116,12,0.178
3,20251116,13,0.274
3,20251116,14,0.386
3,20251116,15,0.479
3,20251116,16,0.515
3,20251116,17,0.479
3,20251116,18,0.386
3,20251116,19,0.274
3,20251116,20,0.178
3,20251116,21,0.114
3,20251116,22,0.08
3,20251116,23,0.065
3,20251116,24,0.059
3,20251116,25,0.058
3,20251116,26,0.057
3,20251116,27,0.057
3,20251116,28,0.058
3,20251116,29,0.059
3,20251116,30,0.062
3,20251116,31,0.07
3,20251116,32,0.089
3,20251116,33,0.13
3,20251116,34,0.201
3,20251116,35,0.31
3,20251116,36,0.449
3,20251116,37,0.593
3,20251116,38,0.703
3,20251116,39,0.745
3,20251116,40,0.703
3,20251116,41,0.593
3,20251116,42,0.449
3,20251116,43,0.31
3,20251116,44,0.201
3,20251116,45,0.13
3,20251116,46,0.089
3,20251116,47,0.07
3,20251116,48,0.062
3,20251117,1,0.041
3,20251117,2,0.041
3,20251117,3,0.041
3,20251117,4,0.041
3,20251117,5,0.041
3,20251117,6,0.041
3,20251117,7,0.041
3,20251117,8,0.042
3,20251117,9,0.046
3,20251117,10,0.057
3,20251117,11,0.081
3,20251117,12,0.126
3,20251117,13,0.194
3,20251117,14,0.274
3,20251117,15,0.34
3,20251117,16,0.366
3,20251117,17,0.34
3,20251117,18,0.274
3,20251117,19,0.194
3,20251117,20,0.126
3,20251117,21,0.081
3,20251117,22,0.057
3,20251117,23,0.046
3,20251117,24,0.042
3,20251117,25,0.041
3,20251117,26,0.041
3,20251117,27,0.041
3,20251117,28,0.041
3,20251117,29,0.042
3,20251117,30,0.044
3,20251117,31,0.05
3,20251117,32,0.064
3,20251117,33,0.092
3,20251117,34,0.143
3,20251117,35,0.22
3,20251117,36,0.319
3,20251117,37,0.421
3,20251117,38,0.499
3,20251117,39,0.529
3,20251117,40,0.499
3,20251117,41,0.421
3,20251117,42,0.319
3,20251117,43,0.22
3,20251117,44,0.143
3,20251117,45,0.092
3,20251117,46,0.064
3,20251117,47,0.05
3,20251117,48,0.044
3,20251118,1,0.049
3,20251118,2,0.049
3,20251118,3,0.049
3,20251118,4,0.049
3,20251118,5,0.049
3,20251118,6,0.049
3,20251118,7,0.049
3,20251118,8,0.051
3,20251118,9,0.055
3,20251118,10,0.068
3,20251118,11,0.097
3,20251118,12,0.152
3,20251118,13,0.233
3,20251118,14,0.328
3,20251118,15,0.408
3,20251118,16,0.439
3,20251118,17,0.408
3,20251118,18,0.328
3,20251118,19,0.233
3,20251118,20,0.152
3,20251118,21,0.097
3,20251118,22,0.068
3,20251118,23,0.055
3,20251118,24,0.051
3,20251118,25,0.049
3,20251118,26,0.049
3,20251118,27,0.049
3,20251118,28,0.049
3,20251118,29,0.05
3,20251118,30,0.052
3,20251118,31,0.059
3,20251118,32,0.076
3,20251118,33,0.11
3,20251118,34,0.171
3,20251118,35,0.264
3,20251118,36,0.382
3,20251118,37,0.505
3,20251118,38,0.599
3,20251118,39,0.634
3,20251118,40,0.599
3,20251118,41,0.505
3,20251118,42,0.382
3,20251118,43,0.264
3,20251118,44,0.171
3,20251118,45,0.11
3,20251118,46,0.076
3,20251118,47,0.059
3,20251118,48,0.052
3,20251119,1,0.05
3,20251119,2,0.05
3,20251119,3,0.05
3,20251119,4,0.05
3,20251119,5,0.05
3,20251119,6,0.05
3,20251119,7,0.051
3,20251119,8,0.052
3,20251119,9,0.057
3,20251119,10,0.07
3,20251119,11,0.101
3,20251119,12,0.157
3,20251119,13,0.241
3,20251119,14,0.339
3,20251119,15,0.421
3,20251119,16,0.453
3,20251119,17,0.421
3,20251119,18,0.339
3,20251119,19,0.241
3,20251119,20,0.157
3,20251119,21,0.101
3,20251119,22,0.07
3,20251119,23,0.057
3,20251119,24,0.052
3,20251119,25,0.051
3,20251119,26,0.05
3,20251119,27,0.05
3,20251119,28,0.051
3,20251119,29,0.052
3,20251119,30,0.054
3,20251119,31,0.061
3,20251119,32,0.079
3,20251119,33,0.114
3,20251119,34,0.177
3,20251119,35,0.273
3,20251119,36,0.395
3,20251119,37,0.521
3,20251119,38,0.618
3,20251119,39,0.655
3,20251119,40,0.618
3,20251119,41,0.521
3,20251119,42,0.395
3,20251119,43,0.273
3,20251119,44,0.177
3,20251119,45,0.114
3,20251119,46,0.079
3,20251119,47,0.061
3,20251119,48,0.054
3,20251120,1,0.047
3,20251120,2,0.047
3,20251120,3,0.047
3,20251120,4,0.047
3,20251120,5,0.047
3,20251120,6,0.047
3,20251120,7,0.047
3,20251120,8,0.049
3,20251120,9,0.053
3,20251120,10,0.066
3,20251120,11,0.094
3,20251120,12,0.146
3,20251120,13,0.225
3,20251120,14,0.316
3,20251120,15,0.393
3,20251120,16,0.423
3,20251120,17,0.393
3,20251120,18,0.316
3,20251120,19,0.225
3,20251120,20,0.146
3,20251120,21,0.094
3,20251120,22,0.066
3,20251120,23,0.053
3,20251120,24,0.049
3,20251120,25,0.047
3,20251120,26,0.047
3,20251120,27,0.047
3,20251120,28,0.047
3,20251120,29,0.048
3,20251120,30,0.051
3,20251120,31,0.057
3,20251120,32,0.073
3,20251120,33,0.106
3,20251120,34,0.165
3,20251120,35,0.254
3,20251120,36,0.368
3,20251120,37,0.486
3,20251120,38,0.577
3,20251120,39,0.611
3,20251120,40,0.577
3,20251120,41,0.486
3,20251120,42,0.368
3,20251120,43,0.254
3,20251120,44,0.165
3,20251120,45,0.106
3,20251120,46,0.073
3,20251120,47,0.057
3,20251120,48,0.051
3,20251121,1,0.06
3,20251121,2,0.06
3,20251121,3,0.06
3,20251121,4,0.06
3,20251121,5,0.06
3,20251121,6,0.06
3,20251121,7,0.061
3,20251121,8,0.063
3,20251121,9,0.068
3,20251121,10,0.084
3,20251121,11,0.12
3,20251121,12,0.187
3,20251121,13,0.288
3,20251121,14,0.406
3,20251121,15,0.504
3,20251121,16,0.542
3,20251121,17,0.504
3,20251121,18,0.406
3,20251121,19,0.288
3,20251121,20,0.187
3,20251121,21,0.12
3,20251121,22,0.084
3,20251121,23,0.068
3,20251121,24,0.063
3,20251121,25,0.061
3,20251121,26,0.06
3,20251121,27,0.06
3,20251121,28,0.061
3,20251121,29,0.062
3,20251121,30,0.065
3,20251121,31,0.073
3,20251121,32,0.094
3,20251121,33,0.136
3,20251121,34,0.212
3,20251121,35,0.326
3,20251121,36,0.472
3,20251121,37,0.623
3,20251121,38,0.739
3,20251121,39,0.783
3,20251121,40,0.739
3,20251121,41,0.623
3,20251121,42,0.472
3,20251121,43,0.326
3,20251121,44,0.212
3,20251121,45,0.136
3,20251121,46,0.094
3,20251121,47,0.073
3,20251121,48,0.065
3,20251122,1,0.051
3,20251122,2,0.051
3,20251122,3,0.051
3,20251122,4,0.051
3,20251122,5,0.051
3,20251122,6,0.051
3,20251122,7,0.051
3,20251122,8,0.052
3,20251122,9,0.057
3,20251122,10,0.071
3,20251122,11,0.101
3,20251122,12,0.157
3,20251122,13,0.242
3,20251122,14,0.34
3,20251122,15,0.423
3,20251122,16,0.455
3,20251122,17,0.423
3,20251122,18,0.34
3,20251122,19,0.242
3,20251122,20,0.157
3,20251122,21,0.101
3,20251122,22,0.071
3,20251122,23,0.057
3,20251122,24,0.052
3,20251122,25,0.051
3,20251122,26,0.051
3,20251122,27,0.051
3,20251122,28,0.051
3,20251122,29,0.052
3,20251122,30,0.054
3,20251122,31,0.062
3,20251122,32,0.079
3,20251122,33,0.114
3,20251122,34,0.178
3,20251122,35,0.274
3,20251122,36,0.396
3,20251122,37,0.523
3,20251122,38,0.62
3,20251122,39,0.657
3,20251122,40,0.62
3,20251122,41,0.523
3,20251122,42,0.396
3,20251122,43,0.274
3,20251122,44,0.178
3,20251122,45,0.114
3,20251122,46,0.079
3,20251122,47,0.062
3,20251122,48,0.054
3,20251123,1,0.062
3,20251123,2,0.062
3,20251123,3,0.062
3,20251123,4,0.062
3,20251123,5,0.062
3,20251123,6,0.062
3,20251123,7,0.062
3,20251123,8,0.064
3,20251123,9,0.07
3,20251123,10,0.086
3,20251123,11,0.123
3,20251123,12,0.192
3,20251123,13,0.295
3,20251123,14,0.416
3,20251123,15,0.517
3,20251123,16,0.556
3,20251123,17,0.517
3,20251123,18,0.416
3,20251123,19,0.295
3,20251123,20,0.192
3,20251123,21,0.123
3,20251123,22,0.086
3,20251123,23,0.07
3,20251123,24,0.064
3,20251123,25,0.062
3,20251123,26,0.062
3,20251123,27,0.062
3,20251123,28,0.062
3,20251123,29,0.063
3,20251123,30,0.066
3,20251123,31,0.075
3,20251123,32,0.096
3,20251123,33,0.14
3,20251123,34,0.217
3,20251123,35,0.335
3,20251123,36,0.484
3,20251123,37,0.639
3,20251123,38,0.758
3,20251123,39,0.803
3,20251123,40,0.758
3,20251123,41,0.639
3,20251123,42,0.484
3,20251123,43,0.335
3,20251123,44,0.217
3,20251123,45,0.14
3,20251123,46,0.096
3,20251123,47,0.075
3,20251123,48,0.066
3,20251124,1,0.047
3,20251124,2,0.047
3,20251124,3,0.047
3,20251124,4,0.047
3,20251124,5,0.047
3,20251124,6,0.047
3,20251124,7,0.047
3,20251124,8,0.049
3,20251124,9,0.053
3,20251124,10,0.066
3,20251124,11,0.094
3,20251124,12,0.146
3,20251124,13,0.224
3,20251124,14,0.316
3,20251124,15,0.393
3,20251124,16,0.423
3,20251124,17,0.393
3,20251124,18,0.316
3,20251124,19,0.224
3,20251124,20,0.146
3,20251124,21,0.094
3,20251124,22,0.066
3,20251124,23,0.053
3,20251124,24,0.049
3,20251124,25,0.047
3,20251124,26,0.047
3,20251124,27,0.047
3,20251124,28,0.047
3,20251124,29,0.048
3,20251124,30,0.051
3,20251124,31,0.057
3,20251124,32,0.073
3,20251124,33,0.106
3,20251124,34,0.165
3,20251124,35,0.254
3,20251124,36,0.368
3,20251124,37,0.486
3,20251124,38,0.576
3,20251124,39,0.611
3,20251124,40,0.576
3,20251124,41,0.486
3,20251124,42,0.368
3,20251124,43,0.254
3,20251124,44,0.165
3,20251124,45,0.106
3,20251124,46,0.073
3,20251124,47,0.057
3,20251124,48,0.051
3,20251125,1,0.06
3,20251125,2,0.06
3,20251125,3,0.06
3,20251125,4,0.06
3,20251125,5,0.06
3,20251125,6,0.06
3,20251125,7,0.06
3,20251125,8,0.062
3,20251125,9,0.068
3,20251125,10,0.084
3,20251125,11,0.119
3,20251125,12,0.186
3,20251125,13,0.286
3,20251125,14,0.403
3,20251125,15,0.5
3,20251125,16,0.538
3,20251125,17,0.5
3,20251125,18,0.403
3,20251125,19,0.286
3,20251125,20,0.186
3,20251125,21,0.119
3,20251125,22,0.084
3,20251125,23,0.068
3,20251125,24,0.062
3,20251125,25,0.06
3,20251125,26,0.06
3,20251125,27,0.06
3,20251125,28,0.06
3,20251125,29,0.061
3,20251125,30,0.064
3,20251125,31,0.073
3,20251125,32,0.093
3,20251125,33,0.135
3,20251125,34,0.21
3,20251125,35,0.324
3,20251125,36,0.469
3,20251125,37,0.619
3,20251125,38,0.734
3,20251125,39,0.778
3,20251125,40,0.734
3,20251125,41,0.619
3,20251125,42,0.469
3,20251125,43,0.324
3,20251125,44,0.21
3,20251125,45,0.135
3,20251125,46,0.093
3,20251125,47,0.073
3,20251125,48,0.064
3,20251126,1,0.062
3,20251126,2,0.062
3,20251126,3,0.062
3,20251126,4,0.062
3,20251126,5,0.062
3,20251126,6,0.062
3,20251126,7,0.063
3,20251126,8,0.064
3,20251126,9,0.07
3,20251126,10,0.087
3,20251126,11,0.124
3,20251126,12,0.193
3,20251126,13,0.296
3,20251126,14,0.417
3,20251126,15,0.518
3,20251126,16,0.558
3,20251126,17,0.518
3,20251126,18,0.417
3,20251126,19,0.296
3,20251126,20,0.193
3,20251126,21,0.124
3,20251126,22,0.087
3,20251126,23,0.07
3,20251126,24,0.064
3,20251126,25,0.063
3,20251126,26,0.062
3,20251126,27,0.062
3,20251126,28,0.062
3,20251126,29,0.063
3,20251126,30,0.067
3,20251126,31,0.076
3,20251126,32,0.097
3,20251126,33,0.14
3,20251126,34,0.218
3,20251126,35,0.336
3,20251126,36,0.486
3,20251126,37,0.642
3,20251126,38,0.761
3,20251126,39,0.806
3,20251126,40,0.761
3,20251126,41,0.642
3,20251126,42,0.486
3,20251126,43,0.336
3,20251126,44,0.218
3,20251126,45,0.14
3,20251126,46,0.097
3,20251126,47,0.076
3,20251126,48,0.067
3,20251127,1,0.057
3,20251127,2,0.057
3,20251127,3,0.057
3,20251127,4,0.057
3,20251127,5,0.057
3,20251127,6,0.057
3,20251127,7,0.058
3,20251127,8,0.059
3,20251127,9,0.065
3,20251127,10,0.08
3,20251127,11,0.114
3,20251127,12,0.178
3,20251127,13,0.274
3,20251127,14,0.385
3,20251127,15,0.478
3,20251127,16,0.515
3,20251127,17,0.478
3,20251127,18,0.385
3,20251127,19,0.274
3,20251127,20,0.178
3,20251127,21,0.114
3,20251127,22,0.08
3,20251127,23,0.065
3,20251127,24,0.059
3,20251127,25,0.058
3,20251127,26,0.057
3,20251127,27,0.057
3,20251127,28,0.058
3,20251127,29,0.059
3,20251127,30,0.062
3,20251127,31,0.07
3,20251127,32,0.089
3,20251127,33,0.13
3,20251127,34,0.201
3,20251127,35,0.31
3,20251127,36,0.449
3,20251127,37,0.592
3,20251127,38,0.702
3,20251127,39,0.744
3,20251127,40,0.702
3,20251127,41,0.592
3,20251127,42,0.449
3,20251127,43,0.31
3,20251127,44,0.201
3,20251127,45,0.13
3,20251127,46,0.089
3,20251127,47,0.07
3,20251127,48,0.062
3,20251128,1,0.04
3,20251128,2,0.04
3,20251128,3,0.04
3,20251128,4,0.04
3,20251128,5,0.04
3,20251128,6,0.04
3,20251128,7,0.04
3,20251128,8,0.041
3,20251128,9,0.045
3,20251128,10,0.056
3,20251128,11,0.079
3,20251128,12,0.124
3,20251128,13,0.19
3,20251128,14,0.268
3,20251128,15,0.333
3,20251128,16,0.358
3,20251128,17,0.333
3,20251128,18,0.268
3,20251128,19,0.19
3,20251128,20,0.124
3,20251128,21,0.079
3,20251128,22,0.056
3,20251128,23,0.045
3,20251128,24,0.041
3,20251128,25,0.04
3,20251128,26,0.04
3,20251128,27,0.04
3,20251128,28,0.04
3,20251128,29,0.041
3,20251128,30,0.043
3,20251128,31,0.049
3,20251128,32,0.062
3,20251128,33,0.09
3,20251128,34,0.14
3,20251128,35,0.216
3,20251128,36,0.312
3,20251128,37,0.412
3,20251128,38,0.489
3,20251128,39,0.518
3,20251128,40,0.489
3,20251128,41,0.412
3,20251128,42,0.312
3,20251128,43,0.216
3,20251128,44,0.14
3,20251128,45,0.09
3,20251128,46,0.062
3,20251128,47,0.049
3,20251128,48,0.043
3,20251129,1,0.037
3,20251129,2,0.037
3,20251129,3,0.037
3,20251129,4,0.037
3,20251129,5,0.037
3,20251129,6,0.037
3,20251129,7,0.038
3,20251129,8,0.039
3,20251129,9,0.042
3,20251129,10,0.052
3,20251129,11,0.074
3,20251129,12,0.116
3,20251129,13,0.178
3,20251129,14,0.251
3,20251129,15,0.312
3,20251129,16,0.336
3,20251129,17,0.312
3,20251129,18,0.251
3,20251129,19,0.178
3,20251129,20,0.116
3,20251129,21,0.074
3,20251129,22,0.052
3,20251129,23,0.042
3,20251129,24,0.039
3,20251129,25,0.038
3,20251129,26,0.037
3,20251129,27,0.037
3,20251129,28,0.038
3,20251129,29,0.038
3,20251129,30,0.04
3,20251129,31,0.046
3,20251129,32,0.058
3,20251129,33,0.085
3,20251129,34,0.131
3,20251129,35,0.202
3,20251129,36,0.292
3,20251129,37,0.386
3,20251129,38,0.458
3,20251129,39,0.485
3,20251129,40,0.458
3,20251129,41,0.386
3,20251129,42,0.292
3,20251129,43,0.202
3,20251129,44,0.131
3,20251129,45,0.085
3,20251129,46,0.058
3,20251129,47,0.046
3,20251129,48,0.04
3,20251130,1,0.044
3,20251130,2,0.044
3,20251130,3,0.044
3,20251130,4,0.044
3,20251130,5,0.044
3,20251130,6,0.044
3,20251130,7,0.044
3,20251130,8,0.045
3,20251130,9,0.05
3,20251130,10,0.061
3,20251130,11,0.087
3,20251130,12,0.136
3,20251130,13,0.209
3,20251130,14,0.295
3,20251130,15,0.366
3,20251130,16,0.394
3,20251130,17,0.366
3,20251130,18,0.295
3,20251130,19,0.209
3,20251130,20,0.136
3,20251130,21,0.087
3,20251130,22,0.061
3,20251130,23,0.05
3,20251130,24,0.045
3,20251130,25,0.044
3,20251130,26,0.044
3,20251130,27,0.044
3,20251130,28,0.044
3,20251130,29,0.045
3,20251130,30,0.047
3,20251130,31,0.053
3,20251130,32,0.068
3,20251130,33,0.099
3,20251130,34,0.154
3,20251130,35,0.237
3,20251130,36,0.343
3,20251130,37,0.453
3,20251130,38,0.537
3,20251130,39,0.569
3,20251130,40,0.537
3,20251130,41,0.453
3,20251130,42,0.343
3,20251130,43,0.237
3,20251130,44,0.154
3,20251130,45,0.099
3,20251130,46,0.068
3,20251130,47,0.053
3,20251130,48,0.047
4,20251101,1,0.055
4,20251101,2,0.055
4,20251101,3,0.055
4,20251101,4,0.055
4,20251101,5,0.055
4,20251101,6,0.055
4,20251101,7,0.055
4,20251101,8,0.057
4,20251101,9,0.062
4,20251101,10,0.077
4,20251101,11,0.109
4,20251101,12,0.17
4,20251101,13,0.262
4,20251101,14,0.368
4,20251101,15,0.458
4,20251101,16,0.493
4,20251101,17,0.458
4,20251101,18,0.368
4,20251101,19,0.262
4,20251101,20,0.17
4,20251101,21,0.109
4,20251101,22,0.077
4,20251101,23,0.062
4,20251101,24,0.057
4,20251101,25,0.055
4,20251101,26,0.055
4,20251101,27,0.055
4,20251101,28,0.055
4,20251101,29,0.056
4,20251101,30,0.059
4,20251101,31,0.067
4,20251101,32,0.085
4,20251101,33,0.124
4,20251101,34,0.192
4,20251101,35,0.296
4,20251101,36,0.429
4,20251101,37,0.566
4,20251101,38,0.672
4,20251101,39,0.711
4,20251101,40,0.672
4,20251101,41,0.566
4,20251101,42,0.429
4,20251101,43,0.296
4,20251101,44,0.192
4,20251101,45,0.124
4,20251101,46,0.085
4,20251101,47,0.067
4,20251101,48,0.059
4,20251102,1,0.063
4,20251102,2,0.063
4,20251102,3,0.063
4,20251102,4,0.063
4,20251102,5,0.063
4,20251102,6,0.063
4,20251102,7,0.064
4,20251102,8,0.066
4,20251102,9,0.072
4,20251102,10,0.088
4,20251102,11,0.126
4,20251102,12,0.197
4,20251102,13,0.302
4,20251102,14,0.426
4,20251102,15,0.529
4,20251102,16,0.569
4,20251102,17,0.529
4,20251102,18,0.426
4,20251102,19,0.302
4,20251102,20,0.197
4,20251102,21,0.126
4,20251102,22,0.088
4,20251102,23,0.072
4,20251102,24,0.066
4,20251102,25,0.064
4,20251102,26,0.063
4,20251102,27,0.063
4,20251102,28,0.064
4,20251102,29,0.065
4,20251102,30,0.068
4,20251102,31,0.077
4,20251102,32,0.099
4,20251102,33,0.143
4,20251102,34,0.222
4,20251102,35,0.343
4,20251102,36,0.496
4,20251102,37,0.655
4,20251102,38,0.776
4,20251102,39,0.822
4,20251102,40,0.776
4,20251102,41,0.655
4,20251102,42,0.496
4,20251102,43,0.343
4,20251102,44,0.222
4,20251102,45,0.143
4,20251102,46,0.099
4,20251102,47,0.077
4,20251102,48,0.068
4,20251103,1,0.065
4,20251103,2,0.065
4,20251103,3,0.065
4,20251103,4,0.065
4,20251103,5,0.065
4,20251103,6,0.065
4,20251103,7,0.065
4,20251103,8,0.067
4,20251103,9,0.074
4,20251103,10,0.091
4,20251103,11,0.129
4,20251103,12,0.202
4,20251103,13,0.31
4,20251103,14,0.436
4,20251103,15,0.542
4,20251103,16,0.583
4,20251103,17,0.542
4,20251103,18,0.436
4,20251103,19,0.31
4,20251103,20,0.202
4,20251103,21,0.129
4,20251103,22,0.091
4,20251103,23,0.074
4,20251103,24,0.067
4,20251103,25,0.065
4,20251103,26,0.065
4,20251103,27,0.065
4,20251103,28,0.065
4,20251103,29,0.066
4,20251103,30,0.07
4,20251103,31,0.079
4,20251103,32,0.101
4,20251103,33,0.147
4,20251103,34,0.228
4,20251103,35,0.351
4,20251103,36,0.508
4,20251103,37,0.671
4,20251103,38,0.795
4,20251103,39,0.843
4,20251103,40,0.795
4,20251103,41,0.671
4,20251103,42,0.508
4,20251103,43,0.351
4,20251103,44,0.228
4,20251103,45,0.147
4,20251103,46,0.101
4,20251103,47,0.079
4,20251103,48,0.07
4,20251104,1,0.06
4,20251104,2,0.06
4,20251104,3,0.06
4,20251104,4,0.06
4,20251104,5,0.06
4,20251104,6,0.06
4,20251104,7,0.061
4,20251104,8,0.062
4,20251104,9,0.068
4,20251104,10,0.084
4,20251104,11,0.12
4,20251104,12,0.187
4,20251104,13,0.287
4,20251104,14,0.404
4,20251104,15,0.502
4,20251104,16,0.54
4,20251104,17,0.502
4,20251104,18,0.404
4,20251104,19,0.287
4,20251104,20,0.187
4,20251104,21,0.12
4,20251104,22,0.084
4,20251104,23,0.068
4,20251104,24,0.062
4,20251104,25,0.061
4,20251104,26,0.06
4,20251104,27,0.06
4,20251104,28,0.06
4,20251104,29,0.061
4,20251104,30,0.065
4,20251104,31,0.073
4,20251104,32,0.094
4,20251104,33,0.136
4,20251104,34,0.211
4,20251104,35,0.325
4,20251104,36,0.471
4,20251104,37,0.621
4,20251104,38,0.737
4,20251104,39,0.781
4,20251104,40,0.737
4,20251104,41,0.621
4,20251104,42,0.471
4,20251104,43,0.325
4,20251104,44,0.211
4,20251104,45,0.136
4,20251104,46,0.094
4,20251104,47,0.073
4,20251104,48,0.065
4,20251105,1,0.062
4,20251105,2,0.062
4,20251105,3,0.062
4,20251105,4,0.062
4,20251105,5,0.062
4,20251105,6,0.062
4,20251105,7,0.062
4,20251105,8,0.064
4,20251105,9,0.07
4,20251105,10,0.086
4,20251105,11,0.123
4,20251105,12,0.192
4,20251105,13,0.295
4,20251105,14,0.416
4,20251105,15,0.516
4,20251105,16,0.556
4,20251105,17,0.516
4,20251105,18,0.416
4,20251105,19,0.295
4,20251105,20,0.192
4,20251105,21,0.123
4,20251105,22,0.086
4,20251105,23,0.07
4,20251105,24,0.064
4,20251105,25,0.062
4,20251105,26,0.062
4,20251105,27,0.062
4,20251105,28,0.062
4,20251105,29,0.063
4,20251105,30,0.066
4,20251105,31,0.075
4,20251105,32,0.096
4,20251105,33,0.14
4,20251105,34,0.217
4,20251105,35,0.334
4,20251105,36,0.484
4,20251105,37,0.639
4,20251105,38,0.758
4,20251105,39,0.803
4,20251105,40,0.758
4,20251105,41,0.639
4,20251105,42,0.484
4,20251105,43,0.334
4,20251105,44,0.217
4,20251105,45,0.14
4,20251105,46,0.096
4,20251105,47,0.075
4,20251105,48,0.066
4,20251106,1,0.036
4,20251106,2,0.036
4,20251106,3,0.036
4,20251106,4,0.036
4,20251106,5,0.036
4,20251106,6,0.036
4,20251106,7,0.036
4,20251106,8,0.037
4,20251106,9,0.041
4,20251106,10,0.05
4,20251106,11,0.072
4,20251106,12,0.112
4,20251106,13,0.172
4,20251106,14,0.242
4,20251106,15,0.3
4,20251106,16,0.323
4,20251106,17,0.3
4,20251106,18,0.242
4,20251106,19,0.172
4,20251106,20,0.112
4,20251106,21,0.072
4,20251106,22,0.05
4,20251106,23,0.041
4,20251106,24,0.037
4,20251106,25,0.036
4,20251106,26,0.036
4,20251106,27,0.036
4,20251106,28,0.036
4,20251106,29,0.037
4,20251106,30,0.039
4,20251106,31,0.044
4,20251106,32,0.056
4,20251106,33,0.081
4,20251106,34,0.126
4,20251106,35,0.194
4,20251106,36,0.281
4,20251106,37,0.371
4,20251106,38,0.441
4,20251106,39,0.467
4,20251106,40,0.441
4,20251106,41,0.371
4,20251106,42,0.281
4,20251106,43,0.194
4,20251106,44,0.126
4,20251106,45,0.081
4,20251106,46,0.056
4,20251106,47,0.044
4,20251106,48,0.039
4,20251107,1,0.048
4,20251107,2,0.048
4,20251107,3,0.048
4,20251107,4,0.048
4,20251107,5,0.048
4,20251107,6,0.048
4,20251107,7,0.048
4,20251107,8,0.05
4,20251107,9,0.054
4,20251107,10,0.067
4,20251107,11,0.096
4,20251107,12,0.149
4,20251107,13,0.23
4,20251107,14,0.323
4,20251107,15,0.402
4,20251107,16,0.432
4,20251107,17,0.402
4,20251107,18,0.323
4,20251107,19,0.23
4,20251107,20,0.149
4,20251107,21,0.096
4,20251107,22,0.067
4,20251107,23,0.054
4,20251107,24,0.05
4,20251107,25,0.048
4,20251107,26,0.048
4,20251107,27,0.048
4,20251107,28,0.048
4,20251107,29,0.049
4,20251107,30,0.052
4,20251107,31,0.059
4,20251107,32,0.075
4,20251107,33,0.109
4,20251107,34,0.169
4,20251107,35,0.26
4,20251107,36,0.376
4,20251107,37,0.497
4,20251107,38,0.589
4,20251107,39,0.624
4,20251107,40,0.589
4,20251107,41,0.497
4,20251107,42,0.376
4,20251107,43,0.26
4,20251107,44,0.169
4,20251107,45,0.109
4,20251107,46,0.075
4,20251107,47,0.059
4,20251107,48,0.052
4,20251108,1,0.053
4,20251108,2,0.053
4,20251108,3,0.053
4,20251108,4,0.053
4,20251108,5,0.053
4,20251108,6,0.053
4,20251108,7,0.053
4,20251108,8,0.055
4,20251108,9,0.06
4,20251108,10,0.074
4,20251108,11,0.106
4,20251108,12,0.165
4,20251108,13,0.253
4,20251108,14,0.356
4,20251108,15,0.443
4,20251108,16,0.477
4,20251108,17,0.443
4,20251108,18,0.356
4,20251108,19,0.253
4,20251108,20,0.165
4,20251108,21,0.106
4,20251108,22,0.074
4,20251108,23,0.06
4,20251108,24,0.055
4,20251108,25,0.053
4,20251108,26,0.053
4,20251108,27,0.053
4,20251108,28,0.053
4,20251108,29,0.054
4,20251108,30,0.057
4,20251108,31,0.065
4,20251108,32,0.083
4,20251108,33,0.12
4,20251108,34,0.186
4,20251108,35,0.287
4,20251108,36,0.415
4,20251108,37,0.548
4,20251108,38,0.65
4,20251108,39,0.688
4,20251108,40,0.65
4,20251108,41,0.548
4,20251108,42,0.415
4,20251108,43,0.287
4,20251108,44,0.186
4,20251108,45,0.12
4,20251108,46,0.083
4,20251108,47,0.065
4,20251108,48,0.057
4,20251109,1,0.053
4,20251109,2,0.053
4,20251109,3,0.053
4,20251109,4,0.053
4,20251109,5,0.053
4,20251109,6,0.053
4,20251109,7,0.053
4,20251109,8,0.055
4,20251109,9,0.06
4,20251109,10,0.074
4,20251109,11,0.106
4,20251109,12,0.165
4,20251109,13,0.253
4,20251109,14,0.357
4,20251109,15,0.443
4,20251109,16,0.477
4,20251109,17,0.443
4,20251109,18,0.357
4,20251109,19,0.253
4,20251109,20,0.165
4,20251109,21,0.106
4,20251109,22,0.074
4,20251109,23,0.06
4,20251109,24,0.055
4,20251109,25,0.053
4,20251109,26,0.053
4,20251109,27,0.053
4,20251109,28,0.053
4,20251109,29,0.054
4,20251109,30,0.057
4,20251109,31,0.065
4,20251109,32,0.083
4,20251109,33,0.12
4,20251109,34,0.186
4,20251109,35,0.287
4,20251109,36,0.415
4,20251109,37,0.548
4,20251109,38,0.65
4,20251109,39,0.689
4,20251109,40,0.65
4,20251109,41,0.548
4,20251109,42,0.415
4,20251109,43,0.287
4,20251109,44,0.186
4,20251109,45,0.12
4,20251109,46,0.083
4,20251109,47,0.065
4,20251109,48,0.057
4,20251110,1,0.044
4,20251110,2,0.044
4,20251110,3,0.044
4,20251110,4,0.044
4,20251110,5,0.044
4,20251110,6,0.044
4,20251110,7,0.044
4,20251110,8,0.045
4,20251110,9,0.049
4,20251110,10,0.061
4,20251110,11,0.087
4,20251110,12,0.135
4,20251110,13,0.208
4,20251110,14,0.293
4,20251110,15,0.364
4,20251110,16,0.392
4,20251110,17,0.364
4,20251110,18,0.293
4,20251110,19,0.208
4,20251110,20,0.135
4,20251110,21,0.087
4,20251110,22,0.061
4,20251110,23,0.049
4,20251110,24,0.045
4,20251110,25,0.044
4,20251110,26,0.044
4,20251110,27,0.044
4,20251110,28,0.044
4,20251110,29,0.045
4,20251110,30,0.047
4,20251110,31,0.053
4,20251110,32,0.068
4,20251110,33,0.099
4,20251110,34,0.153
4,20251110,35,0.236
4,20251110,36,0.341
4,20251110,37,0.45
4,20251110,38,0.534
4,20251110,39,0.566
4,20251110,40,0.534
4,20251110,41,0.45
4,20251110,42,0.341
4,20251110,43,0.236
4,20251110,44,0.153
4,20251110,45,0.099
4,20251110,46,0.068
4,20251110,47,0.053
4,20251110,48,0.047
4,20251111,1,0.042
4,20251111,2,0.042
4,20251111,3,0.042
4,20251111,4,0.042
4,20251111,5,0.042
4,20251111,6,0.042
4,20251111,7,0.042
4,20251111,8,0.043
4,20251111,9,0.047
4,20251111,10,0.058
4,20251111,11,0.083
4,20251111,12,0.129
4,20251111,13,0.199
4,20251111,14,0.28
4,20251111,15,0.347
4,20251111,16,0.374
4,20251111,17,0.347
4,20251111,18,0.28
4,20251111,19,0.199
4,20251111,20,0.129
4,20251111,21,0.083
4,20251111,22,0.058
4,20251111,23,0.047
4,20251111,24,0.043
4,20251111,25,0.042
4,20251111,26,0.042
4,20251111,27,0.042
4,20251111,28,0.042
4,20251111,29,0.043
4,20251111,30,0.045
4,20251111,31,0.051
4,20251111,32,0.065
4,20251111,33,0.094
4,20251111,34,0.146
4,20251111,35,0.225
4,20251111,36,0.326
4,20251111,37,0.43
4,20251111,38,0.51
4,20251111,39,0.54
4,20251111,40,0.51
4,20251111,41,0.43
4,20251111,42,0.326
4,20251111,43,0.225
4,20251111,44,0.146
4,20251111,45,0.094
4,20251111,46,0.065
4,20251111,47,0.051
4,20251111,48,0.045
4,20251112,1,0.037
4,20251112,2,0.037
4,20251112,3,0.037
4,20251112,4,0.037
4,20251112,5,0.037
4,20251112,6,0.037
4,20251112,7,0.037
4,20251112,8,0.038
4,20251112,9,0.042
4,20251112,10,0.051
4,20251112,11,0.073
4,20251112,12,0.114
4,20251112,13,0.175
4,20251112,14,0.247
4,20251112,15,0.306
4,20251112,16,0.33
4,20251112,17,0.306
4,20251112,18,0.247
4,20251112,19,0.175
4,20251112,20,0.114
4,20251112,21,0.073
4,20251112,22,0.051
4,20251112,23,0.042
4,20251112,24,0.038
4,20251112,25,0.037
4,20251112,26,0.037
4,20251112,27,0.037
4,20251112,28,0.037
4,20251112,29,0.037
4,20251112,30,0.039
4,20251112,31,0.045
4,20251112,32,0.057
4,20251112,33,0.083
4,20251112,34,0.129
4,20251112,35,0.198
4,20251112,36,0.287
4,20251112,37,0.379
4,20251112,38,0.45
4,20251112,39,0.476
4,20251112,40,0.45
4,20251112,41,0.379
4,20251112,42,0.287
4,20251112,43,0.198
4,20251112,44,0.129
4,20251112,45,0.083
4,20251112,46,0.057
4,20251112,47,0.045
4,20251112,48,0.039
4,20251113,1,0.037
4,20251113,2,0.037
4,20251113,3,0.037
4,20251113,4,0.037
4,20251113,5,0.037
4,20251113,6,0.037
4,20251113,7,0.038
4,20251113,8,0.039
4,20251113,9,0.042
4,20251113,10,0.052
4,20251113,11,0.074
4,20251113,12,0.116
4,20251113,13,0.178
4,20251113,14,0.251
4,20251113,15,0.311
4,20251113,16,0.335
4,20251113,17,0.311
4,20251113,18,0.251
4,20251113,19,0.178
4,20251113,20,0.116
4,20251113,21,0.074
4,20251113,22,0.052
4,20251113,23,0.042
4,20251113,24,0.039
4,20251113,25,0.038
4,20251113,26,0.037
4,20251113,27,0.037
4,20251113,28,0.037
4,20251113,29,0.038
4,20251113,30,0.04
4,20251113,31,0.045
4,20251113,32,0.058
4,20251113,33,0.084
4,20251113,34,0.131
4,20251113,35,0.202
4,20251113,36,0.292
4,20251113,37,0.385
4,20251113,38,0.457
4,20251113,39,0.484
4,20251113,40,0.457
4,20251113,41,0.385
4,20251113,42,0.292
4,20251113,43,0.202
4,20251113,44,0.131
4,20251113,45,0.084
4,20251113,46,0.058
4,20251113,47,0.045
4,20251113,48,0.04
4,20251114,1,0.062
4,20251114,2,0.062
4,20251114,3,0.062
4,20251114,4,0.062
4,20251114,5,0.062
4,20251114,6,0.062
4,20251114,7,0.063
4,20251114,8,0.065
4,20251114,9,0.071
4,20251114,10,0.087
4,20251114,11,0.124
4,20251114,12,0.193
4,20251114,13,0.297
4,20251114,14,0.419
4,20251114,15,0.52
4,20251114,16,0.56
4,20251114,17,0.52
4,20251114,18,0.419
4,20251114,19,0.297
4,20251114,20,0.193
4,20251114,21,0.124
4,20251114,22,0.087
4,20251114,23,0.071
4,20251114,24,0.065
4,20251114,25,0.063
4,20251114,26,0.062
4,20251114,27,0.062
4,20251114,28,0.063
4,20251114,29,0.064
4,20251114,30,0.067
4,20251114,31,0.076
4,20251114,32,0.097
4,20251114,33,0.141
4,20251114,34,0.219
4,20251114,35,0.337
4,20251114,36,0.487
4,20251114,37,0.643
4,20251114,38,0.763
4,20251114,39,0.809
4,20251114,40,0.763
4,20251114,41,0.643
4,20251114,42,0.487
4,20251114,43,0.337
4,20251114,44,0.219
4,20251114,45,0.141
4,20251114,46,0.097
4,20251114,47,0.076
4,20251114,48,0.067
4,20251115,1,0.058
4,20251115,2,0.058
4,20251115,3,0.058
4,20251115,4,0.058
4,20251115,5,0.058
4,20251115,6,0.058
4,20251115,7,0.058
4,20251115,8,0.06
4,20251115,9,0.066
4,20251115,10,0.081
4,20251115,11,0.115
4,20251115,12,0.18
4,20251115,13,0.276
4,20251115,14,0.389
4,20251115,15,0.484
4,20251115,16,0.521
4,20251115,17,0.484
4,20251115,18,0.389
4,20251115,19,0.276
4,20251115,20,0.18
4,20251115,21,0.115
4,20251115,22,0.081
4,20251115,23,0.066
4,20251115,24,0.06
4,20251115,25,0.058
4,20251115,26,0.058
4,20251115,27,0.058
4,20251115,28,0.058
4,20251115,29,0.059
4,20251115,30,0.062
4,20251115,31,0.071
4,20251115,32,0.09
4,20251115,33,0.131
4,20251115,34,0.203
4,20251115,35,0.313
4,20251115,36,0.453
4,20251115,37,0.598
4,20251115,38,0.71
4,20251115,39,0.752
4,20251115,40,0.71
4,20251115,41,0.598
4,20251115,42,0.453
4,20251115,43,0.313
4,20251115,44,0.203
4,20251115,45,0.131
4,20251115,46,0.09
4,20251115,47,0.071
4,20251115,48,0.062
4,20251116,1,0.035
4,20251116,2,0.035
4,20251116,3,0.035
4,20251116,4,0.035
4,20251116,5,0.035
4,20251116,6,0.035
4,20251116,7,0.036
4,20251116,8,0.037
4,20251116,9,0.04
4,20251116,10,0.049
4,20251116,11,0.07
4,20251116,12,0.109
4,20251116,13,0.168
4,20251116,14,0.237
4,20251116,15,0.294
4,20251116,16,0.317
4,20251116,17,0.294
4,20251116,18,0.237
4,20251116,19,0.168
4,20251116,20,0.109
4,20251116,21,0.07
4,20251116,22,0.049
4,20251116,23,0.04
4,20251116,24,0.037
4,20251116,25,0.036
4,20251116,26,0.035
4,20251116,27,0.035
4,20251116,28,0.035
4,20251116,29,0.036
4,20251116,30,0.038
4,20251116,31,0.043
4,20251116,32,0.055
4,20251116,33,0.08
4,20251116,34,0.124
4,20251116,35,0.191
4,20251116,36,0.276
4,20251116,37,0.364
4,20251116,38,0.432
4,20251116,39,0.457
4,20251116,40,0.432
4,20251116,41,0.364
4,20251116,42,0.276
4,20251116,43,0.191
4,20251116,44,0.124
4,20251116,45,0.08
4,20251116,46,0.055
4,20251116,47,0.043
4,20251116,48,0.038
4,20251117,1,0.044
4,20251117,2,0.044
4,20251117,3,0.044
4,20251117,4,0.044
4,20251117,5,0.044
4,20251117,6,0.044
4,20251117,7,0.044
4,20251117,8,0.045
4,20251117,9,0.05
4,20251117,10,0.061
4,20251117,11,0.087
4,20251117,12,0.136
4,20251117,13,0.209
4,20251117,14,0.294
4,20251117,15,0.365
4,20251117,16,0.393
4,20251117,17,0.365
4,20251117,18,0.294
4,20251117,19,0.209
4,20251117,20,0.136
4,20251117,21,0.087
4,20251117,22,0.061
4,20251117,23,0.05
4,20251117,24,0.045
4,20251117,25,0.044
4,20251117,26,0.044
4,20251117,27,0.044
4,20251117,28,0.044
4,20251117,29,0.045
4,20251117,30,0.047
4,20251117,31,0.053
4,20251117,32,0.068
4,20251117,33,0.099
4,20251117,34,0.154
4,20251117,35,0.237
4,20251117,36,0.343
4,20251117,37,0.452
4,20251117,38,0.537
4,20251117,39,0.568
4,20251117,40,0.537
4,20251117,41,0.452
4,20251117,42,0.343
4,20251117,43,0.237
4,20251117,44,0.154
4,20251117,45,0.099
4,20251117,46,0.068
4,20251117,47,0.053
4,20251117,48,0.047
4,20251118,1,0.063
4,20251118,2,0.063
4,20251118,3,0.063
4,20251118,4,0.063
4,20251118,5,0.063
4,20251118,6,0.063
4,20251118,7,0.064
4,20251118,8,0.065
4,20251118,9,0.071
4,20251118,10,0.088
4,20251118,11,0.126
4,20251118,12,0.196
4,20251118,13,0.301
4,20251118,14,0.424
4,20251118,15,0.526
4,20251118,16,0.567
4,20251118,17,0.526
4,20251118,18,0.424
4,20251118,19,0.301
4,20251118,20,0.196
4,20251118,21,0.126
4,20251118,22,0.088
4,20251118,23,0.071
4,20251118,24,0.065
4,20251118,25,0.064
4,20251118,26,0.063
4,20251118,27,0.063
4,20251118,28,0.063
4,20251118,29,0.064
4,20251118,30,0.068
4,20251118,31,0.077
4,20251118,32,0.098
4,20251118,33,0.143
4,20251118,34,0.221
4,20251118,35,0.341
4,20251118,36,0.493
4,20251118,37,0.651
4,20251118,38,0.773
4,20251118,39,0.818
4,20251118,40,0.773
4,20251118,41,0.651
4,20251118,42,0.493
4,20251118,43,0.341
4,20251118,44,0.221
4,20251118,45,0.143
4,20251118,46,0.098
4,20251118,47,0.077
4,20251118,48,0.068
4,20251119,1,0.038
4,20251119,2,0.038
4,20251119,3,0.038
4,20251119,4,0.038
4,20251119,5,0.038
4,20251119,6,0.038
4,20251119,7,0.038
4,20251119,8,0.039
4,20251119,9,0.043
4,20251119,10,0.052
4,20251119,11,0.075
4,20251119,12,0.117
4,20251119,13,0.179
4,20251119,14,0.253
4,20251119,15,0.314
4,20251119,16,0.338
4,20251119,17,0.314
4,20251119,18,0.253
4,20251119,19,0.179
4,20251119,20,0.117
4,20251119,21,0.075
4,20251119,22,0.052
4,20251119,23,0.043
4,20251119,24,0.039
4,20251119,25,0.038
4,20251119,26,0.038
4,20251119,27,0.038
4,20251119,28,0.038
4,20251119,29,0.038
4,20251119,30,0.04
4,20251119,31,0.046
4,20251119,32,0.059
4,20251119,33,0.085
4,20251119,34,0.132
4,20251119,35,0.203
4,20251119,36,0.294
4,20251119,37,0.388
4,20251119,38,0.46
4,20251119,39,0.488
4,20251119,40,0.46
4,20251119,41,0.388
4,20251119,42,0.294
4,20251119,43,0.203
4,20251119,44,0.132
4,20251119,45,0.085
4,20251119,46,0.059
4,20251119,47,0.046
4,20251119,48,0.04
4,20251120,1,0.059
4,20251120,2,0.059
4,20251120,3,0.059
4,20251120,4,0.059
4,20251120,5,0.059
4,20251120,6,0.059
4,20251120,7,0.059
4,20251120,8,0.061
4,20251120,9,0.066
4,20251120,10,0.082
4,20251120,11,0.117
4,20251120,12,0.182
4,20251120,13,0.28
4,20251120,14,0.394
4,20251120,15,0.49
4,20251120,16,0.527
4,20251120,17,0.49
4,20251120,18,0.394
4,20251120,19,0.28
4,20251120,20,0.182
4,20251120,21,0.117
4,20251120,22,0.082
4,20251120,23,0.066
4,20251120,24,0.061
4,20251120,25,0.059
4,20251120,26,0.059
4,20251120,27,0.059
4,20251120,28,0.059
4,20251120,29,0.06
4,20251120,30,0.063
4,20251120,31,0.071
4,20251120,32,0.091
4,20251120,33,0.133
4,20251120,34,0.206
4,20251120,35,0.317
4,20251120,36,0.459
4,20251120,37,0.606
4,20251120,38,0.719
4,20251120,39,0.761
4,20251120,40,0.719
4,20251120,41,0.606
4,20251120,42,0.459
4,20251120,43,0.317
4,20251120,44,0.206
4,20251120,45,0.133
4,20251120,46,0.091
4,20251120,47,0.071
4,20251120,48,0.063
4,20251121,1,0.056
4,20251121,2,0.056
4,20251121,3,0.056
4,20251121,4,0.056
4,20251121,5,0.056
4,20251121,6,0.056
4,20251121,7,0.057
4,20251121,8,0.058
4,20251121,9,0.064
4,20251121,10,0.078
4,20251121,11,0.112
4,20251121,12,0.174
4,20251121,13,0.268
4,20251121,14,0.377
4,20251121,15,0.468
4,20251121,16,0.504
4,20251121,17,0.468
4,20251121,18,0.377
4,20251121,19,0.268
4,20251121,20,0.174
4,20251121,21,0.112
4,20251121,22,0.078
4,20251121,23,0.064
4,20251121,24,0.058
4,20251121,25,0.057
4,20251121,26,0.056
4,20251121,27,0.056
4,20251121,28,0.056
4,20251121,29,0.057
4,20251121,30,0.06
4,20251121,31,0.068
4,20251121,32,0.087
4,20251121,33,0.127
4,20251121,34,0.197
4,20251121,35,0.303
4,20251121,36,0.439
4,20251121,37,0.579
4,20251121,38,0.687
4,20251121,39,0.728
4,20251121,40,0.687
4,20251121,41,0.579
4,20251121,42,0.439
4,20251121,43,0.303
4,20251121,44,0.197
4,20251121,45,0.127
4,20251121,46,0.087
4,20251121,47,0.068
4,20251121,48,0.06
4,20251122,1,0.044
4,20251122,2,0.044
4,20251122,3,0.044
4,20251122,4,0.044
4,20251122,5,0.044
4,20251122,6,0.044
4,20251122,7,0.044
4,20251122,8,0.045
4,20251122,9,0.05
4,20251122,10,0.061
4,20251122,11,0.087
4,20251122,12,0.136
4,20251122,13,0.209
4,20251122,14,0.294
4,20251122,15,0.365
4,20251122,16,0.393
4,20251122,17,0.365
4,20251122,18,0.294
4,20251122,19,0.209
4,20251122,20,0.136
4,20251122,21,0.087
4,20251122,22,0.061
4,20251122,23,0.05
4,20251122,24,0.045
4,20251122,25,0.044
4,20251122,26,0.044
4,20251122,27,0.044
4,20251122,28,0.044
4,20251122,29,0.045
4,20251122,30,0.047
4,20251122,31,0.053
4,20251122,32,0.068
4,20251122,33,0.099
4,20251122,34,0.154
4,20251122,35,0.237
4,20251122,36,0.343
4,20251122,37,0.452
4,20251122,38,0.536
4,20251122,39,0.568
4,20251122,40,0.536
4,20251122,41,0.452
4,20251122,42,0.343
4,20251122,43,0.237
4,20251122,44,0.154
4,20251122,45,0.099
4,20251122,46,0.068
4,20251122,47,0.053
4,20251122,48,0.047
4,20251123,1,0.053
4,20251123,2,0.053
4,20251123,3,0.053
4,20251123,4,0.053
4,20251123,5,0.053
4,20251123,6,0.053
4,20251123,7,0.054
4,20251123,8,0.055
4,20251123,9,0.06
4,20251123,10,0.074
4,20251123,11,0.106
4,20251123,12,0.166
4,20251123,13,0.255
4,20251123,14,0.359
4,20251123,15,0.445
4,20251123,16,0.479
4,20251123,17,0.445
4,20251123,18,0.359
4,20251123,19,0.255
4,20251123,20,0.166
4,20251123,21,0.106
4,20251123,22,0.074
4,20251123,23,0.06
4,20251123,24,0.055
4,20251123,25,0.054
4,20251123,26,0.053
4,20251123,27,0.053
4,20251123,28,0.054
4,20251123,29,0.055
4,20251123,30,0.057
4,20251123,31,0.065
4,20251123,32,0.083
4,20251123,33,0.121
4,20251123,34,0.187
4,20251123,35,0.288
4,20251123,36,0.417
4,20251123,37,0.551
4,20251123,38,0.654
4,20251123,39,0.692
4,20251123,40,0.654
4,20251123,41,0.551
4,20251123,42,0.417
4,20251123,43,0.288
4,20251123,44,0.187
4,20251123,45,0.121
4,20251123,46,0.083
4,20251123,47,0.065
4,20251123,48,0.057
4,20251124,1,0.041
4,20251124,2,0.041
4,20251124,3,0.041
4,20251124,4,0.041
4,20251124,5,0.041
4,20251124,6,0.041
4,20251124,7,0.042
4,20251124,8,0.043
4,20251124,9,0.047
4,20251124,10,0.058
4,20251124,11,0.082
4,20251124,12,0.128
4,20251124,13,0.197
4,20251124,14,0.278
4,20251124,15,0.345
4,20251124,16,0.371
4,20251124,17,0.345
4,20251124,18,0.278
4,20251124,19,0.197
4,20251124,20,0.128
4,20251124,21,0.082
4,20251124,22,0.058
4,20251124,23,0.047
4,20251124,24,0.043
4,20251124,25,0.042
4,20251124,26,0.041
4,20251124,27,0.041
4,20251124,28,0.041
4,20251124,29,0.042
4,20251124,30,0.044
4,20251124,31,0.05
4,20251124,32,0.064
4,20251124,33,0.093
4,20251124,34,0.145
4,20251124,35,0.223
4,20251124,36,0.323
4,20251124,37,0.427
4,20251124,38,0.506
4,20251124,39,0.536
4,20251124,40,0.506
4,20251124,41,0.427
4,20251124,42,0.323
4,20251124,43,0.223
4,20251124,44,0.145
4,20251124,45,0.093
4,20251124,46,0.064
4,20251124,47,0.05
4,20251124,48,0.044
4,20251125,1,0.062
4,20251125,2,0.062
4,20251125,3,0.062
4,20251125,4,0.062
4,20251125,5,0.062
4,20251125,6,0.062
4,20251125,7,0.062
4,20251125,8,0.064
4,20251125,9,0.07
4,20251125,10,0.087
4,20251125,11,0.123
4,20251125,12,0.192
4,20251125,13,0.296
4,20251125,14,0.416
4,20251125,15,0.517
4,20251125,16,0.557
4,20251125,17,0.517
4,20251125,18,0.416
4,20251125,19,0.296
4,20251125,20,0.192
4,20251125,21,0.123
4,20251125,22,0.087
4,20251125,23,0.07
4,20251125,24,0.064
4,20251125,25,0.062
4,20251125,26,0.062
4,20251125,27,0.062
4,20251125,28,0.062
4,20251125,29,0.063
4,20251125,30,0.067
4,20251125,31,0.075
4,20251125,32,0.097
4,20251125,33,0.14
4,20251125,34,0.217
4,20251125,35,0.335
4,20251125,36,0.485
4,20251125,37,0.64
4,20251125,38,0.759
4,20251125,39,0.804
4,20251125,40,0.759
4,20251125,41,0.64
4,20251125,42,0.485
4,20251125,43,0.335
4,20251125,44,0.217
4,20251125,45,0.14
4,20251125,46,0.097
4,20251125,47,0.075
4,20251125,48,0.067
4,20251126,1,0.06
4,20251126,2,0.06
4,20251126,3,0.06
4,20251126,4,0.06
4,20251126,5,0.06
4,20251126,6,0.06
4,20251126,7,0.061
4,20251126,8,0.063
4,20251126,9,0.068
4,20251126,10,0.084
4,20251126,11,0.12
4,20251126,12,0.187
4,20251126,13,0.288
4,20251126,14,0.406
4,20251126,15,0.504
4,20251126,16,0.542
4,20251126,17,0.504
4,20251126,18,0.406
4,20251126,19,0.288
4,20251126,20,0.187
4,20251126,21,0.12
4,20251126,22,0.084
4,20251126,23,0.068
4,20251126,24,0.063
4,20251126,25,0.061
4,20251126,26,0.06
4,20251126,27,0.06
4,20251126,28,0.061
4,20251126,29,0.062
4,20251126,30,0.065
4,20251126,31,0.074
4,20251126,32,0.094
4,20251126,33,0.137
4,20251126,34,0.212
4,20251126,35,0.326
4,20251126,36,0.472
4,20251126,37,0.624
4,20251126,38,0.74
4,20251126,39,0.784
4,20251126,40,0.74
4,20251126,41,0.624
4,20251126,42,0.472
4,20251126,43,0.326
4,20251126,44,0.212
4,20251126,45,0.137
4,20251126,46,0.094
4,20251126,47,0.074
4,20251126,48,0.065
4,20251127,1,0.042
4,20251127,2,0.042
4,20251127,3,0.042
4,20251127,4,0.042
4,20251127,5,0.042
4,20251127,6,0.042
4,20251127,7,0.042
4,20251127,8,0.044
4,20251127,9,0.048
4,20251127,10,0.059
4,20251127,11,0.084
4,20251127,12,0.13
4,20251127,13,0.2
4,20251127,14,0.282
4,20251127,15,0.351
4,20251127,16,0.377
4,20251127,17,0.351
4,20251127,18,0.282
4,20251127,19,0.2
4,20251127,20,0.13
4,20251127,21,0.084
4,20251127,22,0.059
4,20251127,23,0.048
4,20251127,24,0.044
4,20251127,25,0.042
4,20251127,26,0.042
4,20251127,27,0.042
4,20251127,28,0.042
4,20251127,29,0.043
4,20251127,30,0.045
4,20251127,31,0.051
4,20251127,32,0.065
4,20251127,33,0.095
4,20251127,34,0.147
4,20251127,35,0.227
4,20251127,36,0.329
4,20251127,37,0.434
4,20251127,38,0.515
4,20251127,39,0.545
4,20251127,40,0.515
4,20251127,41,0.434
4,20251127,42,0.329
4,20251127,43,0.227
4,20251127,44,0.147
4,20251127,45,0.095
4,20251127,46,0.065
4,20251127,47,0.051
4,20251127,48,0.045
4,20251128,1,0.035
4,20251128,2,0.035
4,20251128,3,0.035
4,20251128,4,0.035
4,20251128,5,0.035
4,20251128,6,0.035
4,20251128,7,0.035
4,20251128,8,0.036
4,20251128,9,0.04
4,20251128,10,0.049
4,20251128,11,0.07
4,20251128,12,0.109
4,20251128,13,0.168
4,20251128,14,0.236
4,20251128,15,0.294
4,20251128,16,0.316
4,20251128,17,0.294
4,20251128,18,0.236
4,20251128,19,0.168
4,20251128,20,0.109
4,20251128,21,0.07
4,20251128,22,0.049
4,20251128,23,0.04
4,20251128,24,0.036
4,20251128,25,0.035
4,20251128,26,0.035
4,20251128,27,0.035
4,20251128,28,0.035
4,20251128,29,0.036
4,20251128,30,0.038
4,20251128,31,0.043
4,20251128,32,0.055
4,20251128,33,0.08
4,20251128,34,0.123
4,20251128,35,0.19
4,20251128,36,0.275
4,20251128,37,0.363
4,20251128,38,0.431
4,20251128,39,0.457
4,20251128,40,0.431
4,20251128,41,0.363
4,20251128,42,0.275
4,20251128,43,0.19
4,20251128,44,0.123
4,20251128,45,0.08
4,20251128,46,0.055
4,20251128,47,0.043
4,20251128,48,0.038
4,20251129,1,0.041
4,20251129,2,0.041
4,20251129,3,0.041
4,20251129,4,0.041
4,20251129,5,0.041
4,20251129,6,0.041
4,20251129,7,0.041
4,20251129,8,0.042
4,20251129,9,0.046
4,20251129,10,0.057
4,20251129,11,0.082
4,20251129,12,0.127
4,20251129,13,0.195
4,20251129,14,0.275
4,20251129,15,0.342
4,20251129,16,0.368
4,20251129,17,0.342
4,20251129,18,0.275
4,20251129,19,0.195
4,20251129,20,0.127
4,20251129,21,0.082
4,20251129,22,0.057
4,20251129,23,0.046
4,20251129,24,0.042
4,20251129,25,0.041
4,20251129,26,0.041
4,20251129,27,0.041
4,20251129,28,0.041
4,20251129,29,0.042
4,20251129,30,0.044
4,20251129,31,0.05
4,20251129,32,0.064
4,20251129,33,0.093
4,20251129,34,0.144
4,20251129,35,0.221
4,20251129,36,0.32
4,20251129,37,0.423
4,20251129,38,0.501
4,20251129,39,0.531
4,20251129,40,0.501
4,20251129,41,0.423
4,20251129,42,0.32
4,20251129,43,0.221
4,20251129,44,0.144
4,20251129,45,0.093
4,20251129,46,0.064
4,20251129,47,0.05
4,20251129,48,0.044
4,20251130,1,0.06
4,20251130,2,0.06
4,20251130,3,0.06
4,20251130,4,0.06
4,20251130,5,0.06
4,20251130,6,0.06
4,20251130,7,0.06
4,20251130,8,0.062
4,20251130,9,0.068
4,20251130,10,0.084
4,20251130,11,0.119
4,20251130,12,0.186
4,20251130,13,0.286
4,20251130,14,0.403
4,20251130,15,0.5
4,20251130,16,0.538
4,20251130,17,0.5
4,20251130,18,0.403
4,20251130,19,0.286
4,20251130,20,0.186
4,20251130,21,0.119
4,20251130,22,0.084
4,20251130,23,0.068
4,20251130,24,0.062
4,20251130,25,0.06
4,20251130,26,0.06
4,20251130,27,0.06
4,20251130,28,0.06
4,20251130,29,0.061
4,20251130,30,0.064
4,20251130,31,0.073
4,20251130,32,0.093
4,20251130,33,0.135
4,20251130,34,0.21
4,20251130,35,0.324
4,20251130,36,0.469
4,20251130,37,0.619
4,20251130,38,0.734
4,20251130,39,0.778
4,20251130,40,0.734
4,20251130,41,0.619
4,20251130,42,0.469
4,20251130,43,0.324
4,20251130,44,0.21
4,20251130,45,0.135
4,20251130,46,0.093
4,20251130,47,0.073
4,20251130,48,0.064
5,20251101,1,0.042
5,20251101,2,0.042
5,20251101,3,0.042
5,20251101,4,0.042
5,20251101,5,0.042
5,20251101,6,0.042
5,20251101,7,0.042
5,20251101,8,0.044
5,20251101,9,0.048
5,20251101,10,0.059
5,20251101,11,0.084
5,20251101,12,0.13
5,20251101,13,0.2
5,20251101,14,0.282
5,20251101,15,0.35
5,20251101,16,0.377
5,20251101,17,0.35
5,20251101,18,0.282
5,20251101,19,0.2
5,20251101,20,0.13
5,20251101,21,0.084
5,20251101,22,0.059
5,20251101,23,0.048
5,20251101,24,0.044
5,20251101,25,0.042
5,20251101,26,0.042
5,20251101,27,0.042
5,20251101,28,0.042
5,20251101,29,0.043
5,20251101,30,0.045
5,20251101,31,0.051
5,20251101,32,0.065
5,20251101,33,0.095
5,20251101,34,0.147
5,20251101,35,0.227
5,20251101,36,0.329
5,20251101,37,0.434
5,20251101,38,0.514
5,20251101,39,0.545
5,20251101,40,0.514
5,20251101,41,0.434
5,20251101,42,0.329
5,20251101,43,0.227
5,20251101,44,0.147
5,20251101,45,0.095
5,20251101,46,0.065
5,20251101,47,0.051
5,20251101,48,0.045
5,20251102,1,0.037
5,20251102,2,0.037
5,20251102,3,0.037
5,20251102,4,0.037
5,20251102,5,0.037
5,20251102,6,0.037
5,20251102,7,0.038
5,20251102,8,0.039
5,20251102,9,0.042
5,20251102,10,0.052
5,20251102,11,0.074
5,20251102,12,0.116
5,20251102,13,0.178
5,20251102,14,0.251
5,20251102,15,0.311
5,20251102,16,0.335
5,20251102,17,0.311
5,20251102,18,0.251
5,20251102,19,0.178
5,20251102,20,0.116
5,20251102,21,0.074
5,20251102,22,0.052
5,20251102,23,0.042
5,20251102,24,0.039
5,20251102,25,0.038
5,20251102,26,0.037
5,20251102,27,0.037
5,20251102,28,0.037
5,20251102,29,0.038
5,20251102,30,0.04
5,20251102,31,0.045
5,20251102,32,0.058
5,20251102,33,0.084
5,20251102,34,0.131
5,20251102,35,0.202
5,20251102,36,0.292
5,20251102,37,0.385
5,20251102,38,0.457
5,20251102,39,0.484
5,20251102,40,0.457
5,20251102,41,0.385
5,20251102,42,0.292
5,20251102,43,0.202
5,20251102,44,0.131
5,20251102,45,0.084
5,20251102,46,0.058
5,20251102,47,0.045
5,20251102,48,0.04
5,20251103,1,0.06
5,20251103,2,0.06
5,20251103,3,0.06
5,20251103,4,0.06
5,20251103,5,0.06
5,20251103,6,0.06
5,20251103,7,0.061
5,20251103,8,0.062
5,20251103,9,0.068
5,20251103,10,0.084
5,20251103,11,0.12
5,20251103,12,0.187
5,20251103,13,0.287
5,20251103,14,0.405
5,20251103,15,0.503
5,20251103,16,0.541
5,20251103,17,0.503
5,20251103,18,0.405
5,20251103,19,0.287
5,20251103,20,0.187
5,20251103,21,0.12
5,20251103,22,0.084
5,20251103,23,0.068
5,20251103,24,0.062
5,20251103,25,0.061
5,20251103,26,0.06
5,20251103,27,0.06
5,20251103,28,0.061
5,20251103,29,0.062
5,20251103,30,0.065
5,20251103,31,0.073
5,20251103,32,0.094
5,20251103,33,0.136
5,20251103,34,0.211
5,20251103,35,0.326
5,20251103,36,0.471
5,20251103,37,0.622
5,20251103,38,0.738
5,20251103,39,0.782
5,20251103,40,0.738
5,20251103,41,0.622
5,20251103,42,0.471
5,20251103,43,0.326
5,20251103,44,0.211
5,20251103,45,0.136
5,20251103,46,0.094
5,20251103,47,0.073
5,20251103,48,0.065
5,20251104,1,0.058
5,20251104,2,0.058
5,20251104,3,0.058
5,20251104,4,0.058
5,20251104,5,0.058
5,20251104,6,0.058
5,20251104,7,0.058
5,20251104,8,0.06
5,20251104,9,0.066
5,20251104,10,0.081
5,20251104,11,0.115
5,20251104,12,0.179
5,20251104,13,0.276
5,20251104,14,0.389
5,20251104,15,0.483
5,20251104,16,0.52
5,20251104,17,0.483
5,20251104,18,0.389
5,20251104,19,0.276
5,20251104,20,0.179
5,20251104,21,0.115
5,20251104,22,0.081
5,20251104,23,0.066
5,20251104,24,0.06
5,20251104,25,0.058
5,20251104,26,0.058
5,20251104,27,0.058
5,20251104,28,0.058
5,20251104,29,0.059
5,20251104,30,0.062
5,20251104,31,0.07
5,20251104,32,0.09
5,20251104,33,0.131
5,20251104,34,0.203
5,20251104,35,0.313
5,20251104,36,0.452
5,20251104,37,0.597
5,20251104,38,0.708
5,20251104,39,0.75
5,20251104,40,0.708
5,20251104,41,0.597
5,20251104,42,0.452
5,20251104,43,0.313
5,20251104,44,0.203
5,20251104,45,0.131
5,20251104,46,0.09
5,20251104,47,0.07
5,20251104,48,0.062
5,20251105,1,0.052
5,20251105,2,0.052
5,20251105,3,0.052
5,20251105,4,0.052
5,20251105,5,0.053
5,20251105,6,0.053
5,20251105,7,0.053
5,20251105,8,0.055
5,20251105,9,0.06
5,20251105,10,0.073
5,20251105,11,0.105
5,20251105,12,0.163
5,20251105,13,0.251
5,20251105,14,0.353
5,20251105,15,0.439
5,20251105,16,0.472
5,20251105,17,0.439
5,20251105,18,0.353
5,20251105,19,0.251
5,20251105,20,0.163
5,20251105,21,0.105
5,20251105,22,0.073
5,20251105,23,0.06
5,20251105,24,0.055
5,20251105,25,0.053
5,20251105,26,0.053
5,20251105,27,0.053
5,20251105,28,0.053
5,20251105,29,0.054
5,20251105,30,0.056
5,20251105,31,0.064
5,20251105,32,0.082
5,20251105,33,0.119
5,20251105,34,0.185
5,20251105,35,0.284
5,20251105,36,0.411
5,20251105,37,0.543
5,20251105,38,0.644
5,20251105,39,0.682
5,20251105,40,0.644
5,20251105,41,0.543
5,20251105,42,0.411
5,20251105,43,0.284
5,20251105,44,0.185
5,20251105,45,0.119
5,20251105,46,0.082
5,20251105,47,0.064
5,20251105,48,0.056
5,20251106,1,0.061
5,20251106,2,0.061
5,20251106,3,0.061
5,20251106,4,0.061
5,20251106,5,0.061
5,20251106,6,0.061
5,20251106,7,0.062
5,20251106,8,0.063
5,20251106,9,0.069
5,20251106,10,0.085
5,20251106,11,0.122
5,20251106,12,0.19
5,20251106,13,0.292
5,20251106,14,0.412
5,20251106,15,0.511
5,20251106,16,0.55
5,20251106,17,0.511
5,20251106,18,0.412
5,20251106,19,0.292
5,20251106,20,0.19
5,20251106,21,0.122
5,20251106,22,0.085
5,20251106,23,0.069
5,20251106,24,0.063
5,20251106,25,0.062
5,20251106,26,0.061
5,20251106,27,0.061
5,20251106,28,0.062
5,20251106,29,0.063
5,20251106,30,0.066
5,20251106,31,0.075
5,20251106,32,0.095
5,20251106,33,0.138
5,20251106,34,0.215
5,20251106,35,0.331
5,20251106,36,0.479
5,20251106,37,0.632
5,20251106,38,0.75
5,20251106,39,0.795
5,20251106,40,0.75
5,20251106,41,0.632
5,20251106,42,0.479
5,20251106,43,0.331
5,20251106,44,0.215
5,20251106,45,0.138
5,20251106,46,0.095
5,20251106,47,0.075
5,20251106,48,0.066
5,20251107,1,0.037
5,20251107,2,0.037
5,20251107,3,0.037
5,20251107,4,0.037
5,20251107,5,0.037
5,20251107,6,0.037
5,20251107,7,0.037
5,20251107,8,0.038
5,20251107,9,0.042
5,20251107,10,0.051
5,20251107,11,0.073
5,20251107,12,0.114
5,20251107,13,0.175
5,20251107,14,0.247
5,20251107,15,0.307
5,20251107,16,0.33
5,20251107,17,0.307
5,20251107,18,0.247
5,20251107,19,0.175
5,20251107,20,0.114
5,20251107,21,0.073
5,20251107,22,0.051
5,20251107,23,0.042
5,20251107,24,0.038
5,20251107,25,0.037
5,20251107,26,0.037
5,20251107,27,0.037
5,20251107,28,0.037
5,20251107,29,0.038
5,20251107,30,0.04
5,20251107,31,0.045
5,20251107,32,0.057
5,20251107,33,0.083
5,20251107,34,0.129
5,20251107,35,0.199
5,20251107,36,0.288
5,20251107,37,0.38
5,20251107,38,0.451
5,20251107,39,0.477
5,20251107,40,0.451
5,20251107,41,0.38
5,20251107,42,0.288
5,20251107,43,0.199
5,20251107,44,0.129
5,20251107,45,0.083
5,20251107,46,0.057
5,20251107,47,0.045
5,20251107,48,0.04
5,20251108,1,0.048
5,20251108,2,0.048
5,20251108,3,0.048
5,20251108,4,0.048
5,20251108,5,0.048
5,20251108,6,0.048
5,20251108,7,0.048
5,20251108,8,0.05
5,20251108,9,0.054
5,20251108,10,0.067
5,20251108,11,0.096
5,20251108,12,0.149
5,20251108,13,0.229
5,20251108,14,0.322
5,20251108,15,0.4
5,20251108,16,0.431
5,20251108,17,0.4
5,20251108,18,0.322
5,20251108,19,0.229
5,20251108,20,0.149
5,20251108,21,0.096
5,20251108,22,0.067
5,20251108,23,0.054
5,20251108,24,0.05
5,20251108,25,0.048
5,20251108,26,0.048
5,20251108,27,0.048
5,20251108,28,0.048
5,20251108,29,0.049
5,20251108,30,0.052
5,20251108,31,0.058
5,20251108,32,0.075
5,20251108,33,0.108
5,20251108,34,0.168
5,20251108,35,0.259
5,20251108,36,0.375
5,20251108,37,0.495
5,20251108,38,0.588
5,20251108,39,0.623
5,20251108,40,0.588
5,20251108,41,0.495
5,20251108,42,0.375
5,20251108,43,0.259
5,20251108,44,0.168
5,20251108,45,0.108
5,20251108,46,0.075
5,20251108,47,0.058
5,20251108,48,0.052
5,20251109,1,0.065
5,20251109,2,0.065
5,20251109,3,0.065
5,20251109,4,0.065
5,20251109,5,0.065
5,20251109,6,0.065
5,20251109,7,0.066
5,20251109,8,0.067
5,20251109,9,0.074
5,20251109,10,0.091
5,20251109,11,0.13
5,20251109,12,0.202
5,20251109,13,0.31
5,20251109,14,0.437
5,20251109,15,0.543
5,20251109,16,0.585
5,20251109,17,0.543
5,20251109,18,0.437
5,20251109,19,0.31
5,20251109,20,0.202
5,20251109,21,0.13
5,20251109,22,0.091
5,20251109,23,0.074
5,20251109,24,0.067
5,20251109,25,0.066
5,20251109,26,0.065
5,20251109,27,0.065
5,20251109,28,0.065
5,20251109,29,0.066
5,20251109,30,0.07
5,20251109,31,0.079
5,20251109,32,0.101
5,20251109,33,0.147
5,20251109,34,0.228
5,20251109,35,0.352
5,20251109,36,0.509
5,20251109,37,0.672
5,20251109,38,0.797
5,20251109,39,0.845
5,20251109,40,0.797
5,20251109,41,0.672
5,20251109,42,0.509
5,20251109,43,0.352
5,20251109,44,0.228
5,20251109,45,0.147
5,20251109,46,0.101
5,20251109,47,0.079
5,20251109,48,0.07
5,20251110,1,0.05
5,20251110,2,0.05
5,20251110,3,0.05
5,20251110,4,0.05
5,20251110,5,0.05
5,20251110,6,0.05
5,20251110,7,0.05
5,20251110,8,0.052
5,20251110,9,0.057
5,20251110,10,0.07
5,20251110,11,0.1
5,20251110,12,0.155
5,20251110,13,0.238
5,20251110,14,0.336
5,20251110,15,0.417
5,20251110,16,0.449
5,20251110,17,0.417
5,20251110,18,0.336
5,20251110,19,0.238
5,20251110,20,0.155
5,20251110,21,0.1
5,20251110,22,0.07
5,20251110,23,0.057
5,20251110,24,0.052
5,20251110,25,0.05
5,20251110,26,0.05
5,20251110,27,0.05
5,20251110,28,0.05
5,20251110,29,0.051
5,20251110,30,0.054
5,20251110,31,0.061
5,20251110,32,0.078
5,20251110,33,0.113
5,20251110,34,0.175
5,20251110,35,0.27
5,20251110,36,0.391
5,20251110,37,0.516
5,20251110,38,0.612
5,20251110,39,0.648
5,20251110,40,0.612
5,20251110,41,0.516
5,20251110,42,0.391
5,20251110,43,0.27
5,20251110,44,0.175
5,20251110,45,0.113
5,20251110,46,0.078
5,20251110,47,0.061
5,20251110,48,0.054
5,20251111,1,0.056
5,20251111,2,0.056
5,20251111,3,0.056
5,20251111,4,0.056
5,20251111,5,0.057
5,20251111,6,0.057
5,20251111,7,0.057
5,20251111,8,0.059
5,20251111,9,0.064
5,20251111,10,0.079
5,20251111,11,0.113
5,20251111,12,0.176
5,20251111,13,0.27
5,20251111,14,0.38
5,20251111,15,0.472
5,20251111,16,0.508
5,20251111,17,0.472
5,20251111,18,0.38
5,20251111,19,0.27
5,20251111,20,0.176
5,20251111,21,0.113
5,20251111,22,0.079
5,20251111,23,0.064
5,20251111,24,0.059
5,20251111,25,0.057
5,20251111,26,0.057
5,20251111,27,0.057
5,20251111,28,0.057
5,20251111,29,0.058
5,20251111,30,0.061
5,20251111,31,0.069
5,20251111,32,0.088
5,20251111,33,0.128
5,20251111,34,0.199
5,20251111,35,0.306
5,20251111,36,0.443
5,20251111,37,0.584
5,20251111,38,0.693
5,20251111,39,0.734
5,20251111,40,0.693
5,20251111,41,0.584
5,20251111,42,0.443
5,20251111,43,0.306
5,20251111,44,0.199
5,20251111,45,0.128
5,20251111,46,0.088
5,20251111,47,0.069
5,20251111,48,0.061
5,20251112,1,0.046
5,20251112,2,0.046
5,20251112,3,0.046
5,20251112,4,0.046
5,20251112,5,0.046
5,20251112,6,0.046
5,20251112,7,0.046
5,20251112,8,0.047
5,20251112,9,0.052
5,20251112,10,0.064
5,20251112,11,0.091
5,20251112,12,0.142
5,20251112,13,0.218
5,20251112,14,0.307
5,20251112,15,0.381
5,20251112,16,0.41
5,20251112,17,0.381
5,20251112,18,0.307
5,20251112,19,0.218
5,20251112,20,0.142
5,20251112,21,0.091
5,20251112,22,0.064
5,20251112,23,0.052
5,20251112,24,0.047
5,20251112,25,0.046
5,20251112,26,0.046
5,20251112,27,0.046
5,20251112,28,0.046
5,20251112,29,0.047
5,20251112,30,0.049
5,20251112,31,0.056
5,20251112,32,0.071
5,20251112,33,0.103
5,20251112,34,0.16
5,20251112,35,0.247
5,20251112,36,0.357
5,20251112,37,0.472
5,20251112,38,0.559
5,20251112,39,0.592
5,20251112,40,0.559
5,20251112,41,0.472
5,20251112,42,0.357
5,20251112,43,0.247
5,20251112,44,0.16
5,20251112,45,0.103
5,20251112,46,0.071
5,20251112,47,0.056
5,20251112,48,0.049
5,20251113,1,0.043
5,20251113,2,0.043
5,20251113,3,0.043
5,20251113,4,0.043
5,20251113,5,0.044
5,20251113,6,0.044
5,20251113,7,0.044
5,20251113,8,0.045
5,20251113,9,0.049
5,20251113,10,0.061
5,20251113,11,0.087
5,20251113,12,0.135
5,20251113,13,0.208
5,20251113,14,0.293
5,20251113,15,0.364
5,20251113,16,0.391
5,20251113,17,0.364
5,20251113,18,0.293
5,20251113,19,0.208
5,20251113,20,0.135
5,20251113,21,0.087
5,20251113,22,0.061
5,20251113,23,0.049
5,20251113,24,0.045
5,20251113,25,0.044
5,20251113,26,0.044
5,20251113,27,0.044
5,20251113,28,0.044
5,20251113,29,0.044
5,20251113,30,0.047
5,20251113,31,0.053
5,20251113,32,0.068
5,20251113,33,0.098
5,20251113,34,0.153
5,20251113,35,0.235
5,20251113,36,0.341
5,20251113,37,0.45
5,20251113,38,0.534
5,20251113,39,0.565
5,20251113,40,0.534
5,20251113,41,0.45
5,20251113,42,0.341
5,20251113,43,0.235
5,20251113,44,0.153
5,20251113,45,0.098
5,20251113,46,0.068
5,20251113,47,0.053
5,20251113,48,0.047
5,20251114,1,0.04
5,20251114,2,0.04
5,20251114,3,0.04
5,20251114,4,0.04
5,20251114,5,0.04
5,20251114,6,0.04
5,20251114,7,0.04
5,20251114,8,0.042
5,20251114,9,0.045
5,20251114,10,0.056
5,20251114,11,0.08
5,20251114,12,0.124
5,20251114,13,0.191
5,20251114,14,0.269
5,20251114,15,0.335
5,20251114,16,0.36
5,20251114,17,0.335
5,20251114,18,0.269
5,20251114,19,0.191
5,20251114,20,0.124
5,20251114,21,0.08
5,20251114,22,0.056
5,20251114,23,0.045
5,20251114,24,0.042
5,20251114,25,0.04
5,20251114,26,0.04
5,20251114,27,0.04
5,20251114,28,0.04
5,20251114,29,0.041
5,20251114,30,0.043
5,20251114,31,0.049
5,20251114,32,0.062
5,20251114,33,0.091
5,20251114,34,0.141
5,20251114,35,0.217
5,20251114,36,0.314
5,20251114,37,0.414
5,20251114,38,0.491
5,20251114,39,0.52
5,20251114,40,0.491
5,20251114,41,0.414
5,20251114,42,0.314
5,20251114,43,0.217
5,20251114,44,0.141
5,20251114,45,0.091
5,20251114,46,0.062
5,20251114,47,0.049
5,20251114,48,0.043
5,20251115,1,0.051
5,20251115,2,0.051
5,20251115,3,0.051
5,20251115,4,0.051
5,20251115,5,0.051
5,20251115,6,0.051
5,20251115,7,0.052
5,20251115,8,0.053
5,20251115,9,0.058
5,20251115,10,0.072
5,20251115,11,0.102
5,20251115,12,0.159
5,20251115,13,0.245
5,20251115,14,0.345
5,20251115,15,0.428
5,20251115,16,0.461
5,20251115,17,0.428
5,20251115,18,0.345
5,20251115,19,0.245
5,20251115,20,0.159
5,20251115,21,0.102
5,20251115,22,0.072
5,20251115,23,0.058
5,20251115,24,0.053
5,20251115,25,0.052
5,20251115,26,0.051
5,20251115,27,0.051
5,20251115,28,0.052
5,20251115,29,0.052
5,20251115,30,0.055
5,20251115,31,0.062
5,20251115,32,0.08
5,20251115,33,0.116
5,20251115,34,0.18
5,20251115,35,0.277
5,20251115,36,0.401
5,20251115,37,0.53
5,20251115,38,0.628
5,20251115,39,0.666
5,20251115,40,0.628
5,20251115,41,0.53
5,20251115,42,0.401
5,20251115,43,0.277
5,20251115,44,0.18
5,20251115,45,0.116
5,20251115,46,0.08
5,20251115,47,0.062
5,20251115,48,0.055
5,20251116,1,0.052
5,20251116,2,0.052
5,20251116,3,0.052
5,20251116,4,0.052
5,20251116,5,0.052
5,20251116,6,0.052
5,20251116,7,0.053
5,20251116,8,0.054
5,20251116,9,0.059
5,20251116,10,0.073
5,20251116,11,0.104
5,20251116,12,0.163
5,20251116,13,0.25
5,20251116,14,0.352
5,20251116,15,0.438
5,20251116,16,0.471
5,20251116,17,0.438
5,20251116,18,0.352
5,20251116,19,0.25
5,20251116,20,0.163
5,20251116,21,0.104
5,20251116,22,0.073
5,20251116,23,0.059
5,20251116,24,0.054
5,20251116,25,0.053
5,20251116,26,0.052
5,20251116,27,0.052
5,20251116,28,0.053
5,20251116,29,0.054
5,20251116,30,0.056
5,20251116,31,0.064
5,20251116,32,0.082
5,20251116,33,0.119
5,20251116,34,0.184
5,20251116,35,0.283
5,20251116,36,0.41
5,20251116,37,0.542
5,20251116,38,0.642
5,20251116,39,0.681
5,20251116,40,0.642
5,20251116,41,0.542
5,20251116,42,0.41
5,20251116,43,0.283
5,20251116,44,0.184
5,20251116,45,0.119
5,20251116,46,0.082
5,20251116,47,0.064
5,20251116,48,0.056
5,20251117,1,0.058
5,20251117,2,0.058
5,20251117,3,0.058
5,20251117,4,0.058
5,20251117,5,0.058
5,20251117,6,0.058
5,20251117,7,0.058
5,20251117,8,0.06
5,20251117,9,0.066
5,20251117,10,0.081
5,20251117,11,0.116
5,20251117,12,0.18
5,20251117,13,0.277
5,20251117,14,0.39
5,20251117,15,0.484
5,20251117,16,0.521
5,20251117,17,0.484
5,20251117,18,0.39
5,20251117,19,0.277
5,20251117,20,0.18
5,20251117,21,0.116
5,20251117,22,0.081
5,20251117,23,0.066
5,20251117,24,0.06
5,20251117,25,0.058
5,20251117,26,0.058
5,20251117,27,0.058
5,20251117,28,0.058
5,20251117,29,0.059
5,20251117,30,0.062
5,20251117,31,0.071
5,20251117,32,0.09
5,20251117,33,0.131
5,20251117,34,0.203
5,20251117,35,0.313
5,20251117,36,0.454
5,20251117,37,0.599
5,20251117,38,0.71
5,20251117,39,0.752
5,20251117,40,0.71
5,20251117,41,0.599
5,20251117,42,0.454
5,20251117,43,0.313
5,20251117,44,0.203
5,20251117,45,0.131
5,20251117,46,0.09
5,20251117,47,0.071
5,20251117,48,0.062
5,20251118,1,0.05
5,20251118,2,0.05
5,20251118,3,0.05
5,20251118,4,0.05
5,20251118,5,0.05
5,20251118,6,0.05
5,20251118,7,0.051
5,20251118,8,0.052
5,20251118,9,0.057
5,20251118,10,0.07
5,20251118,11,0.1
5,20251118,12,0.156
5,20251118,13,0.24
5,20251118,14,0.338
5,20251118,15,0.42
5,20251118,16,0.452
5,20251118,17,0.42
5,20251118,18,0.338
5,20251118,19,0.24
5,20251118,20,0.156
5,20251118,21,0.1
5,20251118,22,0.07
5,20251118,23,0.057
5,20251118,24,0.052
5,20251118,25,0.051
5,20251118,26,0.05
5,20251118,27,0.05
5,20251118,28,0.051
5,20251118,29,0.051
5,20251118,30,0.054
5,20251118,31,0.061
5,20251118,32,0.078
5,20251118,33,0.114
5,20251118,34,0.177
5,20251118,35,0.272
5,20251118,36,0.394
5,20251118,37,0.52
5,20251118,38,0.617
5,20251118,39,0.654
5,20251118,40,0.617
5,20251118,41,0.52
5,20251118,42,0.394
5,20251118,43,0.272
5,20251118,44,0.177
5,20251118,45,0.114
5,20251118,46,0.078
5,20251118,47,0.061
5,20251118,48,0.054
5,20251119,1,0.048
5,20251119,2,0.048
5,20251119,3,0.048
5,20251119,4,0.048
5,20251119,5,0.048
5,20251119,6,0.048
5,20251119,7,0.049
5,20251119,8,0.05
5,20251119,9,0.055
5,20251119,10,0.067
5,20251119,11,0.096
5,20251119,12,0.15
5,20251119,13,0.231
5,20251119,14,0.325
5,20251119,15,0.404
5,20251119,16,0.434
5,20251119,17,0.404
5,20251119,18,0.325
5,20251119,19,0.231
5,20251119,20,0.15
5,20251119,21,0.096
5,20251119,22,0.067
5,20251119,23,0.055
5,20251119,24,0.05
5,20251119,25,0.049
5,20251119,26,0.048
5,20251119,27,0.048
5,20251119,28,0.049
5,20251119,29,0.049
5,20251119,30,0.052
5,20251119,31,0.059
5,20251119,32,0.075
5,20251119,33,0.109
5,20251119,34,0.17
5,20251119,35,0.261
5,20251119,36,0.378
5,20251119,37,0.499
5,20251119,38,0.592
5,20251119,39,0.627
5,20251119,40,0.592
5,20251119,41,0.499
5,20251119,42,0.378
5,20251119,43,0.261
5,20251119,44,0.17
5,20251119,45,0.109
5,20251119,46,0.075
5,20251119,47,0.059
5,20251119,48,0.052
5,20251120,1,0.053
5,20251120,2,0.053
5,20251120,3,0.053
5,20251120,4,0.053
5,20251120,5,0.053
5,20251120,6,0.053
5,20251120,7,0.053
5,20251120,8,0.055
5,20251120,9,0.06
5,20251120,10,0.074
5,20251120,11,0.106
5,20251120,12,0.165
5,20251120,13,0.253
5,20251120,14,0.356
5,20251120,15,0.442
5,20251120,16,0.476
5,20251120,17,0.442
5,20251120,18,0.356
5,20251120,19,0.253
5,20251120,20,0.165
5,20251120,21,0.106
5,20251120,22,0.074
5,20251120,23,0.06
5,20251120,24,0.055
5,20251120,25,0.053
5,20251120,26,0.053
5,20251120,27,0.053
5,20251120,28,0.053
5,20251120,29,0.054
5,20251120,30,0.057
5,20251120,31,0.065
5,20251120,32,0.083
5,20251120,33,0.12
5,20251120,34,0.186
5,20251120,35,0.287
5,20251120,36,0.415
5,20251120,37,0.547
5,20251120,38,0.649
5,20251120,39,0.688
5,20251120,40,0.649
5,20251120,41,0.547
5,20251120,42,0.415
5,20251120,43,0.287
5,20251120,44,0.186
5,20251120,45,0.12
5,20251120,46,0.083
5,20251120,47,0.065
5,20251120,48,0.057
5,20251121,1,0.062
5,20251121,2,0.062
5,20251121,3,0.062
5,20251121,4,0.062
5,20251121,5,0.062
5,20251121,6,0.062
5,20251121,7,0.062
5,20251121,8,0.064
5,20251121,9,0.07
5,20251121,10,0.086
5,20251121,11,0.123
5,20251121,12,0.192
5,20251121,13,0.295
5,20251121,14,0.416
5,20251121,15,0.517
5,20251121,16,0.556
5,20251121,17,0.517
5,20251121,18,0.416
5,20251121,19,0.295
5,20251121,20,0.192
5,20251121,21,0.123
5,20251121,22,0.086
5,20251121,23,0.07
5,20251121,24,0.064
5,20251121,25,0.062
5,20251121,26,0.062
5,20251121,27,0.062
5,20251121,28,0.062
5,20251121,29,0.063
5,20251121,30,0.067
5,20251121,31,0.075
5,20251121,32,0.097
5,20251121,33,0.14
5,20251121,34,0.217
5,20251121,35,0.335
5,20251121,36,0.485
5,20251121,37,0.64
5,20251121,38,0.759
5,20251121,39,0.804
5,20251121,40,0.759
5,20251121,41,0.64
5,20251121,42,0.485
5,20251121,43,0.335
5,20251121,44,0.217
5,20251121,45,0.14
5,20251121,46,0.097
5,20251121,47,0.075
5,20251121,48,0.067
5,20251122,1,0.048
5,20251122,2,0.048
5,20251122,3,0.048
5,20251122,4,0.048
5,20251122,5,0.048
5,20251122,6,0.048
5,20251122,7,0.048
5,20251122,8,0.049
5,20251122,9,0.054
5,20251122,10,0.067
5,20251122,11,0.095
5,20251122,12,0.148
5,20251122,13,0.227
5,20251122,14,0.32
5,20251122,15,0.398
5,20251122,16,0.428
5,20251122,17,0.398
5,20251122,18,0.32
5,20251122,19,0.227
5,20251122,20,0.148
5,20251122,21,0.095
5,20251122,22,0.067
5,20251122,23,0.054
5,20251122,24,0.049
5,20251122,25,0.048
5,20251122,26,0.048
5,20251122,27,0.048
5,20251122,28,0.048
5,20251122,29,0.049
5,20251122,30,0.051
5,20251122,31,0.058
5,20251122,32,0.074
5,20251122,33,0.108
5,20251122,34,0.167
5,20251122,35,0.258
5,20251122,36,0.373
5,20251122,37,0.492
5,20251122,38,0.584
5,20251122,39,0.619
5,20251122,40,0.584
5,20251122,41,0.492
5,20251122,42,0.373
5,20251122,43,0.258
5,20251122,44,0.167
5,20251122,45,0.108
5,20251122,46,0.074
5,20251122,47,0.058
5,20251122,48,0.051
5,20251123,1,0.055
5,20251123,2,0.055
5,20251123,3,0.055
5,20251123,4,0.055
5,20251123,5,0.055
5,20251123,6,0.055
5,20251123,7,0.056
5,20251123,8,0.057
5,20251123,9,0.063
5,20251123,10,0.077
5,20251123,11,0.11
5,20251123,12,0.171
5,20251123,13,0.264
5,20251123,14,0.371
5,20251123,15,0.461
5,20251123,16,0.496
5,20251123,17,0.461
5,20251123,18,0.371
5,20251123,19,0.264
5,20251123,20,0.171
5,20251123,21,0.11
5,20251123,22,0.077
5,20251123,23,0.063
5,20251123,24,0.057
5,20251123,25,0.056
5,20251123,26,0.055
5,20251123,27,0.055
5,20251123,28,0.056
5,20251123,29,0.056
5,20251123,30,0.059
5,20251123,31,0.067
5,20251123,32,0.086
5,20251123,33,0.125
5,20251123,34,0.194
5,20251123,35,0.299
5,20251123,36,0.432
5,20251123,37,0.571
5,20251123,38,0.677
5,20251123,39,0.717
5,20251123,40,0.677
5,20251123,41,0.571
5,20251123,42,0.432
5,20251123,43,0.299
5,20251123,44,0.194
5,20251123,45,0.125
5,20251123,46,0.086
5,20251123,47,0.067
5,20251123,48,0.059
5,20251124,1,0.054
5,20251124,2,0.054
5,20251124,3,0.054
5,20251124,4,0.054
5,20251124,5,0.054
5,20251124,6,0.054
5,20251124,7,0.055
5,20251124,8,0.056
5,20251124,9,0.061
5,20251124,10,0.076
5,20251124,11,0.108
5,20251124,12,0.168
5,20251124,13,0.258
5,20251124,14,0.364
5,20251124,15,0.451
5,20251124,16,0.486
5,20251124,17,0.451
5,20251124,18,0.364
5,20251124,19,0.258
5,20251124,20,0.168
5,20251124,21,0.108
5,20251124,22,0.076
5,20251124,23,0.061
5,20251124,24,0.056
5,20251124,25,0.055
5,20251124,26,0.054
5,20251124,27,0.054
5,20251124,28,0.054
5,20251124,29,0.055
5,20251124,30,0.058
5,20251124,31,0.066
5,20251124,32,0.084
5,20251124,33,0.122
5,20251124,34,0.19
5,20251124,35,0.292
5,20251124,36,0.423
5,20251124,37,0.559
5,20251124,38,0.663
5,20251124,39,0.702
5,20251124,40,0.663
5,20251124,41,0.559
5,20251124,42,0.423
5,20251124,43,0.292
5,20251124,44,0.19
5,20251124,45,0.122
5,20251124,46,0.084
5,20251124,47,0.066
5,20251124,48,0.058
5,20251125,1,0.051
5,20251125,2,0.051
5,20251125,3,0.051
5,20251125,4,0.051
5,20251125,5,0.051
5,20251125,6,0.051
5,20251125,7,0.051
5,20251125,8,0.053
5,20251125,9,0.058
5,20251125,10,0.071
5,20251125,11,0.102
5,20251125,12,0.158
5,20251125,13,0.243
5,20251125,14,0.343
5,20251125,15,0.426
5,20251125,16,0.459
5,20251125,17,0.426
5,20251125,18,0.343
5,20251125,19,0.243
5,20251125,20,0.158
5,20251125,21,0.102
5,20251125,22,0.071
5,20251125,23,0.058
5,20251125,24,0.053
5,20251125,25,0.051
5,20251125,26,0.051
5,20251125,27,0.051
5,20251125,28,0.051
5,20251125,29,0.052
5,20251125,30,0.055
5,20251125,31,0.062
5,20251125,32,0.08
5,20251125,33,0.115
5,20251125,34,0.179
5,20251125,35,0.276
5,20251125,36,0.399
5,20251125,37,0.527
5,20251125,38,0.625
5,20251125,39,0.662
5,20251125,40,0.625
5,20251125,41,0.527
5,20251125,42,0.399
5,20251125,43,0.276
5,20251125,44,0.179
5,20251125,45,0.115
5,20251125,46,0.08
5,20251125,47,0.062
5,20251125,48,0.055
5,20251126,1,0.055
5,20251126,2,0.055
5,20251126,3,0.055
5,20251126,4,0.055
5,20251126,5,0.055
5,20251126,6,0.055
5,20251126,7,0.056
5,20251126,8,0.058
5,20251126,9,0.063
5,20251126,10,0.077
5,20251126,11,0.111
5,20251126,12,0.172
5,20251126,13,0.265
5,20251126,14,0.373
5,20251126,15,0.463
5,20251126,16,0.498
5,20251126,17,0.463
5,20251126,18,0.373
5,20251126,19,0.265
5,20251126,20,0.172
5,20251126,21,0.111
5,20251126,22,0.077
5,20251126,23,0.063
5,20251126,24,0.058
5,20251126,25,0.056
5,20251126,26,0.055
5,20251126,27,0.055
5,20251126,28,0.056
5,20251126,29,0.057
5,20251126,30,0.06
5,20251126,31,0.068
5,20251126,32,0.086
5,20251126,33,0.125
5,20251126,34,0.195
5,20251126,35,0.3
5,20251126,36,0.434
5,20251126,37,0.573
5,20251126,38,0.68
5,20251126,39,0.72
5,20251126,40,0.68
5,20251126,41,0.573
5,20251126,42,0.434
5,20251126,43,0.3
5,20251126,44,0.195
5,20251126,45,0.125
5,20251126,46,0.086
5,20251126,47,0.068
5,20251126,48,0.06
5,20251127,1,0.047
5,20251127,2,0.047
5,20251127,3,0.047
5,20251127,4,0.047
5,20251127,5,0.047
5,20251127,6,0.047
5,20251127,7,0.048
5,20251127,8,0.049
5,20251127,9,0.054
5,20251127,10,0.066
5,20251127,11,0.094
5,20251127,12,0.147
5,20251127,13,0.226
5,20251127,14,0.318
5,20251127,15,0.395
5,20251127,16,0.425
5,20251127,17,0.395
5,20251127,18,0.318
5,20251127,19,0.226
5,20251127,20,0.147
5,20251127,21,0.094
5,20251127,22,0.066
5,20251127,23,0.054
5,20251127,24,0.049
5,20251127,25,0.048
5,20251127,26,0.047
5,20251127,27,0.047
5,20251127,28,0.048
5,20251127,29,0.048
5,20251127,30,0.051
5,20251127,31,0.058
5,20251127,32,0.074
5,20251127,33,0.107
5,20251127,34,0.166
5,20251127,35,0.256
5,20251127,36,0.37
5,20251127,37,0.489
5,20251127,38,0.58
5,20251127,39,0.614
5,20251127,40,0.58
5,20251127,41,0.489
5,20251127,42,0.37
5,20251127,43,0.256
5,20251127,44,0.166
5,20251127,45,0.107
5,20251127,46,0.074
5,20251127,47,0.058
5,20251127,48,0.051
5,20251128,1,0.043
5,20251128,2,0.043
5,20251128,3,0.043
5,20251128,4,0.043
5,20251128,5,0.043
5,20251128,6,0.043
5,20251128,7,0.043
5,20251128,8,0.044
5,20251128,9,0.049
5,20251128,10,0.06
5,20251128,11,0.085
5,20251128,12,0.133
5,20251128,13,0.204
5,20251128,14,0.288
5,20251128,15,0.358
5,20251128,16,0.385
5,20251128,17,0.358
5,20251128,18,0.288
5,20251128,19,0.204
5,20251128,20,0.133
5,20251128,21,0.085
5,20251128,22,0.06
5,20251128,23,0.049
5,20251128,24,0.044
5,20251128,25,0.043
5,20251128,26,0.043
5,20251128,27,0.043
5,20251128,28,0.043
5,20251128,29,0.044
5,20251128,30,0.046
5,20251128,31,0.052
5,20251128,32,0.067
5,20251128,33,0.097
5,20251128,34,0.15
5,20251128,35,0.232
5,20251128,36,0.335
5,20251128,37,0.442
5,20251128,38,0.525
5,20251128,39,0.556
5,20251128,40,0.525
5,20251128,41,0.442
5,20251128,42,0.335
5,20251128,43,0.232
5,20251128,44,0.15
5,20251128,45,0.097
5,20251128,46,0.067
5,20251128,47,0.052
5,20251128,48,0.046
5,20251129,1,0.064
5,20251129,2,0.064
5,20251129,3,0.064
5,20251129,4,0.064
5,20251129,5,0.064
5,20251129,6,0.065
5,20251129,7,0.065
5,20251129,8,0.067
5,20251129,9,0.073
5,20251129,10,0.09
5,20251129,11,0.129
5,20251129,12,0.2
5,20251129,13,0.308
5,20251129,14,0.434
5,20251129,15,0.539
5,20251129,16,0.58
5,20251129,17,0.539
5,20251129,18,0.434
5,20251129,19,0.308
5,20251129,20,0.2
5,20251129,21,0.129
5,20251129,22,0.09
5,20251129,23,0.073
5,20251129,24,0.067
5,20251129,25,0.065
5,20251129,26,0.065
5,20251129,27,0.065
5,20251129,28,0.065
5,20251129,29,0.066
5,20251129,30,0.069
5,20251129,31,0.079
5,20251129,32,0.101
5,20251129,33,0.146
5,20251129,34,0.226
5,20251129,35,0.349
5,20251129,36,0.505
5,20251129,37,0.666
5,20251129,38,0.791
5,20251129,39,0.837
5,20251129,40,0.791
5,20251129,41,0.666
5,20251129,42,0.505
5,20251129,43,0.349
5,20251129,44,0.226
5,20251129,45,0.146
5,20251129,46,0.101
5,20251129,47,0.079
5,20251129,48,0.069
5,20251130,1,0.058
5,20251130,2,0.058
5,20251130,3,0.058
5,20251130,4,0.058
5,20251130,5,0.058
5,20251130,6,0.058
5,20251130,7,0.059
5,20251130,8,0.06
5,20251130,9,0.066
5,20251130,10,0.081
5,20251130,11,0.116
5,20251130,12,0.181
5,20251130,13,0.278
5,20251130,14,0.392
5,20251130,15,0.487
5,20251130,16,0.524
5,20251130,17,0.487
5,20251130,18,0.392
5,20251130,19,0.278
5,20251130,20,0.181
5,20251130,21,0.116
5,20251130,22,0.081
5,20251130,23,0.066
5,20251130,24,0.06
5,20251130,25,0.059
5,20251130,26,0.058
5,20251130,27,0.058
5,20251130,28,0.059
5,20251130,29,0.06
5,20251130,30,0.063
5,20251130,31,0.071
5,20251130,32,0.091
5,20251130,33,0.132
5,20251130,34,0.205
5,20251130,35,0.315
5,20251130,36,0.456
5,20251130,37,0.603
5,20251130,38,0.715
5,20251130,39,0.757
5,20251130,40,0.715
5,20251130,41,0.603
5,20251130,42,0.456
5,20251130,43,0.315
5,20251130,44,0.205
5,20251130,45,0.132
5,20251130,46,0.091
5,20251130,47,0.071
5,20251130,48,0.063
6,20251101,1,0.051
6,20251101,2,0.051
6,20251101,3,0.051
6,20251101,4,0.051
6,20251101,5,0.051
6,20251101,6,0.051
6,20251101,7,0.051
6,20251101,8,0.051
6,20251101,9,0.051
6,20251101,10,0.051
6,20251101,11,0.051
6,20251101,12,0.051
6,20251101,13,0.051
6,20251101,14,0.052
6,20251101,15,0.053
6,20251101,16,0.055
6,20251101,17,0.058
6,20251101,18,0.063
6,20251101,19,0.071
6,20251101,20,0.084
6,20251101,21,0.102
6,20251101,22,0.126
6,20251101,23,0.158
6,20251101,24,0.198
6,20251101,25,0.243
6,20251101,26,0.293
6,20251101,27,0.343
6,20251101,28,0.389
6,20251101,29,0.426
6,20251101,30,0.45
6,20251101,31,0.459
6,20251101,32,0.45
6,20251101,33,0.426
6,20251101,34,0.389
6,20251101,35,0.343
6,20251101,36,0.293
6,20251101,37,0.243
6,20251101,38,0.198
6,20251101,39,0.158
6,20251101,40,0.126
6,20251101,41,0.102
6,20251101,42,0.084
6,20251101,43,0.071
6,20251101,44,0.063
6,20251101,45,0.058
6,20251101,46,0.055
6,20251101,47,0.053
6,20251101,48,0.052
6,20251101,49,0.051
6,20251101,50,0.051
6,20251101,51,0.051
6,20251101,52,0.051
6,20251101,53,0.051
6,20251101,54,0.051
6,20251101,55,0.051
6,20251101,56,0.052
6,20251101,57,0.052
6,20251101,58,0.053
6,20251101,59,0.055
6,20251101,60,0.058
6,20251101,61,0.062
6,20251101,62,0.069
6,20251101,63,0.08
6,20251101,64,0.095
6,20251101,65,0.115
6,20251101,66,0.143
6,20251101,67,0.179
6,20251101,68,0.223
6,20251101,69,0.276
6,20251101,70,0.335
6,20251101,71,0.399
6,20251101,72,0.465
6,20251101,73,0.527
6,20251101,74,0.582
6,20251101,75,0.625
6,20251101,76,0.653
6,20251101,77,0.662
6,20251101,78,0.653
6,20251101,79,0.625
6,20251101,80,0.582
6,20251101,81,0.527
6,20251101,82,0.465
6,20251101,83,0.399
6,20251101,84,0.335
6,20251101,85,0.276
6,20251101,86,0.223
6,20251101,87,0.179
6,20251101,88,0.143
6,20251101,89,0.115
6,20251101,90,0.095
6,20251101,91,0.08
6,20251101,92,0.069
6,20251101,93,0.062
6,20251101,94,0.058
6,20251101,95,0.055
6,20251101,96,0.053
6,20251102,1,0.05
6,20251102,2,0.05
6,20251102,3,0.05
6,20251102,4,0.05
6,20251102,5,0.05
6,20251102,6,0.05
6,20251102,7,0.05
6,20251102,8,0.05
6,20251102,9,0.05
6,20251102,10,0.05
6,20251102,11,0.05
6,20251102,12,0.05
6,20251102,13,0.051
6,20251102,14,0.051
6,20251102,15,0.052
6,20251102,16,0.054
6,20251102,17,0.057
6,20251102,18,0.062
6,20251102,19,0.07
6,20251102,20,0.083
6,20251102,21,0.1
6,20251102,22,0.125
6,20251102,23,0.156
6,20251102,24,0.195
6,20251102,25,0.24
6,20251102,26,0.289
6,20251102,27,0.338
6,20251102,28,0.384
6,20251102,29,0.42
6,20251102,30,0.444
6,20251102,31,0.452
6,20251102,32,0.444
6,20251102,33,0.42
6,20251102,34,0.384
6,20251102,35,0.338
6,20251102,36,0.289
6,20251102,37,0.24
6,20251102,38,0.195
6,20251102,39,0.156
6,20251102,40,0.125
6,20251102,41,0.1
6,20251102,42,0.083
6,20251102,43,0.07
6,20251102,44,0.062
6,20251102,45,0.057
6,20251102,46,0.054
6,20251102,47,0.052
6,20251102,48,0.051
6,20251102,49,0.051
6,20251102,50,0.05
6,20251102,51,0.05
6,20251102,52,0.05
6,20251102,53,0.05
6,20251102,54,0.05
6,20251102,55,0.051
6,20251102,56,0.051
6,20251102,57,0.051
6,20251102,58,0.052
6,20251102,59,0.054
6,20251102,60,0.057
6,20251102,61,0.061
6,20251102,62,0.068
6,20251102,63,0.078
6,20251102,64,0.093
6,20251102,65,0.114
6,20251102,66,0.141
6,20251102,67,0.177
6,20251102,68,0.22
6,20251102,69,0.272
6,20251102,70,0.331
6,20251102,71,0.394
6,20251102,72,0.458
6,20251102,73,0.52
6,20251102,74,0.574
6,20251102,75,0.617
6,20251102,76,0.644
6,20251102,77,0.654
6,20251102,78,0.644
6,20251102,79,0.617
6,20251102,80,0.574
6,20251102,81,0.52
6,20251102,82,0.458
6,20251102,83,0.394
6,20251102,84,0.331
6,20251102,85,0.272
6,20251102,86,0.22
6,20251102,87,0.177
6,20251102,88,0.141
6,20251102,89,0.114
6,20251102,90,0.093
6,20251102,91,0.078
6,20251102,92,0.068
6,20251102,93,0.061
6,20251102,94,0.057
6,20251102,95,0.054
6,20251102,96,0.052
6,20251103,1,0.062
6,20251103,2,0.062
6,20251103,3,0.062
6,20251103,4,0.062
6,20251103,5,0.062
6,20251103,6,0.062
6,20251103,7,0.062
6,20251103,8,0.062
6,20251103,9,0.062
6,20251103,10,0.062
6,20251103,11,0.062
6,20251103,12,0.062
6,20251103,13,0.063
6,20251103,14,0.063
6,20251103,15,0.065
6,20251103,16,0.067
6,20251103,17,0.071
6,20251103,18,0.077
6,20251103,19,0.087
6,20251103,20,0.102
6,20251103,21,0.124
6,20251103,22,0.154
6,20251103,23,0.193
6,20251103,24,0.242
6,20251103,25,0.297
6,20251103,26,0.358
6,20251103,27,0.419
6,20251103,28,0.475
6,20251103,29,0.52
6,20251103,30,0.55
6,20251103,31,0.56
6,20251103,32,0.55
6,20251103,33,0.52
6,20251103,34,0.475
6,20251103,35,0.419
6,20251103,36,0.358
6,20251103,37,0.297
6,20251103,38,0.242
6,20251103,39,0.193
6,20251103,40,0.154
6,20251103,41,0.124
6,20251103,42,0.102
6,20251103,43,0.087
6,20251103,44,0.077
6,20251103,45,0.071
6,20251103,46,0.067
6,20251103,47,0.065
6,20251103,48,0.063
6,20251103,49,0.063
6,20251103,50,0.062
6,20251103,51,0.062
6,20251103,52,0.062
6,20251103,53,0.062
6,20251103,54,0.062
6,20251103,55,0.063
6,20251103,56,0.063
6,20251103,57,0.064
6,20251103,58,0.065
6,20251103,59,0.067
6,20251103,60,0.07
6,20251103,61,0.076
6,20251103,62,0.084
6,20251103,63,0.097
6,20251103,64,0.115
6,20251103,65,0.141
6,20251103,66,0.175
6,20251103,67,0.219
6,20251103,68,0.273
6,20251103,69,0.337
6,20251103,70,0.409
6,20251103,71,0.488
6,20251103,72,0.567
6,20251103,73,0.644
6,20251103,74,0.711
6,20251103,75,0.764
6,20251103,76,0.797
6,20251103,77,0.809
6,20251103,78,0.797
6,20251103,79,0.764
6,20251103,80,0.711
6,20251103,81,0.644
6,20251103,82,0.567
6,20251103,83,0.488
6,20251103,84,0.409
6,20251103,85,0.337
6,20251103,86,0.273
6,20251103,87,0.219
6,20251103,88,0.175
6,20251103,89,0.141
6,20251103,90,0.115
6,20251103,91,0.097
6,20251103,92,0.084
6,20251103,93,0.076
6,20251103,94,0.07
6,20251103,95,0.067
6,20251103,96,0.065
6,20251104,1,0.053
6,20251104,2,0.053
6,20251104,3,0.053
6,20251104,4,0.053
6,20251104,5,0.053
6,20251104,6,0.053
6,20251104,7,0.053
6,20251104,8,0.053
6,20251104,9,0.053
6,20251104,10,0.053
6,20251104,11,0.053
6,20251104,12,0.053
6,20251104,13,0.054
6,20251104,14,0.054
6,20251104,15,0.055
6,20251104,16,0.057
6,20251104,17,0.06
6,20251104,18,0.066
6,20251104,19,0.074
6,20251104,20,0.088
6,20251104,21,0.106
6,20251104,22,0.132
6,20251104,23,0.166
6,20251104,24,0.207
6,20251104,25,0.255
6,20251104,26,0.306
6,20251104,27,0.359
6,20251104,28,0.407
6,20251104,29,0.445
6,20251104,30,0.471
6,20251104,31,0.479
6,20251104,32,0.471
6,20251104,33,0.445
6,20251104,34,0.407
6,20251104,35,0.359
6,20251104,36,0.306
6,20251104,37,0.255
6,20251104,38,0.207
6,20251104,39,0.166
6,20251104,40,0.132
6,20251104,41,0.106
6,20251104,42,0.088
6,20251104,43,0.074
6,20251104,44,0.066
6,20251104,45,0.06
6,20251104,46,0.057
6,20251104,47,0.055
6,20251104,48,0.054
6,20251104,49,0.054
6,20251104,50,0.054
6,20251104,51,0.053
6,20251104,52,0.053
6,20251104,53,0.053
6,20251104,54,0.053
6,20251104,55,0.054
6,20251104,56,0.054
6,20251104,57,0.055
6,20251104,58,0.056
6,20251104,59,0.057
6,20251104,60,0.06
6,20251104,61,0.065
6,20251104,62,0.072
6,20251104,63,0.083
6,20251104,64,0.099
6,20251104,65,0.121
6,20251104,66,0.15
6,20251104,67,0.187
6,20251104,68,0.234
6,20251104,69,0.288
6,20251104,70,0.351
6,20251104,71,0.417
6,20251104,72,0.486
6,20251104,73,0.551
6,20251104,74,0.609
6,20251104,75,0.654
6,20251104,76,0.683
6,20251104,77,0.692
6,20251104,78,0.683
6,20251104,79,0.654
6,20251104,80,0.609
6,20251104,81,0.551
6,20251104,82,0.486
6,20251104,83,0.417
6,20251104,84,0.351
6,20251104,85,0.288
6,20251104,86,0.234
6,20251104,87,0.187
6,20251104,88,0.15
6,20251104,89,0.121
6,20251104,90,0.099
6,20251104,91,0.083
6,20251104,92,0.072
6,20251104,93,0.065
6,20251104,94,0.06
6,20251104,95,0.057
6,20251104,96,0.056
6,20251105,1,0.057
6,20251105,2,0.057
6,20251105,3,0.057
6,20251105,4,0.057
6,20251105,5,0.057
6,20251105,6,0.057
6,20251105,7,0.058
6,20251105,8,0.058
6,20251105,9,0.058
6,20251105,10,0.058
6,20251105,11,0.058
6,20251105,12,0.058
6,20251105,13,0.058
6,20251105,14,0.059
6,20251105,15,0.06
6,20251105,16,0.062
6,20251105,17,0.065
6,20251105,18,0.071
6,20251105,19,0.08
6,20251105,20,0.094
6,20251105,21,0.115
6,20251105,22,0.143
6,20251105,23,0.179
6,20251105,24,0.223
6,20251105,25,0.275
6,20251105,26,0.331
6,20251105,27,0.387
6,20251105,28,0.439
6,20251105,29,0.481
6,20251105,30,0.508
6,20251105,31,0.517
6,20251105,32,0.508
6,20251105,33,0.481
6,20251105,34,0.439
6,20251105,35,0.387
6,20251105,36,0.331
6,20251105,37,0.275
6,20251105,38,0.223
6,20251105,39,0.179
6,20251105,40,0.143
6,20251105,41,0.115
6,20251105,42,0.094
6,20251105,43,0.08
6,20251105,44,0.071
6,20251105,45,0.065
6,20251105,46,0.062
6,20251105,47,0.06
6,20251105,48,0.059
6,20251105,49,0.058
6,20251105,50,0.058
6,20251105,51,0.058
6,20251105,52,0.058
6,20251105,53,0.058
6,20251105,54,0.058
6,20251105,55,0.058
6,20251105,56,0.058
6,20251105,57,0.059
6,20251105,58,0.06
6,20251105,59,0.062
6,20251105,60,0.065
6,20251105,61,0.07
6,20251105,62,0.078
6,20251105,63,0.09
6,20251105,64,0.107
6,20251105,65,0.13
6,20251105,66,0.162
6,20251105,67,0.202
6,20251105,68,0.252
6,20251105,69,0.311
6,20251105,70,0.378
6,20251105,71,0.451
6,20251105,72,0.524
6,20251105,73,0.595
6,20251105,74,0.657
6,20251105,75,0.706
6,20251105,76,0.737
6,20251105,77,0.747
6,20251105,78,0.737
6,20251105,79,0.706
6,20251105,80,0.657
6,20251105,81,0.595
6,20251105,82,0.524
6,20251105,83,0.451
6,20251105,84,0.378
6,20251105,85,0.311
6,20251105,86,0.252
6,20251105,87,0.202
6,20251105,88,0.162
6,20251105,89,0.13
6,20251105,90,0.107
6,20251105,91,0.09
6,20251105,92,0.078
6,20251105,93,0.07
6,20251105,94,0.065
6,20251105,95,0.062
6,20251105,96,0.06
6,20251106,1,0.056
6,20251106,2,0.056
6,20251106,3,0.056
6,20251106,4,0.056
6,20251106,5,0.056
6,20251106,6,0.056
6,20251106,7,0.056
6,20251106,8,0.056
6,20251106,9,0.056
6,20251106,10,0.056
6,20251106,11,0.057
6,20251106,12,0.057
6,20251106,13,0.057
6,20251106,14,0.058
6,20251106,15,0.059
6,20251106,16,0.061
6,20251106,17,0.064
6,20251106,18,0.07
6,20251106,19,0.079
6,20251106,20,0.093
6,20251106,21,0.113
6,20251106,22,0.14
6,20251106,23,0.175
6,20251106,24,0.219
6,20251106,25,0.27
6,20251106,26,0.324
6,20251106,27,0.38
6,20251106,28,0.431
6,20251106,29,0.472
6,20251106,30,0.498
6,20251106,31,0.508
6,20251106,32,0.498
6,20251106,33,0.472
6,20251106,34,0.431
6,20251106,35,0.38
6,20251106,36,0.324
6,20251106,37,0.27
6,20251106,38,0.219
6,20251106,39,0.175
6,20251106,40,0.14
6,20251106,41,0.113
6,20251106,42,0.093
6,20251106,43,0.079
6,20251106,44,0.07
6,20251106,45,0.064
6,20251106,46,0.061
6,20251106,47,0.059
6,20251106,48,0.058
6,20251106,49,0.057
6,20251106,50,0.057
6,20251106,51,0.057
6,20251106,52,0.056
6,20251106,53,0.057
6,20251106,54,0.057
6,20251106,55,0.057
6,20251106,56,0.057
6,20251106,57,0.058
6,20251106,58,0.059
6,20251106,59,0.061
6,20251106,60,0.064
6,20251106,61,0.069
6,20251106,62,0.077
6,20251106,63,0.088
6,20251106,64,0.105
6,20251106,65,0.128
6,20251106,66,0.159
6,20251106,67,0.198
6,20251106,68,0.247
6,20251106,69,0.305
6,20251106,70,0.371
6,20251106,71,0.442
6,20251106,72,0.514
6,20251106,73,0.584
6,20251106,74,0.645
6,20251106,75,0.692
6,20251106,76,0.723
6,20251106,77,0.733
6,20251106,78,0.723
6,20251106,79,0.692
6,20251106,80,0.645
6,20251106,81,0.584
6,20251106,82,0.514
6,20251106,83,0.442
6,20251106,84,0.371
6,20251106,85,0.305
6,20251106,86,0.247
6,20251106,87,0.198
6,20251106,88,0.159
6,20251106,89,0.128
6,20251106,90,0.105
6,20251106,91,0.088
6,20251106,92,0.077
6,20251106,93,0.069
6,20251106,94,0.064
6,20251106,95,0.061
6,20251106,96,0.059
6,20251107,1,0.043
6,20251107,2,0.043
6,20251107,3,0.043
6,20251107,4,0.043
6,20251107,5,0.043
6,20251107,6,0.043
6,20251107,7,0.043
6,20251107,8,0.043
6,20251107,9,0.043
6,20251107,10,0.043
6,20251107,11,0.043
6,20251107,12,0.043
6,20251107,13,0.044
6,20251107,14,0.044
6,20251107,15,0.045
6,20251107,16,0.046
6,20251107,17,0.049
6,20251107,18,0.053
6,20251107,19,0.06
6,20251107,20,0.071
6,20251107,21,0.086
6,20251107,22,0.107
6,20251107,23,0.134
6,20251107,24,0.168
6,20251107,25,0.206
6,20251107,26,0.249
6,20251107,27,0.291
6,20251107,28,0.33
6,20251107,29,0.361
6,20251107,30,0.382
6,20251107,31,0.389
6,20251107,32,0.382
6,20251107,33,0.361
6,20251107,34,0.33
6,20251107,35,0.291
6,20251107,36,0.249
6,20251107,37,0.206
6,20251107,38,0.168
6,20251107,39,0.134
6,20251107,40,0.107
6,20251107,41,0.086
6,20251107,42,0.071
6,20251107,43,0.06
6,20251107,44,0.053
6,20251107,45,0.049
6,20251107,46,0.046
6,20251107,47,0.045
6,20251107,48,0.044
6,20251107,49,0.044
6,20251107,50,0.043
6,20251107,51,0.043
6,20251107,52,0.043
6,20251107,53,0.043
6,20251107,54,0.043
6,20251107,55,0.043
6,20251107,56,0.044
6,20251107,57,0.044
6,20251107,58,0.045
6,20251107,59,0.046
6,20251107,60,0.049
6,20251107,61,0.053
6,20251107,62,0.059
6,20251107,63,0.067
6,20251107,64,0.08
6,20251107,65,0.098
6,20251107,66,0.121
6,20251107,67,0.152
6,20251107,68,0.189
6,20251107,69,0.234
6,20251107,70,0.284
6,20251107,71,0.339
6,20251107,72,0.394
6,20251107,73,0.447
6,20251107,74,0.494
6,20251107,75,0.53
6,20251107,76,0.554
6,20251107,77,0.562
6,20251107,78,0.554
6,20251107,79,0.53
6,20251107,80,0.494
6,20251107,81,0.447
6,20251107,82,0.394
6,20251107,83,0.339
6,20251107,84,0.284
6,20251107,85,0.234
6,20251107,86,0.189
6,20251107,87,0.152
6,20251107,88,0.121
6,20251107,89,0.098
6,20251107,90,0.08
6,20251107,91,0.067
6,20251107,92,0.059
6,20251107,93,0.053
6,20251107,94,0.049
6,20251107,95,0.046
6,20251107,96,0.045
6,20251108,1,0.063
6,20251108,2,0.063
6,20251108,3,0.063
6,20251108,4,0.063
6,20251108,5,0.063
6,20251108,6,0.063
6,20251108,7,0.063
6,20251108,8,0.063
6,20251108,9,0.063
6,20251108,10,0.063
6,20251108,11,0.063
6,20251108,12,0.063
6,20251108,13,0.063
6,20251108,14,0.064
6,20251108,15,0.065
6,20251108,16,0.067
6,20251108,17,0.071
6,20251108,18,0.078
6,20251108,19,0.088
6,20251108,20,0.103
6,20251108,21,0.125
6,20251108,22,0.155
6,20251108,23,0.195
6,20251108,24,0.243
6,20251108,25,0.3
6,20251108,26,0.361
6,20251108,27,0.422
6,20251108,28,0.478
6,20251108,29,0.524
6,20251108,30,0.554
6,20251108,31,0.564
6,20251108,32,0.554
6,20251108,33,0.524
6,20251108,34,0.478
6,20251108,35,0.422
6,20251108,36,0.361
6,20251108,37,0.3
6,20251108,38,0.243
6,20251108,39,0.195
6,20251108,40,0.155
6,20251108,41,0.125
6,20251108,42,0.103
6,20251108,43,0.088
6,20251108,44,0.078
6,20251108,45,0.071
6,20251108,46,0.067
6,20251108,47,0.065
6,20251108,48,0.064
6,20251108,49,0.063
6,20251108,50,0.063
6,20251108,51,0.063
6,20251108,52,0.063
6,20251108,53,0.063
6,20251108,54,0.063
6,20251108,55,0.063
6,20251108,56,0.063
6,20251108,57,0.064
6,20251108,58,0.065
6,20251108,59,0.067
6,20251108,60,0.071
6,20251108,61,0.076
6,20251108,62,0.085
6,20251108,63,0.098
6,20251108,64,0.116
6,20251108,65,0.142
6,20251108,66,0.176
6,20251108,67,0.22
6,20251108,68,0.275
6,20251108,69,0.339
6,20251108,70,0.412
6,20251108,71,0.491
6,20251108,72,0.572
6,20251108,73,0.648
6,20251108,74,0.716
6,20251108,75,0.769
6,20251108,76,0.803
6,20251108,77,0.815
6,20251108,78,0.803
6,20251108,79,0.769
6,20251108,80,0.716
6,20251108,81,0.648
6,20251108,82,0.572
6,20251108,83,0.491
6,20251108,84,0.412
6,20251108,85,0.339
6,20251108,86,0.275
6,20251108,87,0.22
6,20251108,88,0.176
6,20251108,89,0.142
6,20251108,90,0.116
6,20251108,91,0.098
6,20251108,92,0.085
6,20251108,93,0.076
6,20251108,94,0.071
6,20251108,95,0.067
6,20251108,96,0.065
6,20251109,1,0.059
6,20251109,2,0.059
6,20251109,3,0.059
6,20251109,4,0.059
6,20251109,5,0.059
6,20251109,6,0.059
6,20251109,7,0.059
6,20251109,8,0.059
6,20251109,9,0.059
6,20251109,10,0.059
6,20251109,11,0.059
6,20251109,12,0.06
6,20251109,13,0.06
6,20251109,14,0.06
6,20251109,15,0.062
6,20251109,16,0.064
6,20251109,17,0.067
6,20251109,18,0.073
6,20251109,19,0.083
6,20251109,20,0.097
6,20251109,21,0.118
6,20251109,22,0.147
6,20251109,23,0.184
6,20251109,24,0.23
6,20251109,25,0.283
6,20251109,26,0.341
6,20251109,27,0.399
6,20251109,28,0.453
6,20251109,29,0.496
6,20251109,30,0.524
6,20251109,31,0.534
6,20251109,32,0.524
6,20251109,33,0.496
6,20251109,34,0.453
6,20251109,35,0.399
6,20251109,36,0.341
6,20251109,37,0.283
6,20251109,38,0.23
6,20251109,39,0.184
6,20251109,40,0.147
6,20251109,41,0.118
6,20251109,42,0.097
6,20251109,43,0.083
6,20251109,44,0.073
6,20251109,45,0.067
6,20251109,46,0.064
6,20251109,47,0.062
6,20251109,48,0.06
6,20251109,49,0.06
6,20251109,50,0.06
6,20251109,51,0.059
6,20251109,52,0.059
6,20251109,53,0.059
6,20251109,54,0.059
6,20251109,55,0.06
6,20251109,56,0.06
6,20251109,57,0.061
6,20251109,58,0.062
6,20251109,59,0.064
6,20251109,60,0.067
6,20251109,61,0.072
6,20251109,62,0.08
6,20251109,63,0.093
6,20251109,64,0.11
6,20251109,65,0.134
6,20251109,66,0.167
6,20251109,67,0.208
6,20251109,68,0.26
6,20251109,69,0.321
6,20251109,70,0.39
6,20251109,71,0.465
6,20251109,72,0.541
6,20251109,73,0.614
6,20251109,74,0.678
6,20251109,75,0.728
6,20251109,76,0.76
6,20251109,77,0.771
6,20251109,78,0.76
6,20251109,79,0.728
6,20251109,80,0.678
6,20251109,81,0.614
6,20251109,82,0.541
6,20251109,83,0.465
6,20251109,84,0.39
6,20251109,85,0.321
6,20251109,86,0.26
6,20251109,87,0.208
6,20251109,88,0.167
6,20251109,89,0.134
6,20251109,90,0.11
6,20251109,91,0.093
6,20251109,92,0.08
6,20251109,93,0.072
6,20251109,94,0.067
6,20251109,95,0.064
6,20251109,96,0.062
6,20251110,1,0.052
6,20251110,2,0.052
6,20251110,3,0.052
6,20251110,4,0.052
6,20251110,5,0.052
6,20251110,6,0.052
6,20251110,7,0.052
6,20251110,8,0.052
6,20251110,9,0.052
6,20251110,10,0.052
6,20251110,11,0.052
6,20251110,12,0.053
6,20251110,13,0.053
6,20251110,14,0.053
6,20251110,15,0.054
6,20251110,16,0.056
6,20251110,17,0.059
6,20251110,18,0.065
6,20251110,19,0.073
6,20251110,20,0.086
6,20251110,21,0.104
6,20251110,22,0.13
6,20251110,23,0.163
6,20251110,24,0.203
6,20251110,25,0.25
6,20251110,26,0.301
6,20251110,27,0.352
6,20251110,28,0.399
6,20251110,29,0.437
6,20251110,30,0.462
6,20251110,31,0.471
6,20251110,32,0.462
6,20251110,33,0.437
6,20251110,34,0.399
6,20251110,35,0.352
6,20251110,36,0.301
6,20251110,37,0.25
6,20251110,38,0.203
6,20251110,39,0.163
6,20251110,40,0.13
6,20251110,41,0.104
6,20251110,42,0.086
6,20251110,43,0.073
6,20251110,44,0.065
6,20251110,45,0.059
6,20251110,46,0.056
6,20251110,47,0.054
6,20251110,48,0.053
6,20251110,49,0.053
6,20251110,50,0.053
6,20251110,51,0.052
6,20251110,52,0.052
6,20251110,53,0.052
6,20251110,54,0.052
6,20251110,55,0.053
6,20251110,56,0.053
6,20251110,57,0.054
6,20251110,58,0.055
6,20251110,59,0.056
6,20251110,60,0.059
6,20251110,61,0.064
6,20251110,62,0.071
6,20251110,63,0.082
6,20251110,64,0.097
6,20251110,65,0.118
6,20251110,66,0.147
6,20251110,67,0.184
6,20251110,68,0.229
6,20251110,69,0.283
6,20251110,70,0.344
6,20251110,71,0.41
6,20251110,72,0.477
6,20251110,73,0.541
6,20251110,74,0.598
6,20251110,75,0.642
6,20251110,76,0.67
6,20251110,77,0.68
6,20251110,78,0.67
6,20251110,79,0.642
6,20251110,80,0.598
6,20251110,81,0.541
6,20251110,82,0.477
6,20251110,83,0.41
6,20251110,84,0.344
6,20251110,85,0.283
6,20251110,86,0.229
6,20251110,87,0.184
6,20251110,88,0.147
6,20251110,89,0.118
6,20251110,90,0.097
6,20251110,91,0.082
6,20251110,92,0.071
6,20251110,93,0.064
6,20251110,94,0.059
6,20251110,95,0.056
6,20251110,96,0.055
6,20251111,1,0.06
6,20251111,2,0.06
6,20251111,3,0.06
6,20251111,4,0.06
6,20251111,5,0.06
6,20251111,6,0.06
6,20251111,7,0.06
6,20251111,8,0.06
6,20251111,9,0.06
6,20251111,10,0.06
6,20251111,11,0.06
6,20251111,12,0.06
6,20251111,13,0.06
6,20251111,14,0.061
6,20251111,15,0.062
6,20251111,16,0.064
6,20251111,17,0.068
6,20251111,18,0.074
6,20251111,19,0.083
6,20251111,20,0.098
6,20251111,21,0.119
6,20251111,22,0.148
6,20251111,23,0.186
6,20251111,24,0.232
6,20251111,25,0.285
6,20251111,26,0.343
6,20251111,27,0.402
6,20251111,28,0.456
6,20251111,29,0.499
6,20251111,30,0.527
6,20251111,31,0.537
6,20251111,32,0.527
6,20251111,33,0.499
6,20251111,34,0.456
6,20251111,35,0.402
6,20251111,36,0.343
6,20251111,37,0.285
6,20251111,38,0.232
6,20251111,39,0.186
6,20251111,40,0.148
6,20251111,41,0.119
6,20251111,42,0.098
6,20251111,43,0.083
6,20251111,44,0.074
6,20251111,45,0.068
6,20251111,46,0.064
6,20251111,47,0.062
6,20251111,48,0.061
6,20251111,49,0.06
6,20251111,50,0.06
6,20251111,51,0.06
6,20251111,52,0.06
6,20251111,53,0.06
6,20251111,54,0.06
6,20251111,55,0.06
6,20251111,56,0.06
6,20251111,57,0.061
6,20251111,58,0.062
6,20251111,59,0.064
6,20251111,60,0.068
6,20251111,61,0.073
6,20251111,62,0.081
6,20251111,63,0.093
6,20251111,64,0.111
6,20251111,65,0.135
6,20251111,66,0.168
6,20251111,67,0.21
6,20251111,68,0.262
6,20251111,69,0.323
6,20251111,70,0.393
6,20251111,71,0.468
6,20251111,72,0.544
6,20251111,73,0.617
6,20251111,74,0.682
6,20251111,75,0.732
6,20251111,76,0.765
6,20251111,77,0.776
6,20251111,78,0.765
6,20251111,79,0.732
6,20251111,80,0.682
6,20251111,81,0.617
6,20251111,82,0.544
6,20251111,83,0.468
6,20251111,84,0.393
6,20251111,85,0.323
6,20251111,86,0.262
6,20251111,87,0.21
6,20251111,88,0.168
6,20251111,89,0.135
6,20251111,90,0.111
6,20251111,91,0.093
6,20251111,92,0.081
6,20251111,93,0.073
6,20251111,94,0.068
6,20251111,95,0.064
6,20251111,96,0.062
6,20251112,1,0.042
6,20251112,2,0.042
6,20251112,3,0.042
6,20251112,4,0.042
6,20251112,5,0.042
6,20251112,6,0.042
6,20251112,7,0.042
6,20251112,8,0.042
6,20251112,9,0.042
6,20251112,10,0.042
6,20251112,11,0.042
6,20251112,12,0.042
6,20251112,13,0.042
6,20251112,14,0.043
6,20251112,15,0.043
6,20251112,16,0.045
6,20251112,17,0.047
6,20251112,18,0.052
6,20251112,19,0.058
6,20251112,20,0.069
6,20251112,21,0.084
6,20251112,22,0.104
6,20251112,23,0.13
6,20251112,24,0.162
6,20251112,25,0.2
6,20251112,26,0.241
6,20251112,27,0.282
6,20251112,28,0.319
6,20251112,29,0.35
6,20251112,30,0.37
6,20251112,31,0.377
6,20251112,32,0.37
6,20251112,33,0.35
6,20251112,34,0.319
6,20251112,35,0.282
6,20251112,36,0.241
6,20251112,37,0.2
6,20251112,38,0.162
6,20251112,39,0.13
6,20251112,40,0.104
6,20251112,41,0.084
6,20251112,42,0.069
6,20251112,43,0.058
6,20251112,44,0.052
6,20251112,45,0.047
6,20251112,46,0.045
6,20251112,47,0.043
6,20251112,48,0.043
6,20251112,49,0.042
6,20251112,50,0.042
6,20251112,51,0.042
6,20251112,52,0.042
6,20251112,53,0.042
6,20251112,54,0.042
6,20251112,55,0.042
6,20251112,56,0.042
6,20251112,57,0.043
6,20251112,58,0.044
6,20251112,59,0.045
6,20251112,60,0.047
6,20251112,61,0.051
6,20251112,62,0.057
6,20251112,63,0.065
6,20251112,64,0.078
6,20251112,65,0.095
6,20251112,66,0.118
6,20251112,67,0.147
6,20251112,68,0.183
6,20251112,69,0.227
6,20251112,70,0.275
6,20251112,71,0.328
6,20251112,72,0.382
6,20251112,73,0.433
6,20251112,74,0.478
6,20251112,75,0.513
6,20251112,76,0.536
6,20251112,77,0.544
6,20251112,78,0.536
6,20251112,79,0.513
6,20251112,80,0.478
6,20251112,81,0.433
6,20251112,82,0.382
6,20251112,83,0.328
6,20251112,84,0.275
6,20251112,85,0.227
6,20251112,86,0.183
6,20251112,87,0.147
6,20251112,88,0.118
6,20251112,89,0.095
6,20251112,90,0.078
6,20251112,91,0.065
6,20251112,92,0.057
6,20251112,93,0.051
6,20251112,94,0.047
6,20251112,95,0.045
6,20251112,96,0.044
6,20251113,1,0.051
6,20251113,2,0.051
6,20251113,3,0.051
6,20251113,4,0.051
6,20251113,5,0.051
6,20251113,6,0.051
6,20251113,7,0.051
6,20251113,8,0.051
6,20251113,9,0.051
6,20251113,10,0.051
6,20251113,11,0.051
6,20251113,12,0.051
6,20251113,13,0.051
6,20251113,14,0.052
6,20251113,15,0.053
6,20251113,16,0.055
6,20251113,17,0.058
6,20251113,18,0.063
6,20251113,19,0.071
6,20251113,20,0.083
6,20251113,21,0.101
6,20251113,22,0.126
6,20251113,23,0.158
6,20251113,24,0.197
6,20251113,25,0.243
6,20251113,26,0.292
6,20251113,27,0.342
6,20251113,28,0.388
6,20251113,29,0.424
6,20251113,30,0.449
6,20251113,31,0.457
6,20251113,32,0.449
6,20251113,33,0.424
6,20251113,34,0.388
6,20251113,35,0.342
6,20251113,36,0.292
6,20251113,37,0.243
6,20251113,38,0.197
6,20251113,39,0.158
6,20251113,40,0.126
6,20251113,41,0.101
6,20251113,42,0.083
6,20251113,43,0.071
6,20251113,44,0.063
6,20251113,45,0.058
6,20251113,46,0.055
6,20251113,47,0.053
6,20251113,48,0.052
6,20251113,49,0.051
6,20251113,50,0.051
6,20251113,51,0.051
6,20251113,52,0.051
6,20251113,53,0.051
6,20251113,54,0.051
6,20251113,55,0.051
6,20251113,56,0.051
6,20251113,57,0.052
6,20251113,58,0.053
6,20251113,59,0.055
6,20251113,60,0.057
6,20251113,61,0.062
6,20251113,62,0.069
6,20251113,63,0.079
6,20251113,64,0.094
6,20251113,65,0.115
6,20251113,66,0.143
6,20251113,67,0.178
6,20251113,68,0.223
6,20251113,69,0.275
6,20251113,70,0.334
6,20251113,71,0.398
6,20251113,72,0.463
6,20251113,73,0.525
6,20251113,74,0.58
6,20251113,75,0.623
6,20251113,76,0.651
6,20251113,77,0.66
6,20251113,78,0.651
6,20251113,79,0.623
6,20251113,80,0.58
6,20251113,81,0.525
6,20251113,82,0.463
6,20251113,83,0.398
6,20251113,84,0.334
6,20251113,85,0.275
6,20251113,86,0.223
6,20251113,87,0.178
6,20251113,88,0.143
6,20251113,89,0.115
6,20251113,90,0.094
6,20251113,91,0.079
6,20251113,92,0.069
6,20251113,93,0.062
6,20251113,94,0.057
6,20251113,95,0.055
6,20251113,96,0.053
6,20251114,1,0.036
6,20251114,2,0.036
6,20251114,3,0.036
6,20251114,4,0.036
6,20251114,5,0.036
6,20251114,6,0.036
6,20251114,7,0.036
6,20251114,8,0.036
6,20251114,9,0.036
6,20251114,10,0.036
6,20251114,11,0.036
6,20251114,12,0.036
6,20251114,13,0.036
6,20251114,14,0.036
6,20251114,15,0.037
6,20251114,16,0.038
6,20251114,17,0.041
6,20251114,18,0.044
6,20251114,19,0.05
6,20251114,20,0.059
6,20251114,21,0.071
6,20251114,22,0.089
6,20251114,23,0.111
6,20251114,24,0.139
6,20251114,25,0.171
6,20251114,26,0.206
6,20251114,27,0.241
6,20251114,28,0.273
6,20251114,29,0.299
6,20251114,30,0.316
6,20251114,31,0.322
6,20251114,32,0.316
6,20251114,33,0.299
6,20251114,34,0.273
6,20251114,35,0.241
6,20251114,36,0.206
6,20251114,37,0.171
6,20251114,38,0.139
6,20251114,39,0.111
6,20251114,40,0.089
6,20251114,41,0.071
6,20251114,42,0.059
6,20251114,43,0.05
6,20251114,44,0.044
6,20251114,45,0.041
6,20251114,46,0.038
6,20251114,47,0.037
6,20251114,48,0.036
6,20251114,49,0.036
6,20251114,50,0.036
6,20251114,51,0.036
6,20251114,52,0.036
6,20251114,53,0.036
6,20251114,54,0.036
6,20251114,55,0.036
6,20251114,56,0.036
6,20251114,57,0.037
6,20251114,58,0.037
6,20251114,59,0.038
6,20251114,60,0.04
6,20251114,61,0.044
6,20251114,62,0.049
6,20251114,63,0.056
6,20251114,64,0.066
6,20251114,65,0.081
6,20251114,66,0.101
6,20251114,67,0.126
6,20251114,68,0.157
6,20251114,69,0.194
6,20251114,70,0.235
6,20251114,71,0.28
6,20251114,72,0.326
6,20251114,73,0.37
6,20251114,74,0.408
6,20251114,75,0.439
6,20251114,76,0.458
6,20251114,77,0.465
6,20251114,78,0.458
6,20251114,79,0.439
6,20251114,80,0.408
6,20251114,81,0.37
6,20251114,82,0.326
6,20251114,83,0.28
6,20251114,84,0.235
6,20251114,85,0.194
6,20251114,86,0.157
6,20251114,87,0.126
6,20251114,88,0.101
6,20251114,89,0.081
6,20251114,90,0.066
6,20251114,91,0.056
6,20251114,92,0.049
6,20251114,93,0.044
6,20251114,94,0.04
6,20251114,95,0.038
6,20251114,96,0.037
6,20251115,1,0.065
6,20251115,2,0.065
6,20251115,3,0.065
6,20251115,4,0.065
6,20251115,5,0.065
6,20251115,6,0.065
6,20251115,7,0.065
6,20251115,8,0.065
6,20251115,9,0.065
6,20251115,10,0.065
6,20251115,11,0.065
6,20251115,12,0.065
6,20251115,13,0.066
6,20251115,14,0.066
6,20251115,15,0.068
6,20251115,16,0.07
6,20251115,17,0.074
6,20251115,18,0.08
6,20251115,19,0.091
6,20251115,20,0.107
6,20251115,21,0.13
6,20251115,22,0.161
6,20251115,23,0.202
6,20251115,24,0.252
6,20251115,25,0.311
6,20251115,26,0.374
6,20251115,27,0.438
6,20251115,28,0.496
6,20251115,29,0.543
6,20251115,30,0.574
6,20251115,31,0.585
6,20251115,32,0.574
6,20251115,33,0.543
6,20251115,34,0.496
6,20251115,35,0.438
6,20251115,36,0.374
6,20251115,37,0.311
6,20251115,38,0.252
6,20251115,39,0.202
6,20251115,40,0.161
6,20251115,41,0.13
6,20251115,42,0.107
6,20251115,43,0.091
6,20251115,44,0.08
6,20251115,45,0.074
6,20251115,46,0.07
6,20251115,47,0.068
6,20251115,48,0.066
6,20251115,49,0.066
6,20251115,50,0.065
6,20251115,51,0.065
6,20251115,52,0.065
6,20251115,53,0.065
6,20251115,54,0.065
6,20251115,55,0.065
6,20251115,56,0.066
6,20251115,57,0.066
6,20251115,58,0.068
6,20251115,59,0.07
6,20251115,60,0.074
6,20251115,61,0.079
6,20251115,62,0.088
6,20251115,63,0.101
6,20251115,64,0.121
6,20251115,65,0.147
6,20251115,66,0.183
6,20251115,67,0.228
6,20251115,68,0.285
6,20251115,69,0.352
6,20251115,70,0.428
6,20251115,71,0.509
6,20251115,72,0.593
6,20251115,73,0.672
6,20251115,74,0.743
6,20251115,75,0.798
6,20251115,76,0.833
6,20251115,77,0.845
6,20251115,78,0.833
6,20251115,79,0.798
6,20251115,80,0.743
6,20251115,81,0.672
6,20251115,82,0.593
6,20251115,83,0.509
6,20251115,84,0.428
6,20251115,85,0.352
6,20251115,86,0.285
6,20251115,87,0.228
6,20251115,88,0.183
6,20251115,89,0.147
6,20251115,90,0.121
6,20251115,91,0.101
6,20251115,92,0.088
6,20251115,93,0.079
6,20251115,94,0.074
6,20251115,95,0.07
6,20251115,96,0.068
6,20251116,1,0.035
6,20251116,2,0.035
6,20251116,3,0.035
6,20251116,4,0.035
6,20251116,5,0.035
6,20251116,6,0.035
6,20251116,7,0.035
6,20251116,8,0.035
6,20251116,9,0.035
6,20251116,10,0.035
6,20251116,11,0.035
6,20251116,12,0.035
6,20251116,13,0.036
6,20251116,14,0.036
6,20251116,15,0.037
6,20251116,16,0.038
6,20251116,17,0.04
6,20251116,18,0.044
6,20251116,19,0.049
6,20251116,20,0.058
6,20251116,21,0.07
6,20251116,22,0.087
6,20251116,23,0.11
6,20251116,24,0.137
6,20251116,25,0.169
6,20251116,26,0.203
6,20251116,27,0.237
6,20251116,28,0.269
6,20251116,29,0.295
6,20251116,30,0.312
6,20251116,31,0.317
6,20251116,32,0.312
6,20251116,33,0.295
6,20251116,34,0.269
6,20251116,35,0.237
6,20251116,36,0.203
6,20251116,37,0.169
6,20251116,38,0.137
6,20251116,39,0.11
6,20251116,40,0.087
6,20251116,41,0.07
6,20251116,42,0.058
6,20251116,43,0.049
6,20251116,44,0.044
6,20251116,45,0.04
6,20251116,46,0.038
6,20251116,47,0.037
6,20251116,48,0.036
6,20251116,49,0.036
6,20251116,50,0.035
6,20251116,51,0.035
6,20251116,52,0.035
6,20251116,53,0.035
6,20251116,54,0.035
6,20251116,55,0.035
6,20251116,56,0.036
6,20251116,57,0.036
6,20251116,58,0.037
6,20251116,59,0.038
6,20251116,60,0.04
6,20251116,61,0.043
6,20251116,62,0.048
6,20251116,63,0.055
6,20251116,64,0.065
6,20251116,65,0.08
6,20251116,66,0.099
6,20251116,67,0.124
6,20251116,68,0.155
6,20251116,69,0.191
6,20251116,70,0.232
6,20251116,71,0.276
6,20251116,72,0.322
6,20251116,73,0.365
6,20251116,74,0.403
6,20251116,75,0.433
6,20251116,76,0.452
6,20251116,77,0.459
6,20251116,78,0.452
6,20251116,79,0.433
6,20251116,80,0.403
6,20251116,81,0.365
6,20251116,82,0.322
6,20251116,83,0.276
6,20251116,84,0.232
6,20251116,85,0.191
6,20251116,86,0.155
6,20251116,87,0.124
6,20251116,88,0.099
6,20251116,89,0.08
6,20251116,90,0.065
6,20251116,91,0.055
6,20251116,92,0.048
6,20251116,93,0.043
6,20251116,94,0.04
6,20251116,95,0.038
6,20251116,96,0.037
6,20251117,1,0.043
6,20251117,2,0.043
6,20251117,3,0.043
6,20251117,4,0.043
6,20251117,5,0.043
6,20251117,6,0.043
6,20251117,7,0.043
6,20251117,8,0.043
6,20251117,9,0.043
6,20251117,10,0.043
6,20251117,11,0.043
6,20251117,12,0.043
6,20251117,13,0.043
6,20251117,14,0.044
6,20251117,15,0.045
6,20251117,16,0.046
6,20251117,17,0.049
6,20251117,18,0.053
6,20251117,19,0.06
6,20251117,20,0.07
6,20251117,21,0.086
6,20251117,22,0.106
6,20251117,23,0.133
6,20251117,24,0.167
6,20251117,25,0.205
6,20251117,26,0.247
6,20251117,27,0.289
6,20251117,28,0.327
6,20251117,29,0.359
6,20251117,30,0.379
6,20251117,31,0.386
6,20251117,32,0.379
6,20251117,33,0.359
6,20251117,34,0.327
6,20251117,35,0.289
6,20251117,36,0.247
6,20251117,37,0.205
6,20251117,38,0.167
6,20251117,39,0.133
6,20251117,40,0.106
6,20251117,41,0.086
6,20251117,42,0.07
6,20251117,43,0.06
6,20251117,44,0.053
6,20251117,45,0.049
6,20251117,46,0.046
6,20251117,47,0.045
6,20251117,48,0.044
6,20251117,49,0.043
6,20251117,50,0.043
6,20251117,51,0.043
6,20251117,52,0.043
6,20251117,53,0.043
6,20251117,54,0.043
6,20251117,55,0.043
6,20251117,56,0.043
6,20251117,57,0.044
6,20251117,58,0.045
6,20251117,59,0.046
6,20251117,60,0.049
6,20251117,61,0.052
6,20251117,62,0.058
6,20251117,63,0.067
6,20251117,64,0.08
6,20251117,65,0.097
6,20251117,66,0.121
6,20251117,67,0.151
6,20251117,68,0.188
6,20251117,69,0.232
6,20251117,70,0.282
6,20251117,71,0.336
6,20251117,72,0.391
6,20251117,73,0.444
6,20251117,74,0.49
6,20251117,75,0.527
6,20251117,76,0.55
6,20251117,77,0.558
6,20251117,78,0.55
6,20251117,79,0.527
6,20251117,80,0.49
6,20251117,81,0.444
6,20251117,82,0.391
6,20251117,83,0.336
6,20251117,84,0.282
6,20251117,85,0.232
6,20251117,86,0.188
6,20251117,87,0.151
6,20251117,88,0.121
6,20251117,89,0.097
6,20251117,90,0.08
6,20251117,91,0.067
6,20251117,92,0.058
6,20251117,93,0.052
6,20251117,94,0.049
6,20251117,95,0.046
6,20251117,96,0.045
6,20251118,1,0.059
6,20251118,2,0.059
6,20251118,3,0.059
6,20251118,4,0.059
6,20251118,5,0.059
6,20251118,6,0.059
6,20251118,7,0.059
6,20251118,8,0.059
6,20251118,9,0.059
6,20251118,10,0.059
6,20251118,11,0.059
6,20251118,12,0.059
6,20251118,13,0.059
6,20251118,14,0.06
6,20251118,15,0.061
6,20251118,16,0.063
6,20251118,17,0.067
6,20251118,18,0.073
6,20251118,19,0.082
6,20251118,20,0.097
6,20251118,21,0.118
6,20251118,22,0.146
6,20251118,23,0.183
6,20251118,24,0.229
6,20251118,25,0.281
6,20251118,26,0.339
6,20251118,27,0.397
6,20251118,28,0.45
6,20251118,29,0.492
6,20251118,30,0.52
6,20251118,31,0.53
6,20251118,32,0.52
6,20251118,33,0.492
6,20251118,34,0.45
6,20251118,35,0.397
6,20251118,36,0.339
6,20251118,37,0.281
6,20251118,38,0.229
6,20251118,39,0.183
6,20251118,40,0.146
6,20251118,41,0.118
6,20251118,42,0.097
6,20251118,43,0.082
6,20251118,44,0.073
6,20251118,45,0.067
6,20251118,46,0.063
6,20251118,47,0.061
6,20251118,48,0.06
6,20251118,49,0.059
6,20251118,50,0.059
6,20251118,51,0.059
6,20251118,52,0.059
6,20251118,53,0.059
6,20251118,54,0.059
6,20251118,55,0.059
6,20251118,56,0.06
6,20251118,57,0.06
6,20251118,58,0.061
6,20251118,59,0.063
6,20251118,60,0.067
6,20251118,61,0.072
6,20251118,62,0.08
6,20251118,63,0.092
6,20251118,64,0.109
6,20251118,65,0.133
6,20251118,66,0.166
6,20251118,67,0.207
6,20251118,68,0.258
6,20251118,69,0.319
6,20251118,70,0.388
6,20251118,71,0.462
6,20251118,72,0.537
6,20251118,73,0.609
6,20251118,74,0.673
6,20251118,75,0.723
6,20251118,76,0.755
6,20251118,77,0.766
6,20251118,78,0.755
6,20251118,79,0.723
6,20251118,80,0.673
6,20251118,81,0.609
6,20251118,82,0.537
6,20251118,83,0.462
6,20251118,84,0.388
6,20251118,85,0.319
6,20251118,86,0.258
6,20251118,87,0.207
6,20251118,88,0.166
6,20251118,89,0.133
6,20251118,90,0.109
6,20251118,91,0.092
6,20251118,92,0.08
6,20251118,93,0.072
6,20251118,94,0.067
6,20251118,95,0.063
6,20251118,96,0.061
6,20251119,1,0.037
6,20251119,2,0.037
6,20251119,3,0.037
6,20251119,4,0.037
6,20251119,5,0.037
6,20251119,6,0.037
6,20251119,7,0.037
6,20251119,8,0.037
6,20251119,9,0.037
6,20251119,10,0.037
6,20251119,11,0.037
6,20251119,12,0.038
6,20251119,13,0.038
6,20251119,14,0.038
6,20251119,15,0.039
6,20251119,16,0.04
6,20251119,17,0.042
6,20251119,18,0.046
6,20251119,19,0.052
6,20251119,20,0.061
6,20251119,21,0.075
6,20251119,22,0.093
6,20251119,23,0.116
6,20251119,24,0.145
6,20251119,25,0.179
6,20251119,26,0.215
6,20251119,27,0.252
6,20251119,28,0.285
6,20251119,29,0.313
6,20251119,30,0.33
6,20251119,31,0.337
6,20251119,32,0.33
6,20251119,33,0.313
6,20251119,34,0.285
6,20251119,35,0.252
6,20251119,36,0.215
6,20251119,37,0.179
6,20251119,38,0.145
6,20251119,39,0.116
6,20251119,40,0.093
6,20251119,41,0.075
6,20251119,42,0.061
6,20251119,43,0.052
6,20251119,44,0.046
6,20251119,45,0.042
6,20251119,46,0.04
6,20251119,47,0.039
6,20251119,48,0.038
6,20251119,49,0.038
6,20251119,50,0.038
6,20251119,51,0.037
6,20251119,52,0.037
6,20251119,53,0.037
6,20251119,54,0.038
6,20251119,55,0.038
6,20251119,56,0.038
6,20251119,57,0.038
6,20251119,58,0.039
6,20251119,59,0.04
6,20251119,60,0.042
6,20251119,61,0.046
6,20251119,62,0.051
6,20251119,63,0.058
6,20251119,64,0.069
6,20251119,65,0.085
6,20251119,66,0.105
6,20251119,67,0.131
6,20251119,68,0.164
6,20251119,69,0.202
6,20251119,70,0.246
6,20251119,71,0.293
6,20251119,72,0.341
6,20251119,73,0.387
6,20251119,74,0.427
6,20251119,75,0.459
6,20251119,76,0.479
6,20251119,77,0.486
6,20251119,78,0.479
6,20251119,79,0.459
6,20251119,80,0.427
6,20251119,81,0.387
6,20251119,82,0.341
6,20251119,83,0.293
6,20251119,84,0.246
6,20251119,85,0.202
6,20251119,86,0.164
6,20251119,87,0.131
6,20251119,88,0.105
6,20251119,89,0.085
6,20251119,90,0.069
6,20251119,91,0.058
6,20251119,92,0.051
6,20251119,93,0.046
6,20251119,94,0.042
6,20251119,95,0.04
6,20251119,96,0.039
6,20251120,1,0.06
6,20251120,2,0.06
6,20251120,3,0.06
6,20251120,4,0.06
6,20251120,5,0.06
6,20251120,6,0.06
6,20251120,7,0.06
6,20251120,8,0.06
6,20251120,9,0.06
6,20251120,10,0.06
6,20251120,11,0.06
6,20251120,12,0.06
6,20251120,13,0.061
6,20251120,14,0.061
6,20251120,15,0.063
6,20251120,16,0.065
6,20251120,17,0.068
6,20251120,18,0.074
6,20251120,19,0.084
6,20251120,20,0.099
6,20251120,21,0.12
6,20251120,22,0.149
6,20251120,23,0.187
6,20251120,24,0.234
6,20251120,25,0.288
6,20251120,26,0.346
6,20251120,27,0.405
6,20251120,28,0.459
6,20251120,29,0.503
6,20251120,30,0.532
6,20251120,31,0.542
6,20251120,32,0.532
6,20251120,33,0.503
6,20251120,34,0.459
6,20251120,35,0.405
6,20251120,36,0.346
6,20251120,37,0.288
6,20251120,38,0.234
6,20251120,39,0.187
6,20251120,40,0.149
6,20251120,41,0.12
6,20251120,42,0.099
6,20251120,43,0.084
6,20251120,44,0.074
6,20251120,45,0.068
6,20251120,46,0.065
6,20251120,47,0.063
6,20251120,48,0.061
6,20251120,49,0.061
6,20251120,50,0.06
6,20251120,51,0.06
6,20251120,52,0.06
6,20251120,53,0.06
6,20251120,54,0.06
6,20251120,55,0.061
6,20251120,56,0.061
6,20251120,57,0.062
6,20251120,58,0.063
6,20251120,59,0.065
6,20251120,60,0.068
6,20251120,61,0.073
6,20251120,62,0.082
6,20251120,63,0.094
6,20251120,64,0.112
6,20251120,65,0.136
6,20251120,66,0.169
6,20251120,67,0.212
6,20251120,68,0.264
6,20251120,69,0.326
6,20251120,70,0.396
6,20251120,71,0.472
6,20251120,72,0.549
6,20251120,73,0.623
6,20251120,74,0.688
6,20251120,75,0.739
6,20251120,76,0.771
6,20251120,77,0.783
6,20251120,78,0.771
6,20251120,79,0.739
6,20251120,80,0.688
6,20251120,81,0.623
6,20251120,82,0.549
6,20251120,83,0.472
6,20251120,84,0.396
6,20251120,85,0.326
6,20251120,86,0.264
6,20251120,87,0.212
6,20251120,88,0.169
6,20251120,89,0.136
6,20251120,90,0.112
6,20251120,91,0.094
6,20251120,92,0.082
6,20251120,93,0.073
6,20251120,94,0.068
6,20251120,95,0.065
6,20251120,96,0.063
6,20251121,1,0.047
6,20251121,2,0.047
6,20251121,3,0.047
6,20251121,4,0.047
6,20251121,5,0.047
6,20251121,6,0.047
6,20251121,7,0.047
6,20251121,8,0.047
6,20251121,9,0.047
6,20251121,10,0.047
6,20251121,11,0.047
6,20251121,12,0.047
6,20251121,13,0.047
6,20251121,14,0.047
6,20251121,15,0.048
6,20251121,16,0.05
6,20251121,17,0.053
6,20251121,18,0.058
6,20251121,19,0.065
6,20251121,20,0.076
6,20251121,21,0.093
6,20251121,22,0.115
6,20251121,23,0.145
6,20251121,24,0.181
6,20251121,25,0.222
6,20251121,26,0.267
6,20251121,27,0.313
6,20251121,28,0.355
6,20251121,29,0.389
6,20251121,30,0.411
6,20251121,31,0.419
6,20251121,32,0.411
6,20251121,33,0.389
6,20251121,34,0.355
6,20251121,35,0.313
6,20251121,36,0.267
6,20251121,37,0.222
6,20251121,38,0.181
6,20251121,39,0.145
6,20251121,40,0.115
6,20251121,41,0.093
6,20251121,42,0.076
6,20251121,43,0.065
6,20251121,44,0.058
6,20251121,45,0.053
6,20251121,46,0.05
6,20251121,47,0.048
6,20251121,48,0.047
6,20251121,49,0.047
6,20251121,50,0.047
6,20251121,51,0.047
6,20251121,52,0.047
6,20251121,53,0.047
6,20251121,54,0.047
6,20251121,55,0.047
6,20251121,56,0.047
6,20251121,57,0.048
6,20251121,58,0.048
6,20251121,59,0.05
6,20251121,60,0.053
6,20251121,61,0.057
6,20251121,62,0.063
6,20251121,63,0.073
6,20251121,64,0.086
6,20251121,65,0.105
6,20251121,66,0.131
6,20251121,67,0.163
6,20251121,68,0.204
6,20251121,69,0.252
6,20251121,70,0.306
6,20251121,71,0.364
6,20251121,72,0.424
6,20251121,73,0.481
6,20251121,74,0.531
6,20251121,75,0.571
6,20251121,76,0.596
6,20251121,77,0.605
6,20251121,78,0.596
6,20251121,79,0.571
6,20251121,80,0.531
6,20251121,81,0.481
6,20251121,82,0.424
6,20251121,83,0.364
6,20251121,84,0.306
6,20251121,85,0.252
6,20251121,86,0.204
6,20251121,87,0.163
6,20251121,88,0.131
6,20251121,89,0.105
6,20251121,90,0.086
6,20251121,91,0.073
6,20251121,92,0.063
6,20251121,93,0.057
6,20251122,1,0.047
6,20251122,2,0.047
6,20251122,3,0.047
6,20251122,4,0.047
6,20251122,5,0.047
6,20251122,6,0.047
6,20251122,7,0.047
6,20251122,8,0.047
6,20251122,9,0.047
6,20251122,10,0.047
6,20251122,11,0.047
6,20251122,12,0.047
6,20251122,13,0.047
6,20251122,14,0.048
6,20251122,15,0.049
6,20251122,16,0.05
6,20251122,17,0.053
6,20251122,18,0.058
6,20251122,19,0.066
6,20251122,20,0.077
6,20251122,21,0.094
6,20251122,22,0.117
6,20251122,23,0.146
6,20251122,24,0.182
6,20251122,25,0.225
6,20251122,26,0.27
6,20251122,27,0.316
6,20251122,28,0.359
6,20251122,29,0.393
6,20251122,30,0.415
6,20251122,31,0.423
6,20251122,32,0.415
6,20251122,33,0.393
6,20251122,34,0.359
6,20251122,35,0.316
6,20251122,36,0.27
6,20251122,37,0.225
6,20251122,38,0.182
6,20251122,39,0.146
6,20251122,40,0.117
6,20251122,41,0.094
6,20251122,42,0.077
6,20251122,43,0.066
6,20251122,44,0.058
6,20251122,45,0.053
6,20251122,46,0.05
6,20251122,47,0.049
6,20251122,48,0.048
6,20251122,49,0.047
6,20251122,50,0.047
6,20251122,51,0.047
6,20251122,52,0.047
6,20251122,53,0.047
6,20251122,54,0.047
6,20251122,55,0.047
6,20251122,56,0.048
6,20251122,57,0.048
6,20251122,58,0.049
6,20251122,59,0.051
6,20251122,60,0.053
6,20251122,61,0.057
6,20251122,62,0.064
6,20251122,63,0.073
6,20251122,64,0.087
6,20251122,65,0.106
6,20251122,66,0.132
6,20251122,67,0.165
6,20251122,68,0.206
6,20251122,69,0.254
6,20251122,70,0.309
6,20251122,71,0.368
6,20251122,72,0.428
6,20251122,73,0.486
6,20251122,74,0.537
6,20251122,75,0.577
6,20251122,76,0.602
6,20251122,77,0.611
6,20251122,78,0.602
6,20251122,79,0.577
6,20251122,80,0.537
6,20251122,81,0.486
6,20251122,82,0.428
6,20251122,83,0.368
6,20251122,84,0.309
6,20251122,85,0.254
6,20251122,86,0.206
6,20251122,87,0.165
6,20251122,88,0.132
6,20251122,89,0.106
6,20251122,90,0.087
6,20251122,91,0.073
6,20251122,92,0.064
6,20251122,93,0.057
6,20251122,94,0.053
6,20251122,95,0.051
6,20251122,96,0.049
6,20251123,1,0.064
6,20251123,2,0.064
6,20251123,3,0.064
6,20251123,4,0.064
6,20251123,5,0.064
6,20251123,6,0.064
6,20251123,7,0.064
6,20251123,8,0.064
6,20251123,9,0.064
6,20251123,10,0.064
6,20251123,11,0.065
6,20251123,12,0.065
6,20251123,13,0.065
6,20251123,14,0.066
6,20251123,15,0.067
6,20251123,16,0.069
6,20251123,17,0.073
6,20251123,18,0.08
6,20251123,19,0.09
6,20251123,20,0.106
6,20251123,21,0.129
6,20251123,22,0.16
6,20251123,23,0.2
6,20251123,24,0.25
6,20251123,25,0.308
6,20251123,26,0.371
6,20251123,27,0.434
6,20251123,28,0.492
6,20251123,29,0.539
6,20251123,30,0.569
6,20251123,31,0.58
6,20251123,32,0.569
6,20251123,33,0.539
6,20251123,34,0.492
6,20251123,35,0.434
6,20251123,36,0.371
6,20251123,37,0.308
6,20251123,38,0.25
6,20251123,39,0.2
6,20251123,40,0.16
6,20251123,41,0.129
6,20251123,42,0.106
6,20251123,43,0.09
6,20251123,44,0.08
6,20251123,45,0.073
6,20251123,46,0.069
6,20251123,47,0.067
6,20251123,48,0.066
6,20251123,49,0.065
6,20251123,50,0.065
6,20251123,51,0.065
6,20251123,52,0.065
6,20251123,53,0.065
6,20251123,54,0.065
6,20251123,55,0.065
6,20251123,56,0.065
6,20251123,57,0.066
6,20251123,58,0.067
6,20251123,59,0.069
6,20251123,60,0.073
6,20251123,61,0.079
6,20251123,62,0.087
6,20251123,63,0.101
6,20251123,64,0.12
6,20251123,65,0.146
6,20251123,66,0.181
6,20251123,67,0.226
6,20251123,68,0.282
6,20251123,69,0.349
6,20251123,70,0.424
6,20251123,71,0.505
6,20251123,72,0.588
6,20251123,73,0.666
6,20251123,74,0.736
6,20251123,75,0.791
6,20251123,76,0.826
6,20251123,77,0.837
6,20251123,78,0.826
6,20251123,79,0.791
6,20251123,80,0.736
6,20251123,81,0.666
6,20251123,82,0.588
6,20251123,83,0.505
6,20251123,84,0.424
6,20251123,85,0.349
6,20251123,86,0.282
6,20251123,87,0.226
6,20251123,88,0.181
6,20251123,89,0.146
6,20251123,90,0.12
6,20251123,91,0.101
6,20251123,92,0.087
6,20251123,93,0.079
6,20251124,1,0.059
6,20251124,2,0.059
6,20251124,3,0.059
6,20251124,4,0.059
6,20251124,5,0.059
6,20251124,6,0.059
6,20251124,7,0.059
6,20251124,8,0.059
6,20251124,9,0.059
6,20251124,10,0.059
6,20251124,11,0.059
6,20251124,12,0.059
6,20251124,13,0.059
6,20251124,14,0.06
6,20251124,15,0.061
6,20251124,16,0.063
6,20251124,17,0.066
6,20251124,18,0.072
6,20251124,19,0.082
6,20251124,20,0.096
6,20251124,21,0.117
6,20251124,22,0.145
6,20251124,23,0.182
6,20251124,24,0.227
6,20251124,25,0.28
6,20251124,26,0.337
6,20251124,27,0.394
6,20251124,28,0.447
6,20251124,29,0.49
6,20251124,30,0.517
6,20251124,31,0.527
6,20251124,32,0.517
6,20251124,33,0.49
6,20251124,34,0.447
6,20251124,35,0.394
6,20251124,36,0.337
6,20251124,37,0.28
6,20251124,38,0.227
6,20251124,39,0.182
6,20251124,40,0.145
6,20251124,41,0.117
6,20251124,42,0.096
6,20251124,43,0.082
6,20251124,44,0.072
6,20251124,45,0.066
6,20251124,46,0.063
6,20251124,47,0.061
6,20251124,48,0.06
6,20251124,49,0.059
6,20251124,50,0.059
6,20251124,51,0.059
6,20251124,52,0.059
6,20251124,53,0.059
6,20251124,54,0.059
6,20251124,55,0.059
6,20251124,56,0.059
6,20251124,57,0.06
6,20251124,58,0.061
6,20251124,59,0.063
6,20251124,60,0.066
6,20251124,61,0.071
6,20251124,62,0.079
6,20251124,63,0.091
6,20251124,64,0.109
6,20251124,65,0.133
6,20251124,66,0.165
6,20251124,67,0.206
6,20251124,68,0.257
6,20251124,69,0.317
6,20251124,70,0.385
6,20251124,71,0.459
6,20251124,72,0.534
6,20251124,73,0.606
6,20251124,74,0.669
6,20251124,75,0.719
6,20251124,76,0.75
6,20251124,77,0.761
6,20251124,78,0.75
6,20251124,79,0.719
6,20251124,80,0.669
6,20251124,81,0.606
6,20251124,82,0.534
6,20251124,83,0.459
6,20251124,84,0.385
6,20251124,85,0.317
6,20251124,86,0.257
6,20251124,87,0.206
6,20251124,88,0.165
6,20251124,89,0.133
6,20251124,90,0.109
6,20251124,91,0.091
6,20251124,92,0.079
6,20251124,93,0.071
6,20251124,94,0.066
6,20251124,95,0.063
6,20251124,96,0.061
6,20251125,1,0.054
6,20251125,2,0.054
6,20251125,3,0.054
6,20251125,4,0.054
6,20251125,5,0.054
6,20251125,6,0.054
6,20251125,7,0.054
6,20251125,8,0.055
6,20251125,9,0.055
6,20251125,10,0.055
6,20251125,11,0.055
6,20251125,12,0.055
6,20251125,13,0.055
6,20251125,14,0.056
6,20251125,15,0.057
6,20251125,16,0.059
6,20251125,17,0.062
6,20251125,18,0.067
6,20251125,19,0.076
6,20251125,20,0.09
6,20251125,21,0.109
6,20251125,22,0.135
6,20251125,23,0.169
6,20251125,24,0.212
6,20251125,25,0.26
6,20251125,26,0.313
6,20251125,27,0.367
6,20251125,28,0.416
6,20251125,29,0.456
6,20251125,30,0.481
6,20251125,31,0.49
6,20251125,32,0.481
6,20251125,33,0.456
6,20251125,34,0.416
6,20251125,35,0.367
6,20251125,36,0.313
6,20251125,37,0.26
6,20251125,38,0.212
6,20251125,39,0.169
6,20251125,40,0.135
6,20251125,41,0.109
6,20251125,42,0.09
6,20251125,43,0.076
6,20251125,44,0.067
6,20251125,45,0.062
6,20251125,46,0.059
6,20251125,47,0.057
6,20251125,48,0.056
6,20251125,49,0.055
6,20251125,50,0.055
6,20251125,51,0.055
6,20251125,52,0.055
6,20251125,53,0.055
6,20251125,54,0.055
6,20251125,55,0.055
6,20251125,56,0.055
6,20251125,57,0.056
6,20251125,58,0.057
6,20251125,59,0.059
6,20251125,60,0.062
6,20251125,61,0.066
6,20251125,62,0.074
6,20251125,63,0.085
6,20251125,64,0.101
6,20251125,65,0.123
6,20251125,66,0.153
6,20251125,67,0.192
6,20251125,68,0.239
6,20251125,69,0.295
6,20251125,70,0.359
6,20251125,71,0.427
6,20251125,72,0.497
6,20251125,73,0.564
6,20251125,74,0.623
6,20251125,75,0.669
6,20251125,76,0.698
6,20251125,77,0.708
6,20251125,78,0.698
6,20251125,79,0.669
6,20251125,80,0.623
6,20251125,81,0.564
6,20251125,82,0.497
6,20251125,83,0.427
6,20251125,84,0.359
6,20251125,85,0.295
6,20251125,86,0.239
6,20251125,87,0.192
6,20251125,88,0.153
6,20251125,89,0.123
6,20251125,90,0.101
6,20251125,91,0.085
6,20251125,92,0.074
6,20251125,93,0.066
6,20251125,94,0.062
6,20251125,95,0.059
6,20251125,96,0.057
6,20251126,1,0.064
6,20251126,2,0.064
6,20251126,3,0.064
6,20251126,4,0.064
6,20251126,5,0.064
6,20251126,6,0.064
6,20251126,7,0.064
6,20251126,8,0.064
6,20251126,9,0.064
6,20251126,10,0.064
6,20251126,11,0.064
6,20251126,12,0.064
6,20251126,13,0.064
6,20251126,14,0.065
6,20251126,15,0.066
6,20251126,16,0.069
6,20251126,17,0.072
6,20251126,18,0.079
6,20251126,19,0.089
6,20251126,20,0.105
6,20251126,21,0.127
6,20251126,22,0.158
6,20251126,23,0.198
6,20251126,24,0.248
6,20251126,25,0.305
6,20251126,26,0.367
6,20251126,27,0.43
6,20251126,28,0.487
6,20251126,29,0.534
6,20251126,30,0.564
6,20251126,31,0.574
6,20251126,32,0.564
6,20251126,33,0.534
6,20251126,34,0.487
6,20251126,35,0.43
6,20251126,36,0.367
6,20251126,37,0.305
6,20251126,38,0.248
6,20251126,39,0.198
6,20251126,40,0.158
6,20251126,41,0.127
6,20251126,42,0.105
6,20251126,43,0.089
6,20251126,44,0.079
6,20251126,45,0.072
6,20251126,46,0.069
6,20251126,47,0.066
6,20251126,48,0.065
6,20251126,49,0.064
6,20251126,50,0.064
6,20251126,51,0.064
6,20251126,52,0.064
6,20251126,53,0.064
6,20251126,54,0.064
6,20251126,55,0.064
6,20251126,56,0.065
6,20251126,57,0.065
6,20251126,58,0.067
6,20251126,59,0.069
6,20251126,60,0.072
6,20251126,61,0.078
6,20251126,62,0.087
6,20251126,63,0.1
6,20251126,64,0.118
6,20251126,65,0.145
6,20251126,66,0.179
6,20251126,67,0.224
6,20251126,68,0.28
6,20251126,69,0.346
6,20251126,70,0.42
6,20251126,71,0.5
6,20251126,72,0.582
6,20251126,73,0.66
6,20251126,74,0.729
6,20251126,75,0.783
6,20251126,76,0.818
6,20251126,77,0.83
6,20251126,78,0.818
6,20251126,79,0.783
6,20251126,80,0.729
6,20251126,81,0.66
6,20251126,82,0.582
6,20251126,83,0.5
6,20251126,84,0.42
6,20251126,85,0.346
6,20251126,86,0.28
6,20251126,87,0.224
6,20251126,88,0.179
6,20251126,89,0.145
6,20251126,90,0.118
6,20251126,91,0.1
6,20251126,92,0.087
6,20251126,93,0.078
6,20251126,94,0.072
6,20251126,95,0.069
6,20251126,96,0.067
6,20251127,1,0.054
6,20251127,2,0.054
6,20251127,3,0.054
6,20251127,4,0.054
6,20251127,5,0.054
6,20251127,6,0.054
6,20251127,7,0.054
6,20251127,8,0.054
6,20251127,9,0.054
6,20251127,10,0.054
6,20251127,11,0.054
6,20251127,12,0.054
6,20251127,13,0.055
6,20251127,14,0.055
6,20251127,15,0.056
6,20251127,16,0.058
6,20251127,17,0.062
6,20251127,18,0.067
6,20251127,19,0.076
6,20251127,20,0.089
6,20251127,21,0.108
6,20251127,22,0.134
6,20251127,23,0.168
6,20251127,24,0.21
6,20251127,25,0.259
6,20251127,26,0.312
6,20251127,28,0.414
6,20251127,29,0.453
6,20251127,30,0.479
6,20251127,31,0.488
6,20251127,32,0.479
6,20251127,33,0.453
6,20251127,34,0.414
6,20251127,35,0.365
6,20251127,36,0.312
6,20251127,37,0.259
6,20251127,38,0.21
6,20251127,39,0.168
6,20251127,40,0.134
6,20251127,41,0.108
6,20251127,42,0.089
6,20251127,43,0.076
6,20251127,44,0.067
6,20251127,45,0.062
6,20251127,46,0.058
6,20251127,47,0.056
6,20251127,48,0.055
6,20251127,49,0.055
6,20251127,50,0.054
6,20251127,51,0.054
6,20251127,52,0.054
6,20251127,53,0.054
6,20251127,54,0.054
6,20251127,55,0.055
6,20251127,56,0.055
6,20251127,57,0.055
6,20251127,58,0.057
6,20251127,59,0.058
6,20251127,60,0.061
6,20251127,61,0.066
6,20251127,62,0.074
6,20251127,63,0.085
6,20251127,64,0.101
6,20251127,65,0.123
6,20251127,66,0.152
6,20251127,67,0.191
6,20251127,68,0.238
6,20251127,69,0.293
6,20251127,70,0.357
6,20251127,71,0.425
6,20251127,72,0.494
6,20251127,73,0.561
6,20251127,74,0.619
6,20251127,75,0.665
6,20251127,76,0.694
6,20251127,77,0.705
6,20251127,78,0.694
6,20251127,79,0.665
6,20251127,80,0.619
6,20251127,81,0.561
6,20251127,82,0.494
6,20251127,83,0.425
6,20251127,84,0.357
6,20251127,85,0.293
6,20251127,86,0.238
6,20251127,87,0.191
6,20251127,88,0.152
6,20251127,89,0.123
6,20251127,90,0.101
6,20251127,91,0.085
6,20251127,92,0.074
6,20251127,93,0.066
6,20251127,94,0.061
6,20251127,95,0.058
6,20251127,96,0.057
6,20251128,1,0.055
6,20251128,2,0.055
6,20251128,3,0.055
6,20251128,4,0.055
6,20251128,5,0.055
6,20251128,6,0.055
6,20251128,7,0.055
6,20251128,8,0.055
6,20251128,9,0.055
6,20251128,10,0.055
6,20251128,11,0.055
6,20251128,12,0.055
6,20251128,13,0.056
6,20251128,14,0.056
6,20251128,15,0.057
6,20251128,16,0.059
6,20251128,17,0.063
6,20251128,18,0.068
6,20251128,19,0.077
6,20251128,20,0.091
6,20251128,21,0.11
6,20251128,22,0.137
6,20251128,23,0.172
6,20251128,24,0.214
6,20251128,25,0.264
6,20251128,26,0.318
6,20251128,27,0.372
6,20251128,28,0.422
6,20251128,29,0.462
6,20251128,30,0.488
6,20251128,31,0.497
6,20251128,32,0.488
6,20251128,33,0.462
6,20251128,34,0.422
6,20251128,35,0.372
6,20251128,36,0.318
6,20251128,37,0.264
6,20251128,38,0.214
6,20251128,39,0.172
6,20251128,40,0.137
6,20251128,41,0.11
6,20251128,42,0.091
6,20251128,43,0.077
6,20251128,44,0.068
6,20251128,45,0.063
6,20251128,46,0.059
6,20251128,47,0.057
6,20251128,48,0.056
6,20251128,49,0.056
6,20251128,50,0.055
6,20251128,51,0.055
6,20251128,52,0.055
6,20251128,53,0.055
6,20251128,54,0.055
6,20251128,55,0.056
6,20251128,56,0.056
6,20251128,57,0.057
6,20251128,58,0.058
6,20251128,59,0.059
6,20251128,60,0.062
6,20251128,61,0.067
6,20251128,62,0.075
6,20251128,63,0.086
6,20251128,64,0.103
6,20251128,65,0.125
6,20251128,66,0.155
6,20251128,67,0.194
6,20251128,68,0.242
6,20251128,69,0.299
6,20251128,70,0.363
6,20251128,71,0.433
6,20251128,72,0.504
6,20251128,73,0.571
6,20251128,74,0.631
6,20251128,75,0.678
6,20251128,76,0.708
6,20251128,77,0.718
6,20251128,78,0.708
6,20251128,79,0.678
6,20251128,80,0.631
6,20251128,81,0.571
6,20251128,82,0.504
6,20251128,83,0.433
6,20251128,84,0.363
6,20251128,85,0.299
6,20251128,86,0.242
6,20251128,87,0.194
6,20251128,88,0.155
6,20251128,89,0.125
6,20251128,90,0.103
6,20251128,91,0.086
6,20251128,92,0.075
6,20251128,93,0.067
6,20251128,94,0.062
6,20251128,95,0.059
6,20251128,96,0.058
6,20251129,1,0.057
6,20251129,2,0.057
6,20251129,3,0.057
6,20251129,4,0.057
6,20251129,5,0.057
6,20251129,6,0.057
6,20251129,7,0.057
6,20251129,8,0.057
6,20251129,9,0.057
6,20251129,10,0.057
6,20251129,11,0.057
6,20251129,12,0.057
6,20251129,13,0.057
6,20251129,14,0.058
6,20251129,15,0.059
6,20251129,16,0.061
6,20251129,17,0.064
6,20251129,18,0.07
6,20251129,19,0.079
6,20251129,20,0.093
6,20251129,21,0.113
6,20251129,22,0.141
6,20251129,23,0.176
6,20251129,24,0.22
6,20251129,25,0.271
6,20251129,26,0.326
6,20251129,27,0.382
6,20251129,28,0.433
6,20251129,29,0.474
6,20251129,30,0.501
6,20251129,31,0.51
6,20251129,32,0.501
6,20251129,33,0.474
6,20251129,34,0.433
6,20251129,35,0.382
6,20251129,36,0.326
6,20251129,37,0.271
6,20251129,38,0.22
6,20251129,39,0.176
6,20251129,40,0.141
6,20251129,41,0.113
6,20251129,42,0.093
6,20251129,43,0.079
6,20251129,44,0.07
6,20251129,45,0.064
6,20251129,46,0.061
6,20251129,47,0.059
6,20251129,48,0.058
6,20251129,49,0.057
6,20251129,50,0.057
6,20251129,51,0.057
6,20251129,52,0.057
6,20251129,53,0.057
6,20251129,54,0.057
6,20251129,55,0.057
6,20251129,56,0.057
6,20251129,57,0.058
6,20251129,58,0.059
6,20251129,59,0.061
6,20251129,60,0.064
6,20251129,61,0.069
6,20251129,62,0.077
6,20251129,63,0.089
6,20251129,64,0.105
6,20251129,65,0.128
6,20251129,66,0.159
6,20251129,67,0.199
6,20251129,68,0.249
6,20251129,69,0.307
6,20251129,70,0.373
6,20251129,71,0.444
6,20251129,72,0.517
6,20251129,73,0.587
6,20251129,74,0.648
6,20251129,75,0.696
6,20251129,76,0.727
6,20251129,77,0.737
6,20251129,78,0.727
6,20251129,79,0.696
6,20251129,80,0.648
6,20251129,81,0.587
6,20251129,82,0.517
6,20251129,83,0.444
6,20251129,84,0.373
6,20251129,85,0.307
6,20251129,86,0.249
6,20251129,87,0.199
6,20251129,88,0.159
6,20251129,89,0.128
6,20251129,90,0.105
6,20251129,91,0.089
6,20251129,92,0.077
6,20251129,93,0.069
6,20251129,94,0.064
6,20251129,95,0.061
6,20251129,96,0.059
6,20251130,1,0.039
6,20251130,2,0.039
6,20251130,3,0.039
6,20251130,4,0.039
6,20251130,5,0.039
6,20251130,6,0.039
6,20251130,7,0.039
6,20251130,8,0.039
6,20251130,9,0.039
6,20251130,10,0.039
6,20251130,11,0.039
6,20251130,12,0.039
6,20251130,13,0.039
6,20251130,14,0.039
6,20251130,15,0.04
6,20251130,16,0.041
6,20251130,17,0.044
6,20251130,18,0.048
6,20251130,19,0.054
6,20251130,20,0.063
6,20251130,21,0.077
6,20251130,22,0.096
6,20251130,23,0.12
6,20251130,24,0.15
6,20251130,25,0.184
6,20251130,26,0.222
6,20251130,27,0.26
6,20251130,28,0.294
6,20251130,29,0.322
6,20251130,30,0.341
6,20251130,31,0.347
6,20251130,32,0.341
6,20251130,33,0.322
6,20251130,34,0.294
6,20251130,35,0.26
6,20251130,36,0.222
6,20251130,37,0.184
6,20251130,38,0.15
6,20251130,39,0.12
6,20251130,40,0.096
6,20251130,41,0.077
6,20251130,42,0.063
6,20251130,43,0.054
6,20251130,44,0.048
6,20251130,45,0.044
6,20251130,46,0.041
6,20251130,47,0.04
6,20251130,48,0.039
6,20251130,49,0.039
6,20251130,50,0.039
6,20251130,51,0.039
6,20251130,52,0.039
6,20251130,53,0.039
6,20251130,54,0.039
6,20251130,55,0.039
6,20251130,56,0.039
6,20251130,57,0.039
6,20251130,58,0.04
6,20251130,59,0.041
6,20251130,60,0.044
6,20251130,61,0.047
6,20251130,62,0.052
6,20251130,63,0.06
6,20251130,64,0.072
6,20251130,65,0.087
6,20251130,66,0.108
6,20251130,67,0.136
6,20251130,68,0.169
6,20251130,69,0.209
6,20251130,70,0.254
6,20251130,71,0.302
6,20251130,72,0.352
6,20251130,73,0.399
6,20251130,74,0.441
6,20251130,75,0.473
6,20251130,76,0.494
6,20251130,77,0.501
6,20251130,78,0.494
6,20251130,79,0.473
6,20251130,80,0.441
6,20251130,81,0.399
6,20251130,82,0.352
6,20251130,83,0.302
6,20251130,84,0.254
6,20251130,85,0.209
6,20251130,86,0.169
6,20251130,87,0.136
6,20251130,88,0.108
6,20251130,89,0.087
6,20251130,90,0.072
6,20251130,91,0.06
6,20251130,92,0.052
6,20251130,93,0.047
6,20251130,94,0.044
6,20251130,95,0.041
6,20251130,96,0.04
7,20251101,1,0.061
7,20251101,2,0.061
7,20251101,3,0.061
7,20251101,4,0.061
7,20251101,5,0.061
7,20251101,6,0.061
7,20251101,7,0.061
7,20251101,8,0.061
7,20251101,9,0.061
7,20251101,10,0.061
7,20251101,11,0.061
7,20251101,12,0.061
7,20251101,13,0.061
7,20251101,14,0.062
7,20251101,15,0.063
7,20251101,16,0.065
7,20251101,17,0.069
7,20251101,18,0.075
7,20251101,19,0.085
7,20251101,20,0.1
7,20251101,21,0.121
7,20251101,22,0.15
7,20251101,23,0.188
7,20251101,24,0.235
7,20251101,25,0.29
7,20251101,26,0.349
7,20251101,27,0.408
7,20251101,28,0.463
7,20251101,29,0.507
7,20251101,30,0.535
7,20251101,31,0.545
7,20251101,32,0.535
7,20251101,33,0.507
7,20251101,34,0.463
7,20251101,35,0.408
7,20251101,36,0.349
7,20251101,37,0.29
7,20251101,38,0.235
7,20251101,39,0.188
7,20251101,40,0.15
7,20251101,41,0.121
7,20251101,42,0.1
7,20251101,43,0.085
7,20251101,44,0.075
7,20251101,45,0.069
7,20251101,46,0.065
7,20251101,47,0.063
7,20251101,48,0.062
7,20251101,49,0.061
7,20251101,50,0.061
7,20251101,51,0.061
7,20251101,52,0.061
7,20251101,53,0.061
7,20251101,54,0.061
7,20251101,55,0.061
7,20251101,56,0.061
7,20251101,57,0.062
7,20251101,58,0.063
7,20251101,59,0.065
7,20251101,60,0.069
7,20251101,61,0.074
7,20251101,62,0.082
7,20251101,63,0.095
7,20251101,64,0.112
7,20251101,65,0.137
7,20251101,66,0.17
7,20251101,67,0.213
7,20251101,68,0.266
7,20251101,69,0.328
7,20251101,70,0.399
7,20251101,71,0.475
7,20251101,72,0.553
7,20251101,73,0.627
7,20251101,74,0.692
7,20251101,75,0.744
7,20251101,76,0.777
7,20251101,77,0.788
7,20251101,78,0.777
7,20251101,79,0.744
7,20251101,80,0.692
7,20251101,81,0.627
7,20251101,82,0.553
7,20251101,83,0.475
7,20251101,84,0.399
7,20251101,85,0.328
7,20251101,86,0.266
7,20251101,87,0.213
7,20251101,88,0.17
7,20251101,89,0.137
7,20251101,90,0.112
7,20251101,91,0.095
7,20251101,92,0.082
7,20251101,93,0.074
7,20251101,94,0.069
7,20251101,95,0.065
7,20251101,96,0.063
7,20251102,1,0.06
7,20251102,2,0.06
7,20251102,3,0.06
7,20251102,4,0.06
7,20251102,5,0.06
7,20251102,6,0.06
7,20251102,7,0.06
7,20251102,8,0.06
7,20251102,9,0.06
7,20251102,10,0.06
7,20251102,11,0.06
7,20251102,12,0.06
7,20251102,13,0.061
7,20251102,14,0.061
7,20251102,15,0.063
7,20251102,16,0.065
7,20251102,17,0.068
7,20251102,18,0.074
7,20251102,19,0.084
7,20251102,20,0.099
7,20251102,21,0.12
7,20251102,22,0.149
7,20251102,23,0.187
7,20251102,24,0.234
7,20251102,25,0.288
7,20251102,26,0.346
7,20251102,27,0.405
7,20251102,28,0.46
7,20251102,29,0.503
7,20251102,30,0.532
7,20251102,31,0.542
7,20251102,32,0.532
7,20251102,33,0.503
7,20251102,34,0.46
7,20251102,35,0.405
7,20251102,36,0.346
7,20251102,37,0.288
7,20251102,38,0.234
7,20251102,39,0.187
7,20251102,40,0.149
7,20251102,41,0.12
7,20251102,42,0.099
7,20251102,43,0.084
7,20251102,44,0.074
7,20251102,45,0.068
7,20251102,46,0.065
7,20251102,47,0.063
7,20251102,48,0.061
7,20251102,49,0.061
7,20251102,50,0.06
7,20251102,51,0.06
7,20251102,52,0.06
7,20251102,53,0.06
7,20251102,54,0.06
7,20251102,55,0.061
7,20251102,56,0.061
7,20251102,57,0.062
7,20251102,58,0.063
7,20251102,59,0.065
7,20251102,60,0.068
7,20251102,61,0.073
7,20251102,62,0.082
7,20251102,63,0.094
7,20251102,64,0.112
7,20251102,65,0.136
7,20251102,66,0.169
7,20251102,67,0.212
7,20251102,68,0.264
7,20251102,69,0.326
7,20251102,70,0.396
7,20251102,71,0.472
7,20251102,72,0.549
7,20251102,73,0.623
7,20251102,74,0.688
7,20251102,75,0.739
7,20251102,76,0.772
7,20251102,77,0.783
7,20251102,78,0.772
7,20251102,79,0.739
7,20251102,80,0.688
7,20251102,81,0.623
7,20251102,82,0.549
7,20251102,83,0.472
7,20251102,84,0.396
7,20251102,85,0.326
7,20251102,86,0.264
7,20251102,87,0.212
7,20251102,88,0.169
7,20251102,89,0.136
7,20251102,90,0.112
7,20251102,91,0.094
7,20251102,92,0.082
7,20251102,93,0.073
7,20251102,94,0.068
7,20251102,95,0.065
7,20251102,96,0.063
7,20251103,1,0.051
7,20251103,2,0.051
7,20251103,3,0.051
7,20251103,4,0.051
7,20251103,5,0.051
7,20251103,6,0.051
7,20251103,7,0.051
7,20251103,8,0.051
7,20251103,9,0.051
7,20251103,10,0.051
7,20251103,11,0.051
7,20251103,12,0.051
7,20251103,13,0.052
7,20251103,14,0.052
7,20251103,15,0.053
7,20251103,16,0.055
7,20251103,17,0.058
7,20251103,18,0.063
7,20251103,19,0.071
7,20251103,20,0.084
7,20251103,21,0.102
7,20251103,22,0.127
7,20251103,23,0.159
7,20251103,24,0.198
7,20251103,25,0.244
7,20251103,26,0.294
7,20251103,27,0.344
7,20251103,28,0.39
7,20251103,29,0.427
7,20251103,30,0.452
7,20251103,31,0.46
7,20251103,32,0.452
7,20251103,33,0.427
7,20251103,34,0.39
7,20251103,35,0.344
7,20251103,36,0.294
7,20251103,37,0.244
7,20251103,38,0.198
7,20251103,39,0.159
7,20251103,40,0.127
7,20251103,41,0.102
7,20251103,42,0.084
7,20251103,43,0.071
7,20251103,44,0.063
7,20251103,45,0.058
7,20251103,46,0.055
7,20251103,47,0.053
7,20251103,48,0.052
7,20251103,49,0.052
7,20251103,50,0.051
7,20251103,51,0.051
7,20251103,52,0.051
7,20251103,53,0.051
7,20251103,54,0.051
7,20251103,55,0.051
7,20251103,56,0.052
7,20251103,57,0.052
7,20251103,58,0.053
7,20251103,59,0.055
7,20251103,60,0.058
7,20251103,61,0.062
7,20251103,62,0.069
7,20251103,63,0.08
7,20251103,64,0.095
7,20251103,65,0.116
7,20251103,66,0.144
7,20251103,67,0.18
7,20251103,68,0.224
7,20251103,69,0.277
7,20251103,70,0.336
7,20251103,71,0.401
7,20251103,72,0.466
7,20251103,73,0.529
7,20251103,74,0.584
7,20251103,75,0.627
7,20251103,76,0.655
7,20251103,77,0.664
7,20251103,78,0.655
7,20251103,79,0.627
7,20251103,80,0.584
7,20251103,81,0.529
7,20251103,82,0.466
7,20251103,83,0.401
7,20251103,84,0.336
7,20251103,85,0.277
7,20251103,86,0.224
7,20251103,87,0.18
7,20251103,88,0.144
7,20251103,89,0.116
7,20251103,90,0.095
7,20251103,91,0.08
7,20251103,92,0.069
7,20251103,93,0.062
7,20251103,94,0.058
7,20251103,95,0.055
7,20251103,96,0.053
7,20251104,1,0.063
7,20251104,2,0.063
7,20251104,3,0.063
7,20251104,4,0.063
7,20251104,5,0.063
7,20251104,6,0.063
7,20251104,7,0.063
7,20251104,8,0.063
7,20251104,9,0.063
7,20251104,10,0.063
7,20251104,11,0.063
7,20251104,12,0.063
7,20251104,13,0.064
7,20251104,14,0.064
7,20251104,15,0.066
7,20251104,16,0.068
7,20251104,17,0.072
7,20251104,18,0.078
7,20251104,19,0.088
7,20251104,20,0.104
7,20251104,21,0.126
7,20251104,22,0.157
7,20251104,23,0.196
7,20251104,24,0.245
7,20251104,25,0.302
7,20251104,26,0.363
7,20251104,27,0.425
7,20251104,28,0.482
7,20251104,29,0.528
7,20251104,30,0.558
7,20251104,31,0.568
7,20251104,32,0.558
7,20251104,33,0.528
7,20251104,34,0.482
7,20251104,35,0.425
7,20251104,36,0.363
7,20251104,37,0.302
7,20251104,38,0.245
7,20251104,39,0.196
7,20251104,40,0.157
7,20251104,41,0.126
7,20251104,42,0.104
7,20251104,43,0.088
7,20251104,44,0.078
7,20251104,45,0.072
7,20251104,46,0.068
7,20251104,47,0.066
7,20251104,48,0.064
7,20251104,49,0.064
7,20251104,50,0.063
7,20251104,51,0.063
7,20251104,52,0.063
7,20251104,53,0.063
7,20251104,54,0.063
7,20251104,55,0.064
7,20251104,56,0.064
7,20251104,57,0.065
7,20251104,58,0.066
7,20251104,59,0.068
7,20251104,60,0.071
7,20251104,61,0.077
7,20251104,62,0.086
7,20251104,63,0.099
7,20251104,64,0.117
7,20251104,65,0.143
7,20251104,66,0.178
7,20251104,67,0.222
7,20251104,68,0.277
7,20251104,69,0.342
7,20251104,70,0.416
7,20251104,71,0.495
7,20251104,72,0.576
7,20251104,73,0.653
7,20251104,74,0.722
7,20251104,75,0.775
7,20251104,76,0.809
7,20251104,77,0.821
7,20251104,78,0.809
7,20251104,79,0.775
7,20251104,80,0.722
7,20251104,81,0.653
7,20251104,82,0.576
7,20251104,83,0.495
7,20251104,84,0.416
7,20251104,85,0.342
7,20251104,86,0.277
7,20251104,87,0.222
7,20251104,88,0.178
7,20251104,89,0.143
7,20251104,90,0.117
7,20251104,91,0.099
7,20251104,92,0.086
7,20251104,93,0.077
7,20251104,94,0.071
7,20251104,95,0.068
7,20251105,1,0.053
7,20251105,2,0.053
7,20251105,3,0.053
7,20251105,4,0.053
7,20251105,5,0.053
7,20251105,6,0.053
7,20251105,7,0.053
7,20251105,8,0.053
7,20251105,9,0.053
7,20251105,10,0.053
7,20251105,11,0.053
7,20251105,12,0.053
7,20251105,13,0.054
7,20251105,14,0.054
7,20251105,15,0.055
7,20251105,16,0.057
7,20251105,17,0.06
7,20251105,18,0.066
7,20251105,19,0.074
7,20251105,20,0.087
7,20251105,21,0.106
7,20251105,22,0.132
7,20251105,23,0.165
7,20251105,24,0.206
7,20251105,25,0.254
7,20251105,26,0.306
7,20251105,27,0.358
7,20251105,28,0.406
7,20251105,29,0.444
7,20251105,30,0.47
7,20251105,31,0.478
7,20251105,32,0.47
7,20251105,33,0.444
7,20251105,34,0.406
7,20251105,35,0.358
7,20251105,36,0.306
7,20251105,37,0.254
7,20251105,38,0.206
7,20251105,39,0.165
7,20251105,40,0.132
7,20251105,41,0.106
7,20251105,42,0.087
7,20251105,43,0.074
7,20251105,44,0.066
7,20251105,45,0.06
7,20251105,46,0.057
7,20251105,47,0.055
7,20251105,48,0.054
7,20251105,49,0.054
7,20251105,50,0.053
7,20251105,51,0.053
7,20251105,52,0.053
7,20251105,53,0.053
7,20251105,54,0.053
7,20251105,55,0.053
7,20251105,56,0.054
7,20251105,57,0.054
7,20251105,58,0.055
7,20251105,59,0.057
7,20251105,60,0.06
7,20251105,61,0.065
7,20251105,62,0.072
7,20251105,63,0.083
7,20251105,64,0.099
7,20251105,65,0.12
7,20251105,66,0.149
7,20251105,67,0.187
7,20251105,68,0.233
7,20251105,69,0.288
7,20251105,70,0.35
7,20251105,71,0.417
7,20251105,72,0.485
7,20251105,73,0.55
7,20251105,74,0.607
7,20251105,75,0.652
7,20251105,76,0.681
7,20251105,77,0.691
7,20251105,78,0.681
7,20251105,79,0.652
7,20251105,80,0.607
7,20251105,81,0.55
7,20251105,82,0.485
7,20251105,83,0.417
7,20251105,84,0.35
7,20251105,85,0.288
7,20251105,86,0.233
7,20251105,87,0.187
7,20251105,88,0.149
7,20251105,89,0.12
7,20251105,90,0.099
7,20251105,91,0.083
7,20251105,92,0.072
7,20251105,93,0.065
7,20251105,94,0.06
7,20251105,95,0.057
7,20251105,96,0.055
7,20251106,1,0.052
7,20251106,2,0.052
7,20251106,3,0.052
7,20251106,4,0.052
7,20251106,5,0.052
7,20251106,6,0.052
7,20251106,7,0.052
7,20251106,8,0.052
7,20251106,9,0.052
7,20251106,10,0.052
7,20251106,11,0.052
7,20251106,12,0.052
7,20251106,13,0.052
7,20251106,14,0.053
7,20251106,15,0.054
7,20251106,16,0.056
7,20251106,17,0.059
7,20251106,18,0.064
7,20251106,19,0.072
7,20251106,20,0.085
7,20251106,21,0.103
7,20251106,22,0.129
7,20251106,23,0.161
7,20251106,24,0.201
7,20251106,25,0.248
7,20251106,26,0.298
7,20251106,27,0.349
7,20251106,28,0.396
7,20251106,29,0.433
7,20251106,30,0.458
7,20251106,31,0.467
7,20251106,32,0.458
7,20251106,33,0.433
7,20251106,34,0.396
7,20251106,35,0.349
7,20251106,36,0.298
7,20251106,37,0.248
7,20251106,38,0.201
7,20251106,39,0.161
7,20251106,40,0.129
7,20251106,41,0.103
7,20251106,42,0.085
7,20251106,43,0.072
7,20251106,44,0.064
7,20251106,45,0.059
7,20251106,46,0.056
7,20251106,47,0.054
7,20251106,48,0.053
7,20251106,49,0.052
7,20251106,50,0.052
7,20251106,51,0.052
7,20251106,52,0.052
7,20251106,53,0.052
7,20251106,54,0.052
7,20251106,55,0.052
7,20251106,56,0.052
7,20251106,57,0.053
7,20251106,58,0.054
7,20251106,59,0.056
7,20251106,60,0.059
7,20251106,61,0.063
7,20251106,62,0.07
7,20251106,63,0.081
7,20251106,64,0.096
7,20251106,65,0.117
7,20251106,66,0.146
7,20251106,67,0.182
7,20251106,68,0.227
7,20251106,69,0.281
7,20251106,70,0.341
7,20251106,71,0.406
7,20251106,72,0.473
7,20251106,73,0.536
7,20251106,74,0.592
7,20251106,75,0.636
7,20251106,76,0.664
7,20251106,77,0.674
7,20251106,78,0.664
7,20251106,79,0.636
7,20251106,80,0.592
7,20251106,81,0.536
7,20251106,82,0.473
7,20251106,83,0.406
7,20251106,84,0.341
7,20251106,85,0.281
7,20251106,86,0.227
7,20251106,87,0.182
7,20251106,88,0.146
7,20251106,89,0.117
7,20251106,90,0.096
7,20251106,91,0.081
7,20251106,92,0.07
7,20251106,93,0.063
7,20251106,94,0.059
7,20251106,95,0.056
7,20251106,96,0.054
7,20251107,1,0.06
7,20251107,2,0.06
7,20251107,3,0.06
7,20251107,4,0.06
7,20251107,5,0.06
7,20251107,6,0.06
7,20251107,7,0.06
7,20251107,8,0.06
7,20251107,9,0.06
7,20251107,10,0.061
7,20251107,11,0.061
7,20251107,12,0.061
7,20251107,13,0.061
7,20251107,14,0.062
7,20251107,15,0.063
7,20251107,16,0.065
7,20251107,17,0.069
7,20251107,18,0.075
7,20251107,19,0.085
7,20251107,20,0.099
7,20251107,21,0.121
7,20251107,22,0.15
7,20251107,23,0.188
7,20251107,24,0.235
7,20251107,25,0.289
7,20251107,26,0.348
7,20251107,27,0.407
7,20251107,28,0.462
7,20251107,29,0.506
7,20251107,30,0.534
7,20251107,31,0.544
7,20251107,32,0.534
7,20251107,33,0.506
7,20251107,34,0.462
7,20251107,35,0.407
7,20251107,36,0.348
7,20251107,37,0.289
7,20251107,38,0.235
7,20251107,39,0.188
7,20251107,40,0.15
7,20251107,41,0.121
7,20251107,42,0.099
7,20251107,43,0.085
7,20251107,44,0.075
7,20251107,45,0.069
7,20251107,46,0.065
7,20251107,47,0.063
7,20251107,48,0.062
7,20251107,49,0.061
7,20251107,50,0.061
7,20251107,51,0.061
7,20251107,52,0.061
7,20251107,53,0.061
7,20251107,54,0.061
7,20251107,55,0.061
7,20251107,56,0.061
7,20251107,57,0.062
7,20251107,58,0.063
7,20251107,59,0.065
7,20251107,60,0.068
7,20251107,61,0.074
7,20251107,62,0.082
7,20251107,63,0.094
7,20251107,64,0.112
7,20251107,65,0.137
7,20251107,66,0.17
7,20251107,67,0.213
7,20251107,68,0.265
7,20251107,69,0.327
7,20251107,70,0.398
7,20251107,71,0.474
7,20251107,72,0.552
7,20251107,73,0.626
7,20251107,74,0.691
7,20251107,75,0.742
7,20251107,76,0.775
7,20251107,77,0.786
7,20251107,78,0.775
7,20251107,79,0.742
7,20251107,80,0.691
7,20251107,81,0.626
7,20251107,82,0.552
7,20251107,83,0.474
7,20251107,84,0.398
7,20251107,85,0.327
7,20251107,86,0.265
7,20251107,87,0.213
7,20251107,88,0.17
7,20251107,89,0.137
7,20251107,90,0.112
7,20251107,91,0.094
7,20251107,92,0.082
7,20251107,93,0.074
7,20251107,94,0.068
7,20251107,95,0.065
7,20251107,96,0.063
7,20251108,1,0.064
7,20251108,2,0.064
7,20251108,3,0.064
7,20251108,4,0.064
7,20251108,5,0.064
7,20251108,6,0.064
7,20251108,7,0.064
7,20251108,8,0.064
7,20251108,9,0.064
7,20251108,10,0.064
7,20251108,11,0.065
7,20251108,12,0.065
7,20251108,13,0.065
7,20251108,14,0.066
7,20251108,15,0.067
7,20251108,16,0.069
7,20251108,17,0.073
7,20251108,18,0.08
7,20251108,19,0.09
7,20251108,20,0.106
7,20251108,21,0.129
7,20251108,22,0.16
7,20251108,23,0.2
7,20251108,24,0.25
7,20251108,25,0.308
7,20251108,26,0.37
7,20251108,27,0.434
7,20251108,28,0.491
7,20251108,29,0.538
7,20251108,30,0.569
7,20251108,31,0.58
7,20251108,32,0.569
7,20251108,33,0.538
7,20251108,34,0.491
7,20251108,35,0.434
7,20251108,36,0.37
7,20251108,37,0.308
7,20251108,38,0.25
7,20251108,39,0.2
7,20251108,40,0.16
7,20251108,41,0.129
7,20251108,42,0.106
7,20251108,43,0.09
7,20251108,44,0.08
7,20251108,45,0.073
7,20251108,46,0.069
7,20251108,47,0.067
7,20251108,48,0.066
7,20251108,49,0.065
7,20251108,50,0.065
7,20251108,51,0.065
7,20251108,52,0.064
7,20251108,53,0.065
7,20251108,54,0.065
7,20251108,55,0.065
7,20251108,56,0.065
7,20251108,57,0.066
7,20251108,58,0.067
7,20251108,59,0.069
7,20251108,60,0.073
7,20251108,61,0.079
7,20251108,62,0.087
7,20251108,63,0.101
7,20251108,64,0.12
7,20251108,65,0.146
7,20251108,66,0.181
7,20251108,67,0.226
7,20251108,68,0.282
7,20251108,69,0.349
7,20251108,70,0.424
7,20251108,71,0.505
7,20251108,72,0.587
7,20251108,73,0.666
7,20251108,74,0.736
7,20251108,75,0.79
7,20251108,76,0.825
7,20251108,77,0.837
7,20251108,78,0.825
7,20251108,79,0.79
7,20251108,80,0.736
7,20251108,81,0.666
7,20251108,82,0.587
7,20251108,83,0.505
7,20251108,84,0.424
7,20251108,85,0.349
7,20251108,86,0.282
7,20251108,87,0.226
7,20251108,88,0.181
7,20251108,89,0.146
7,20251108,90,0.12
7,20251108,91,0.101
7,20251108,92,0.087
7,20251108,93,0.079
7,20251108,94,0.073
7,20251109,1,0.042
7,20251109,2,0.042
7,20251109,3,0.042
7,20251109,4,0.042
7,20251109,5,0.042
7,20251109,6,0.042
7,20251109,7,0.042
7,20251109,8,0.042
7,20251109,9,0.042
7,20251109,10,0.042
7,20251109,11,0.042
7,20251109,12,0.042
7,20251109,13,0.042
7,20251109,14,0.042
7,20251109,15,0.043
7,20251109,16,0.045
7,20251109,17,0.047
7,20251109,18,0.051
7,20251109,19,0.058
7,20251109,20,0.068
7,20251109,21,0.083
7,20251109,22,0.103
7,20251109,23,0.129
7,20251109,24,0.161
7,20251109,25,0.199
7,20251109,26,0.239
7,20251109,27,0.28
7,20251109,28,0.317
7,20251109,29,0.348
7,20251109,30,0.367
7,20251109,31,0.374
7,20251109,32,0.367
7,20251109,33,0.348
7,20251109,34,0.317
7,20251109,35,0.28
7,20251109,36,0.239
7,20251109,37,0.199
7,20251109,38,0.161
7,20251109,39,0.129
7,20251109,40,0.103
7,20251109,41,0.083
7,20251109,42,0.068
7,20251109,43,0.058
7,20251109,44,0.051
7,20251109,45,0.047
7,20251109,46,0.045
7,20251109,47,0.043
7,20251109,48,0.042
7,20251109,49,0.042
7,20251109,50,0.042
7,20251109,51,0.042
7,20251109,52,0.042
7,20251109,53,0.042
7,20251109,54,0.042
7,20251109,55,0.042
7,20251109,56,0.042
7,20251109,57,0.043
7,20251109,58,0.043
7,20251109,59,0.045
7,20251109,60,0.047
7,20251109,61,0.051
7,20251109,62,0.056
7,20251109,63,0.065
7,20251109,64,0.077
7,20251109,65,0.094
7,20251109,66,0.117
7,20251109,67,0.146
7,20251109,68,0.182
7,20251109,69,0.225
7,20251109,70,0.274
7,20251109,71,0.326
7,20251109,72,0.379
7,20251109,73,0.43
7,20251109,74,0.475
7,20251109,75,0.51
7,20251109,76,0.533
7,20251109,77,0.541
7,20251109,78,0.533
7,20251109,79,0.51
7,20251109,80,0.475
7,20251109,81,0.43
7,20251109,82,0.379
7,20251109,83,0.326
7,20251109,84,0.274
7,20251109,85,0.225
7,20251109,86,0.182
7,20251109,87,0.146
7,20251109,88,0.117
7,20251109,89,0.094
7,20251109,90,0.077
7,20251109,91,0.065
7,20251109,92,0.056
7,20251109,93,0.051
7,20251109,94,0.047
7,20251109,95,0.045
7,20251109,96,0.043
7,20251110,1,0.042
7,20251110,2,0.042
7,20251110,3,0.042
7,20251110,4,0.042
7,20251110,5,0.042
7,20251110,6,0.042
7,20251110,7,0.042
7,20251110,8,0.042
7,20251110,9,0.042
7,20251110,10,0.042
7,20251110,11,0.042
7,20251110,12,0.043
7,20251110,13,0.043
7,20251110,14,0.043
7,20251110,15,0.044
7,20251110,16,0.046
7,20251110,17,0.048
7,20251110,18,0.052
7,20251110,19,0.059
7,20251110,20,0.07
7,20251110,21,0.085
7,20251110,22,0.105
7,20251110,23,0.132
7,20251110,24,0.165
7,20251110,25,0.203
7,20251110,26,0.244
7,20251110,27,0.285
7,20251110,28,0.324
7,20251110,29,0.355
7,20251110,30,0.375
7,20251110,31,0.382
7,20251110,32,0.375
7,20251110,33,0.355
7,20251110,34,0.324
7,20251110,35,0.285
7,20251110,36,0.244
7,20251110,37,0.203
7,20251110,38,0.165
7,20251110,39,0.132
7,20251110,40,0.105
7,20251110,41,0.085
7,20251110,42,0.07
7,20251110,43,0.059
7,20251110,44,0.052
7,20251110,45,0.048
7,20251110,46,0.046
7,20251110,47,0.044
7,20251110,48,0.043
7,20251110,49,0.043
7,20251110,50,0.043
7,20251110,51,0.042
7,20251110,52,0.042
7,20251110,53,0.042
7,20251110,54,0.043
7,20251110,55,0.043
7,20251110,56,0.043
7,20251110,57,0.043
7,20251110,58,0.044
7,20251110,59,0.046
7,20251110,60,0.048
7,20251110,61,0.052
7,20251110,62,0.058
7,20251110,63,0.066
7,20251110,64,0.079
7,20251110,65,0.096
7,20251110,66,0.119
7,20251110,67,0.149
7,20251110,68,0.186
7,20251110,69,0.23
7,20251110,70,0.279
7,20251110,71,0.332
7,20251110,72,0.387
7,20251110,73,0.439
7,20251110,74,0.485
7,20251110,75,0.52
7,20251110,76,0.543
7,20251110,77,0.551
7,20251110,78,0.543
7,20251110,79,0.52
7,20251110,80,0.485
7,20251110,81,0.439
7,20251110,82,0.387
7,20251110,83,0.332
7,20251110,84,0.279
7,20251110,85,0.23
7,20251110,86,0.186
7,20251110,87,0.149
7,20251110,88,0.119
7,20251110,89,0.096
7,20251110,90,0.079
7,20251110,91,0.066
7,20251110,92,0.058
7,20251110,93,0.052
7,20251110,94,0.048
7,20251110,95,0.046
7,20251110,96,0.044
7,20251111,1,0.047
7,20251111,2,0.047
7,20251111,3,0.047
7,20251111,4,0.047
7,20251111,5,0.047
7,20251111,6,0.047
7,20251111,7,0.047
7,20251111,8,0.047
7,20251111,9,0.047
7,20251111,10,0.047
7,20251111,11,0.047
7,20251111,12,0.047
7,20251111,13,0.047
7,20251111,14,0.048
7,20251111,15,0.048
7,20251111,16,0.05
7,20251111,17,0.053
7,20251111,18,0.058
7,20251111,19,0.065
7,20251111,20,0.077
7,20251111,21,0.093
7,20251111,22,0.116
7,20251111,23,0.145
7,20251111,24,0.181
7,20251111,25,0.223
7,20251111,26,0.269
7,20251111,27,0.314
7,20251111,28,0.356
7,20251111,29,0.39
7,20251111,30,0.412
7,20251111,31,0.42
7,20251111,32,0.412
7,20251111,33,0.39
7,20251111,34,0.356
7,20251111,35,0.314
7,20251111,36,0.269
7,20251111,37,0.223
7,20251111,38,0.181
7,20251111,39,0.145
7,20251111,40,0.116
7,20251111,41,0.093
7,20251111,42,0.077
7,20251111,43,0.065
7,20251111,44,0.058
7,20251111,45,0.053
7,20251111,46,0.05
7,20251111,47,0.048
7,20251111,48,0.048
7,20251111,49,0.047
7,20251111,50,0.047
7,20251111,51,0.047
7,20251111,52,0.047
7,20251111,53,0.047
7,20251111,54,0.047
7,20251111,55,0.047
7,20251111,56,0.047
7,20251111,57,0.048
7,20251111,58,0.049
7,20251111,59,0.05
7,20251111,60,0.053
7,20251111,61,0.057
7,20251111,62,0.063
7,20251111,63,0.073
7,20251111,64,0.087
7,20251111,65,0.106
7,20251111,66,0.131
7,20251111,67,0.164
7,20251111,68,0.205
7,20251111,69,0.253
7,20251111,70,0.307
7,20251111,71,0.366
7,20251111,72,0.426
7,20251111,73,0.483
7,20251111,74,0.533
7,20251111,75,0.573
7,20251111,76,0.598
7,20251111,77,0.607
7,20251111,78,0.598
7,20251111,79,0.573
7,20251111,80,0.533
7,20251111,81,0.483
7,20251111,82,0.426
7,20251111,83,0.366
7,20251111,84,0.307
7,20251111,85,0.253
7,20251111,86,0.205
7,20251111,87,0.164
7,20251111,88,0.131
7,20251111,89,0.106
7,20251111,90,0.087
7,20251111,91,0.073
7,20251111,92,0.063
7,20251111,93,0.057
7,20251111,94,0.053
7,20251111,95,0.05
7,20251111,96,0.049
7,20251112,1,0.062
7,20251112,2,0.062
7,20251112,3,0.062
7,20251112,4,0.062
7,20251112,5,0.062
7,20251112,6,0.062
7,20251112,7,0.062
7,20251112,8,0.062
7,20251112,9,0.062
7,20251112,10,0.062
7,20251112,11,0.062
7,20251112,12,0.062
7,20251112,13,0.063
7,20251112,14,0.063
7,20251112,15,0.064
7,20251112,16,0.067
7,20251112,17,0.07
7,20251112,18,0.077
7,20251112,19,0.087
7,20251112,20,0.102
7,20251112,21,0.124
7,20251112,22,0.154
7,20251112,23,0.193
7,20251112,24,0.241
7,20251112,25,0.297
7,20251112,26,0.357
7,20251112,27,0.418
7,20251112,28,0.474
7,20251112,29,0.519
7,20251112,30,0.548
7,20251112,31,0.559
7,20251112,32,0.548
7,20251112,33,0.519
7,20251112,34,0.474
7,20251112,35,0.418
7,20251112,36,0.357
7,20251112,37,0.297
7,20251112,38,0.241
7,20251112,39,0.193
7,20251112,40,0.154
7,20251112,41,0.124
7,20251112,42,0.102
7,20251112,43,0.087
7,20251112,44,0.077
7,20251112,45,0.07
7,20251112,46,0.067
7,20251112,47,0.064
7,20251112,48,0.063
7,20251112,49,0.063
7,20251112,50,0.062
7,20251112,51,0.062
7,20251112,52,0.062
7,20251112,53,0.062
7,20251112,54,0.062
7,20251112,55,0.062
7,20251112,56,0.063
7,20251112,57,0.064
7,20251112,58,0.065
7,20251112,59,0.067
7,20251112,60,0.07
7,20251112,61,0.076
7,20251112,62,0.084
7,20251112,63,0.097
7,20251112,64,0.115
7,20251112,65,0.141
7,20251112,66,0.175
7,20251112,67,0.218
7,20251112,68,0.272
7,20251112,69,0.336
7,20251112,70,0.408
7,20251112,71,0.486
7,20251112,72,0.566
7,20251112,73,0.642
7,20251112,74,0.709
7,20251112,75,0.762
7,20251112,76,0.795
7,20251112,77,0.807
7,20251112,78,0.795
7,20251112,79,0.762
7,20251112,80,0.709
7,20251112,81,0.642
7,20251112,82,0.566
7,20251112,83,0.486
7,20251112,84,0.408
7,20251112,85,0.336
7,20251112,86,0.272
7,20251112,87,0.218
7,20251112,88,0.175
7,20251112,89,0.141
7,20251112,90,0.115
7,20251112,91,0.097
7,20251112,92,0.084
7,20251112,93,0.076
7,20251112,94,0.07
7,20251112,95,0.067
7,20251112,96,0.065
7,20251113,1,0.043
7,20251113,2,0.043
7,20251113,3,0.043
7,20251113,4,0.043
7,20251113,5,0.043
7,20251113,6,0.043
7,20251113,7,0.043
7,20251113,8,0.043
7,20251113,9,0.043
7,20251113,10,0.043
7,20251113,11,0.043
7,20251113,12,0.044
7,20251113,13,0.044
7,20251113,14,0.044
7,20251113,15,0.045
7,20251113,16,0.047
7,20251113,17,0.049
7,20251113,18,0.054
7,20251113,19,0.061
7,20251113,20,0.071
7,20251113,21,0.087
7,20251113,22,0.108
7,20251113,23,0.135
7,20251113,24,0.168
7,20251113,25,0.207
7,20251113,26,0.25
7,20251113,27,0.292
7,20251113,28,0.331
7,20251113,29,0.363
7,20251113,30,0.383
7,20251113,31,0.39
7,20251113,32,0.383
7,20251113,33,0.363
7,20251113,34,0.331
7,20251113,35,0.292
7,20251113,36,0.25
7,20251113,37,0.207
7,20251113,38,0.168
7,20251113,39,0.135
7,20251113,40,0.108
7,20251113,41,0.087
7,20251113,42,0.071
7,20251113,43,0.061
7,20251113,44,0.054
7,20251113,45,0.049
7,20251113,46,0.047
7,20251113,47,0.045
7,20251113,48,0.044
7,20251113,49,0.044
7,20251113,50,0.044
7,20251113,51,0.043
7,20251113,52,0.043
7,20251113,53,0.043
7,20251113,54,0.044
7,20251113,55,0.044
7,20251113,56,0.044
7,20251113,57,0.044
7,20251113,58,0.045
7,20251113,59,0.047
7,20251113,60,0.049
7,20251113,61,0.053
7,20251113,62,0.059
7,20251113,63,0.068
7,20251113,64,0.081
7,20251113,65,0.098
7,20251113,66,0.122
7,20251113,67,0.153
7,20251113,68,0.19
7,20251113,69,0.235
7,20251113,70,0.286
7,20251113,71,0.34
7,20251113,72,0.396
7,20251113,73,0.449
7,20251113,74,0.496
7,20251113,75,0.533
7,20251113,76,0.556
7,20251113,77,0.564
7,20251113,78,0.556
7,20251113,79,0.533
7,20251113,80,0.496
7,20251113,81,0.449
7,20251113,82,0.396
7,20251113,83,0.34
7,20251113,84,0.286
7,20251113,85,0.235
7,20251113,86,0.19
7,20251113,87,0.153
7,20251113,88,0.122
7,20251113,89,0.098
7,20251113,90,0.081
7,20251113,91,0.068
7,20251113,92,0.059
7,20251113,93,0.053
7,20251113,94,0.049
7,20251114,1,0.043
7,20251114,2,0.043
7,20251114,3,0.043
7,20251114,4,0.043
7,20251114,5,0.043
7,20251114,6,0.043
7,20251114,7,0.043
7,20251114,8,0.043
7,20251114,9,0.043
7,20251114,10,0.043
7,20251114,11,0.043
7,20251114,12,0.043
7,20251114,13,0.043
7,20251114,14,0.044
7,20251114,15,0.044
7,20251114,16,0.046
7,20251114,17,0.049
7,20251114,18,0.053
7,20251114,19,0.06
7,20251114,20,0.07
7,20251114,21,0.085
7,20251114,22,0.106
7,20251114,23,0.133
7,20251114,24,0.166
7,20251114,25,0.205
7,20251114,26,0.246
7,20251114,27,0.288
7,20251114,28,0.327
7,20251114,29,0.358
7,20251114,30,0.378
7,20251114,31,0.385
7,20251114,32,0.378
7,20251114,33,0.358
7,20251114,34,0.327
7,20251114,35,0.288
7,20251114,36,0.246
7,20251114,37,0.205
7,20251114,38,0.166
7,20251114,39,0.133
7,20251114,40,0.106
7,20251114,41,0.085
7,20251114,42,0.07
7,20251114,43,0.06
7,20251114,44,0.053
7,20251114,45,0.049
7,20251114,46,0.046
7,20251114,47,0.044
7,20251114,48,0.044
7,20251114,49,0.043
7,20251114,50,0.043
7,20251114,51,0.043
7,20251114,52,0.043
7,20251114,53,0.043
7,20251114,54,0.043
7,20251114,55,0.043
7,20251114,56,0.043
7,20251114,57,0.044
7,20251114,58,0.045
7,20251114,59,0.046
7,20251114,60,0.048
7,20251114,61,0.052
7,20251114,62,0.058
7,20251114,63,0.067
7,20251114,64,0.079
7,20251114,65,0.097
7,20251114,66,0.12
7,20251114,67,0.15
7,20251114,68,0.188
7,20251114,69,0.232
7,20251114,70,0.282
7,20251114,71,0.335
7,20251114,72,0.39
7,20251114,73,0.443
7,20251114,74,0.489
7,20251114,75,0.525
7,20251114,76,0.548
7,20251114,77,0.556
7,20251114,78,0.548
7,20251114,79,0.525
7,20251114,80,0.489
7,20251114,81,0.443
7,20251114,82,0.39
7,20251114,83,0.335
7,20251114,84,0.282
7,20251114,85,0.232
7,20251114,86,0.188
7,20251114,87,0.15
7,20251114,88,0.12
7,20251114,89,0.097
7,20251114,90,0.079
7,20251114,91,0.067
7,20251114,92,0.058
7,20251114,93,0.052
7,20251114,94,0.048
7,20251114,95,0.046
7,20251114,96,0.045
7,20251115,1,0.058
7,20251115,2,0.058
7,20251115,3,0.058
7,20251115,4,0.058
7,20251115,5,0.058
7,20251115,6,0.058
7,20251115,7,0.058
7,20251115,8,0.058
7,20251115,9,0.058
7,20251115,10,0.058
7,20251115,11,0.058
7,20251115,12,0.058
7,20251115,13,0.058
7,20251115,14,0.059
7,20251115,15,0.06
7,20251115,16,0.062
7,20251115,17,0.065
7,20251115,18,0.071
7,20251115,19,0.081
7,20251115,20,0.095
7,20251115,21,0.115
7,20251115,22,0.143
7,20251115,23,0.179
7,20251115,24,0.224
7,20251115,25,0.276
7,20251115,26,0.332
7,20251115,27,0.389
7,20251115,28,0.441
7,20251115,29,0.483
7,20251115,30,0.51
7,20251115,31,0.519
7,20251115,32,0.51
7,20251115,33,0.483
7,20251115,34,0.441
7,20251115,35,0.389
7,20251115,36,0.332
7,20251115,37,0.276
7,20251115,38,0.224
7,20251115,39,0.179
7,20251115,40,0.143
7,20251115,41,0.115
7,20251115,42,0.095
7,20251115,43,0.081
7,20251115,44,0.071
7,20251115,45,0.065
7,20251115,46,0.062
7,20251115,47,0.06
7,20251115,48,0.059
7,20251115,49,0.058
7,20251115,50,0.058
7,20251115,51,0.058
7,20251115,52,0.058
7,20251115,53,0.058
7,20251115,54,0.058
7,20251115,55,0.058
7,20251115,56,0.058
7,20251115,57,0.059
7,20251115,58,0.06
7,20251115,59,0.062
7,20251115,60,0.065
7,20251115,61,0.07
7,20251115,62,0.078
7,20251115,63,0.09
7,20251115,64,0.107
7,20251115,65,0.131
7,20251115,66,0.162
7,20251115,67,0.203
7,20251115,68,0.253
7,20251115,69,0.313
7,20251115,70,0.38
7,20251115,71,0.452
7,20251115,72,0.526
7,20251115,73,0.597
7,20251115,74,0.659
7,20251115,75,0.708
7,20251115,76,0.74
7,20251115,77,0.75
7,20251115,78,0.74
7,20251115,79,0.708
7,20251115,80,0.659
7,20251115,81,0.597
7,20251115,82,0.526
7,20251115,83,0.452
7,20251115,84,0.38
7,20251115,85,0.313
7,20251115,86,0.253
7,20251115,87,0.203
7,20251115,88,0.162
7,20251115,89,0.131
7,20251115,90,0.107
7,20251115,91,0.09
7,20251115,92,0.078
7,20251115,93,0.07
7,20251115,94,0.065
7,20251115,95,0.062
7,20251116,1,0.045
7,20251116,2,0.045
7,20251116,3,0.045
7,20251116,4,0.045
7,20251116,5,0.045
7,20251116,6,0.045
7,20251116,7,0.045
7,20251116,8,0.045
7,20251116,9,0.045
7,20251116,10,0.045
7,20251116,11,0.045
7,20251116,12,0.045
7,20251116,13,0.045
7,20251116,14,0.046
7,20251116,15,0.046
7,20251116,16,0.048
7,20251116,17,0.051
7,20251116,18,0.055
7,20251116,19,0.062
7,20251116,20,0.073
7,20251116,21,0.089
7,20251116,22,0.111
7,20251116,23,0.139
7,20251116,24,0.173
7,20251116,25,0.213
7,20251116,26,0.257
7,20251116,27,0.301
7,20251116,28,0.341
7,20251116,29,0.373
7,20251116,30,0.395
7,20251116,31,0.402
7,20251116,32,0.395
7,20251116,33,0.373
7,20251116,34,0.341
7,20251116,35,0.301
7,20251116,36,0.257
7,20251116,37,0.213
7,20251116,38,0.173
7,20251116,39,0.139
7,20251116,40,0.111
7,20251116,41,0.089
7,20251116,42,0.073
7,20251116,43,0.062
7,20251116,44,0.055
7,20251116,45,0.051
7,20251116,46,0.048
7,20251116,47,0.046
7,20251116,48,0.046
7,20251116,49,0.045
7,20251116,50,0.045
7,20251116,51,0.045
7,20251116,52,0.045
7,20251116,53,0.045
7,20251116,54,0.045
7,20251116,55,0.045
7,20251116,56,0.045
7,20251116,57,0.046
7,20251116,58,0.047
7,20251116,59,0.048
7,20251116,60,0.051
7,20251116,61,0.054
7,20251116,62,0.061
7,20251116,63,0.07
7,20251116,64,0.083
7,20251116,65,0.101
7,20251116,66,0.126
7,20251116,67,0.157
7,20251116,68,0.196
7,20251116,69,0.242
7,20251116,70,0.294
7,20251116,71,0.35
7,20251116,72,0.407
7,20251116,73,0.462
7,20251116,74,0.51
7,20251116,75,0.548
7,20251116,76,0.572
7,20251116,77,0.581
7,20251116,78,0.572
7,20251116,79,0.548
7,20251116,80,0.51
7,20251116,81,0.462
7,20251116,82,0.407
7,20251116,83,0.35
7,20251116,84,0.294
7,20251116,85,0.242
7,20251116,86,0.196
7,20251116,87,0.157
7,20251116,88,0.126
7,20251116,89,0.101
7,20251116,90,0.083
7,20251116,91,0.07
7,20251116,92,0.061
7,20251116,93,0.054
7,20251116,94,0.051
7,20251116,95,0.048
7,20251116,96,0.047
7,20251117,1,0.037
7,20251117,2,0.037
7,20251117,3,0.037
7,20251117,4,0.037
7,20251117,5,0.037
7,20251117,6,0.037
7,20251117,7,0.037
7,20251117,8,0.037
7,20251117,9,0.037
7,20251117,10,0.037
7,20251117,11,0.037
7,20251117,12,0.037
7,20251117,13,0.037
7,20251117,14,0.037
7,20251117,15,0.038
7,20251117,16,0.039
7,20251117,17,0.042
7,20251117,18,0.045
7,20251117,19,0.051
7,20251117,20,0.06
7,20251117,21,0.073
7,20251117,22,0.091
7,20251117,23,0.114
7,20251117,24,0.142
7,20251117,25,0.175
7,20251117,26,0.211
7,20251117,27,0.247
7,20251117,28,0.28
7,20251117,29,0.307
7,20251117,30,0.324
7,20251117,31,0.33
7,20251117,32,0.324
7,20251117,33,0.307
7,20251117,34,0.28
7,20251117,35,0.247
7,20251117,36,0.211
7,20251117,37,0.175
7,20251117,38,0.142
7,20251117,39,0.114
7,20251117,40,0.091
7,20251117,41,0.073
7,20251117,42,0.06
7,20251117,43,0.051
7,20251117,44,0.045
7,20251117,45,0.042
7,20251117,46,0.039
7,20251117,47,0.038
7,20251117,48,0.037
7,20251117,49,0.037
7,20251117,50,0.037
7,20251117,51,0.037
7,20251117,52,0.037
7,20251117,53,0.037
7,20251117,54,0.037
7,20251117,55,0.037
7,20251117,56,0.037
7,20251117,57,0.038
7,20251117,58,0.038
7,20251117,59,0.039
7,20251117,60,0.041
7,20251117,61,0.045
7,20251117,62,0.05
7,20251117,63,0.057
7,20251117,64,0.068
7,20251117,65,0.083
7,20251117,66,0.103
7,20251117,67,0.129
7,20251117,68,0.161
7,20251117,69,0.199
7,20251117,70,0.241
7,20251117,71,0.287
7,20251117,72,0.334
7,20251117,73,0.379
7,20251117,74,0.419
7,20251117,75,0.45
7,20251117,76,0.47
7,20251117,77,0.477
7,20251117,78,0.47
7,20251117,79,0.45
7,20251117,80,0.419
7,20251117,81,0.379
7,20251117,82,0.334
7,20251117,83,0.287
7,20251117,84,0.241
7,20251117,85,0.199
7,20251117,86,0.161
7,20251117,87,0.129
7,20251117,88,0.103
7,20251117,89,0.083
7,20251117,90,0.068
7,20251117,91,0.057
7,20251117,92,0.05
7,20251117,93,0.045
7,20251117,94,0.041
7,20251117,95,0.039
7,20251117,96,0.038
7,20251118,1,0.053
7,20251118,2,0.053
7,20251118,3,0.053
7,20251118,4,0.053
7,20251118,5,0.053
7,20251118,6,0.053
7,20251118,7,0.053
7,20251118,8,0.053
7,20251118,9,0.053
7,20251118,10,0.053
7,20251118,11,0.053
7,20251118,12,0.054
7,20251118,13,0.054
7,20251118,14,0.054
7,20251118,15,0.055
7,20251118,16,0.057
7,20251118,17,0.06
7,20251118,18,0.066
7,20251118,19,0.075
7,20251118,20,0.088
7,20251118,21,0.106
7,20251118,22,0.132
7,20251118,23,0.166
7,20251118,24,0.207
7,20251118,25,0.255
7,20251118,26,0.307
7,20251118,27,0.359
7,20251118,28,0.407
7,20251118,29,0.446
7,20251118,30,0.471
7,20251118,31,0.48
7,20251118,32,0.471
7,20251118,33,0.446
7,20251118,34,0.407
7,20251118,35,0.359
7,20251118,36,0.307
7,20251118,37,0.255
7,20251118,38,0.207
7,20251118,39,0.166
7,20251118,40,0.132
7,20251118,41,0.106
7,20251118,42,0.088
7,20251118,43,0.075
7,20251118,44,0.066
7,20251118,45,0.06
7,20251118,46,0.057
7,20251118,47,0.055
7,20251118,48,0.054
7,20251118,49,0.054
7,20251118,50,0.054
7,20251118,51,0.053
7,20251118,52,0.053
7,20251118,53,0.053
7,20251118,54,0.053
7,20251118,55,0.054
7,20251118,56,0.054
7,20251118,57,0.055
7,20251118,58,0.056
7,20251118,59,0.057
7,20251118,60,0.06
7,20251118,61,0.065
7,20251118,62,0.072
7,20251118,63,0.083
7,20251118,64,0.099
7,20251118,65,0.121
7,20251118,66,0.15
7,20251118,67,0.187
7,20251118,68,0.234
7,20251118,69,0.289
7,20251118,70,0.351
7,20251118,71,0.418
7,20251118,72,0.486
7,20251118,73,0.551
7,20251118,74,0.609
7,20251118,75,0.654
7,20251118,76,0.683
7,20251118,77,0.693
7,20251118,78,0.683
7,20251118,79,0.654
7,20251118,80,0.609
7,20251118,81,0.551
7,20251118,82,0.486
7,20251118,83,0.418
7,20251118,84,0.351
7,20251118,85,0.289
7,20251118,86,0.234
7,20251118,87,0.187
7,20251118,88,0.15
7,20251118,89,0.121
7,20251118,90,0.099
7,20251118,91,0.083
7,20251118,92,0.072
7,20251118,93,0.065
7,20251118,94,0.06
7,20251118,95,0.057
7,20251118,96,0.056
7,20251119,1,0.056
7,20251119,2,0.056
7,20251119,3,0.056
7,20251119,4,0.056
7,20251119,5,0.056
7,20251119,6,0.056
7,20251119,7,0.056
7,20251119,8,0.056
7,20251119,9,0.056
7,20251119,10,0.056
7,20251119,11,0.056
7,20251119,12,0.056
7,20251119,13,0.056
7,20251119,14,0.057
7,20251119,15,0.058
7,20251119,16,0.06
7,20251119,17,0.063
7,20251119,18,0.069
7,20251119,19,0.078
7,20251119,20,0.092
7,20251119,21,0.111
7,20251119,22,0.138
7,20251119,23,0.174
7,20251119,24,0.217
7,20251119,25,0.267
7,20251119,26,0.321
7,20251119,27,0.376
7,20251119,28,0.426
7,20251119,29,0.467
7,20251119,30,0.493
7,20251119,31,0.503
7,20251119,32,0.493
7,20251119,33,0.467
7,20251119,34,0.426
7,20251119,35,0.376
7,20251119,36,0.321
7,20251119,37,0.267
7,20251119,38,0.217
7,20251119,39,0.174
7,20251119,40,0.138
7,20251119,41,0.111
7,20251119,42,0.092
7,20251119,43,0.078
7,20251119,44,0.069
7,20251119,45,0.063
7,20251119,46,0.06
7,20251119,47,0.058
7,20251119,48,0.057
7,20251119,49,0.056
7,20251119,50,0.056
7,20251119,51,0.056
7,20251119,52,0.056
7,20251119,53,0.056
7,20251119,54,0.056
7,20251119,55,0.056
7,20251119,56,0.057
7,20251119,57,0.057
7,20251119,58,0.058
7,20251119,59,0.06
7,20251119,60,0.063
7,20251119,61,0.068
7,20251119,62,0.076
7,20251119,63,0.087
7,20251119,64,0.104
7,20251119,65,0.126
7,20251119,66,0.157
7,20251119,67,0.196
7,20251119,68,0.245
7,20251119,69,0.302
7,20251119,70,0.367
7,20251119,71,0.438
7,20251119,72,0.509
7,20251119,73,0.578
7,20251119,74,0.638
7,20251119,75,0.685
7,20251119,76,0.715
7,20251119,77,0.726
7,20251119,78,0.715
7,20251119,79,0.685
7,20251119,80,0.638
7,20251119,81,0.578
7,20251119,82,0.509
7,20251119,83,0.438
7,20251119,84,0.367
7,20251119,85,0.302
7,20251119,86,0.245
7,20251119,87,0.196
7,20251119,88,0.157
7,20251119,89,0.126
7,20251119,90,0.104
7,20251119,91,0.087
7,20251119,92,0.076
7,20251119,93,0.068
7,20251119,94,0.063
7,20251119,95,0.06
7,20251119,96,0.058
7,20251120,1,0.036
7,20251120,2,0.036
7,20251120,3,0.036
7,20251120,4,0.036
7,20251120,5,0.036
7,20251120,6,0.036
7,20251120,7,0.036
7,20251120,8,0.036
7,20251120,9,0.036
7,20251120,10,0.036
7,20251120,11,0.036
7,20251120,12,0.036
7,20251120,13,0.037
7,20251120,14,0.037
7,20251120,15,0.038
7,20251120,16,0.039
7,20251120,17,0.041
7,20251120,18,0.045
7,20251120,19,0.051
7,20251120,20,0.059
7,20251120,21,0.072
7,20251120,22,0.09
7,20251120,23,0.113
7,20251120,24,0.141
7,20251120,25,0.173
7,20251120,26,0.208
7,20251120,27,0.244
7,20251120,28,0.276
7,20251120,29,0.303
7,20251120,30,0.32
7,20251120,31,0.326
7,20251120,32,0.32
7,20251120,33,0.303
7,20251120,34,0.276
7,20251120,35,0.244
7,20251120,36,0.208
7,20251120,37,0.173
7,20251120,38,0.141
7,20251120,39,0.113
7,20251120,40,0.09
7,20251120,41,0.072
7,20251120,42,0.059
7,20251120,43,0.051
7,20251120,44,0.045
7,20251120,45,0.041
7,20251120,46,0.039
7,20251120,47,0.038
7,20251120,48,0.037
7,20251120,49,0.037
7,20251120,50,0.036
7,20251120,51,0.036
7,20251120,52,0.036
7,20251120,53,0.036
7,20251120,54,0.036
7,20251120,55,0.036
7,20251120,56,0.037
7,20251120,57,0.037
7,20251120,58,0.038
7,20251120,59,0.039
7,20251120,60,0.041
7,20251120,61,0.044
7,20251120,62,0.049
7,20251120,63,0.057
7,20251120,64,0.067
7,20251120,65,0.082
7,20251120,66,0.102
7,20251120,67,0.127
7,20251120,68,0.159
7,20251120,69,0.196
7,20251120,70,0.238
7,20251120,71,0.284
7,20251120,72,0.33
7,20251120,73,0.375
7,20251120,74,0.414
7,20251120,75,0.444
7,20251120,76,0.464
7,20251120,77,0.471
7,20251120,78,0.464
7,20251120,79,0.444
7,20251120,80,0.414
7,20251120,81,0.375
7,20251120,82,0.33
7,20251120,83,0.284
7,20251120,84,0.238
7,20251120,85,0.196
7,20251120,86,0.159
7,20251120,87,0.127
7,20251120,88,0.102
7,20251120,89,0.082
7,20251120,90,0.067
7,20251120,91,0.057
7,20251120,92,0.049
7,20251120,93,0.044
7,20251120,94,0.041
7,20251120,95,0.039
7,20251120,96,0.038
7,20251121,1,0.046
7,20251121,2,0.046
7,20251121,3,0.046
7,20251121,4,0.046
7,20251121,5,0.046
7,20251121,6,0.046
7,20251121,7,0.046
7,20251121,8,0.046
7,20251121,9,0.046
7,20251121,10,0.046
7,20251121,11,0.046
7,20251121,12,0.046
7,20251121,13,0.047
7,20251121,14,0.047
7,20251121,15,0.048
7,20251121,16,0.05
7,20251121,17,0.052
7,20251121,18,0.057
7,20251121,19,0.065
7,20251121,20,0.076
7,20251121,21,0.092
7,20251121,22,0.115
7,20251121,23,0.144
7,20251121,24,0.179
7,20251121,25,0.221
7,20251121,26,0.266
7,20251121,27,0.311
7,20251121,28,0.352
7,20251121,29,0.386
7,20251121,30,0.408
7,20251121,31,0.416
7,20251121,32,0.408
7,20251121,33,0.386
7,20251121,34,0.352
7,20251121,35,0.311
7,20251121,36,0.266
7,20251121,37,0.221
7,20251121,38,0.179
7,20251121,39,0.144
7,20251121,40,0.115
7,20251121,41,0.092
7,20251121,42,0.076
7,20251121,43,0.065
7,20251121,44,0.057
7,20251121,45,0.052
7,20251121,46,0.05
7,20251121,47,0.048
7,20251121,48,0.047
7,20251121,49,0.047
7,20251121,50,0.046
7,20251121,51,0.046
7,20251121,52,0.046
7,20251121,53,0.046
7,20251121,54,0.046
7,20251121,55,0.046
7,20251121,56,0.047
7,20251121,57,0.047
7,20251121,58,0.048
7,20251121,59,0.05
7,20251121,60,0.052
7,20251121,61,0.056
7,20251121,62,0.063
7,20251121,63,0.072
7,20251121,64,0.086
7,20251121,65,0.105
7,20251121,66,0.13
7,20251121,67,0.162
7,20251121,68,0.202
7,20251121,69,0.25
7,20251121,70,0.304
7,20251121,71,0.362
7,20251121,72,0.421
7,20251121,73,0.478
7,20251121,74,0.528
7,20251121,75,0.567
7,20251121,76,0.592
7,20251121,77,0.6
7,20251121,78,0.592
7,20251121,79,0.567
7,20251121,80,0.528
7,20251121,81,0.478
7,20251121,82,0.421
7,20251121,83,0.362
7,20251121,84,0.304
7,20251121,85,0.25
7,20251121,86,0.202
7,20251121,87,0.162
7,20251121,88,0.13
7,20251121,89,0.105
7,20251121,90,0.086
7,20251121,91,0.072
7,20251121,92,0.063
7,20251121,93,0.056
7,20251121,94,0.052
7,20251121,95,0.05
7,20251121,96,0.048
7,20251122,1,0.046
7,20251122,2,0.046
7,20251122,3,0.046
7,20251122,4,0.046
7,20251122,5,0.046
7,20251122,6,0.046
7,20251122,7,0.046
7,20251122,8,0.046
7,20251122,9,0.046
7,20251122,10,0.047
7,20251122,11,0.047
7,20251122,12,0.047
7,20251122,13,0.047
7,20251122,14,0.047
7,20251122,15,0.048
7,20251122,16,0.05
7,20251122,17,0.053
7,20251122,18,0.057
7,20251122,19,0.065
7,20251122,20,0.076
7,20251122,21,0.093
7,20251122,22,0.115
7,20251122,23,0.144
7,20251122,24,0.18
7,20251122,25,0.222
7,20251122,26,0.267
7,20251122,27,0.313
7,20251122,28,0.355
7,20251122,29,0.389
7,20251122,30,0.411
7,20251122,31,0.418
7,20251122,32,0.411
7,20251122,33,0.389
7,20251122,34,0.355
7,20251122,35,0.313
7,20251122,36,0.267
7,20251122,37,0.222
7,20251122,38,0.18
7,20251122,39,0.144
7,20251122,40,0.115
7,20251122,41,0.093
7,20251122,42,0.076
7,20251122,43,0.065
7,20251122,44,0.057
7,20251122,45,0.053
7,20251122,46,0.05
7,20251122,47,0.048
7,20251122,48,0.047
7,20251122,49,0.047
7,20251122,50,0.047
7,20251122,51,0.047
7,20251122,52,0.047
7,20251122,53,0.047
7,20251122,54,0.047
7,20251122,55,0.047
7,20251122,56,0.047
7,20251122,57,0.048
7,20251122,58,0.048
7,20251122,59,0.05
7,20251122,60,0.053
7,20251122,61,0.057
7,20251122,62,0.063
7,20251122,63,0.073
7,20251122,64,0.086
7,20251122,65,0.105
7,20251122,66,0.131
7,20251122,67,0.163
7,20251122,68,0.204
7,20251122,69,0.252
7,20251122,70,0.306
7,20251122,71,0.364
7,20251122,72,0.424
7,20251122,73,0.481
7,20251122,74,0.531
7,20251122,75,0.57
7,20251122,76,0.596
7,20251122,77,0.604
7,20251122,78,0.596
7,20251122,79,0.57
7,20251122,80,0.531
7,20251122,81,0.481
7,20251122,82,0.424
7,20251122,83,0.364
7,20251122,84,0.306
7,20251122,85,0.252
7,20251122,86,0.204
7,20251122,87,0.163
7,20251122,88,0.131
7,20251122,89,0.105
7,20251122,90,0.086
7,20251122,91,0.073
7,20251122,92,0.063
7,20251122,93,0.057
7,20251122,94,0.053
7,20251122,95,0.05
7,20251122,96,0.048
7,20251123,1,0.057
7,20251123,2,0.057
7,20251123,3,0.057
7,20251123,4,0.057
7,20251123,5,0.057
7,20251123,6,0.057
7,20251123,7,0.057
7,20251123,8,0.057
7,20251123,9,0.057
7,20251123,10,0.057
7,20251123,11,0.058
7,20251123,12,0.058
7,20251123,13,0.058
7,20251123,14,0.059
7,20251123,15,0.06
7,20251123,16,0.062
7,20251123,17,0.065
7,20251123,18,0.071
7,20251123,19,0.08
7,20251123,20,0.094
7,20251123,21,0.115
7,20251123,22,0.142
7,20251123,23,0.178
7,20251123,24,0.223
7,20251123,25,0.274
7,20251123,26,0.33
7,20251123,27,0.387
7,20251123,28,0.438
7,20251123,29,0.48
7,20251123,30,0.507
7,20251123,31,0.517
7,20251123,32,0.507
7,20251123,33,0.48
7,20251123,34,0.438
7,20251123,35,0.387
7,20251123,36,0.33
7,20251123,37,0.274
7,20251123,38,0.223
7,20251123,39,0.178
7,20251123,40,0.142
7,20251123,41,0.115
7,20251123,42,0.094
7,20251123,43,0.08
7,20251123,44,0.071
7,20251123,45,0.065
7,20251123,46,0.062
7,20251123,47,0.06
7,20251123,48,0.059
7,20251123,49,0.058
7,20251123,50,0.058
7,20251123,51,0.058
7,20251123,52,0.057
7,20251123,53,0.058
7,20251123,54,0.058
7,20251123,55,0.058
7,20251123,56,0.058
7,20251123,57,0.059
7,20251123,58,0.06
7,20251123,59,0.062
7,20251123,60,0.065
7,20251123,61,0.07
7,20251123,62,0.078
7,20251123,63,0.09
7,20251123,64,0.107
7,20251123,65,0.13
7,20251123,66,0.161
7,20251123,67,0.202
7,20251123,68,0.252
7,20251123,69,0.311
7,20251123,70,0.378
7,20251123,71,0.45
7,20251123,72,0.524
7,20251123,73,0.594
7,20251123,74,0.656
7,20251123,75,0.705
7,20251123,76,0.736
7,20251123,77,0.746
7,20251123,78,0.736
7,20251123,79,0.705
7,20251123,80,0.656
7,20251123,81,0.594
7,20251123,82,0.524
7,20251123,83,0.45
7,20251123,84,0.378
7,20251123,85,0.311
7,20251123,86,0.252
7,20251123,87,0.202
7,20251123,88,0.161
7,20251123,89,0.13
7,20251123,90,0.107
7,20251123,91,0.09
7,20251123,92,0.078
7,20251123,93,0.07
7,20251123,94,0.065
7,20251123,95,0.062
7,20251123,96,0.06
7,20251124,1,0.052
7,20251124,2,0.052
7,20251124,3,0.052
7,20251124,4,0.052
7,20251124,5,0.052
7,20251124,6,0.052
7,20251124,7,0.052
7,20251124,8,0.052
7,20251124,9,0.052
7,20251124,10,0.052
7,20251124,11,0.052
7,20251124,12,0.052
7,20251124,13,0.052
7,20251124,14,0.053
7,20251124,15,0.054
7,20251124,16,0.056
7,20251124,17,0.059
7,20251124,18,0.064
7,20251124,19,0.072
7,20251124,20,0.085
7,20251124,21,0.103
7,20251124,22,0.128
7,20251124,23,0.161
7,20251124,24,0.201
7,20251124,25,0.247
7,20251124,26,0.297
7,20251124,27,0.348
7,20251124,28,0.395
7,20251124,29,0.432
7,20251124,30,0.457
7,20251124,31,0.465
7,20251124,32,0.457
7,20251124,33,0.432
7,20251124,34,0.395
7,20251124,35,0.348
7,20251124,36,0.297
7,20251124,37,0.247
7,20251124,38,0.201
7,20251124,39,0.161
7,20251124,40,0.128
7,20251124,41,0.103
7,20251124,42,0.085
7,20251124,43,0.072
7,20251124,44,0.064
7,20251124,45,0.059
7,20251124,46,0.056
7,20251124,47,0.054
7,20251124,48,0.053
7,20251124,49,0.052
7,20251124,50,0.052
7,20251124,51,0.052
7,20251124,52,0.052
7,20251124,53,0.052
7,20251124,54,0.052
7,20251124,55,0.052
7,20251124,56,0.052
7,20251124,57,0.053
7,20251124,58,0.054
7,20251124,59,0.056
7,20251124,60,0.059
7,20251124,61,0.063
7,20251124,62,0.07
7,20251124,63,0.081
7,20251124,64,0.096
7,20251124,65,0.117
7,20251124,66,0.145
7,20251124,67,0.182
7,20251124,68,0.227
7,20251124,69,0.28
7,20251124,70,0.34
7,20251124,71,0.405
7,20251124,72,0.472
7,20251124,73,0.535
7,20251124,74,0.591
7,20251124,75,0.635
7,20251124,76,0.663
7,20251124,77,0.672
7,20251124,78,0.663
7,20251124,79,0.635
7,20251124,80,0.591
7,20251124,81,0.535
7,20251124,82,0.472
7,20251124,83,0.405
7,20251124,84,0.34
7,20251124,85,0.28
7,20251124,86,0.227
7,20251124,87,0.182
7,20251124,88,0.145
7,20251124,89,0.117
7,20251124,90,0.096
7,20251124,91,0.081
7,20251124,92,0.07
7,20251124,93,0.063
7,20251124,94,0.059
7,20251124,95,0.056
7,20251124,96,0.054
7,20251125,1,0.052
7,20251125,2,0.052
7,20251125,3,0.052
7,20251125,4,0.052
7,20251125,5,0.052
7,20251125,6,0.052
7,20251125,7,0.052
7,20251125,8,0.052
7,20251125,9,0.052
7,20251125,10,0.052
7,20251125,11,0.052
7,20251125,12,0.053
7,20251125,13,0.053
7,20251125,14,0.053
7,20251125,15,0.054
7,20251125,16,0.056
7,20251125,17,0.059
7,20251125,18,0.065
7,20251125,19,0.073
7,20251125,20,0.086
7,20251125,21,0.105
7,20251125,22,0.13
7,20251125,23,0.163
7,20251125,24,0.203
7,20251125,25,0.25
7,20251125,26,0.301
7,20251125,27,0.353
7,20251125,28,0.4
7,20251125,29,0.438
7,20251125,30,0.463
7,20251125,31,0.471
7,20251125,32,0.463
7,20251125,33,0.438
7,20251125,34,0.4
7,20251125,35,0.353
7,20251125,36,0.301
7,20251125,37,0.25
7,20251125,38,0.203
7,20251125,39,0.163
7,20251125,40,0.13
7,20251125,41,0.105
7,20251125,42,0.086
7,20251125,43,0.073
7,20251125,44,0.065
7,20251125,45,0.059
7,20251125,46,0.056
7,20251125,47,0.054
7,20251125,48,0.053
7,20251125,49,0.053
7,20251125,50,0.053
7,20251125,51,0.052
7,20251125,52,0.052
7,20251125,53,0.052
7,20251125,54,0.053
7,20251125,55,0.053
7,20251125,56,0.053
7,20251125,58,0.055
7,20251125,59,0.056
7,20251125,60,0.059
7,20251125,61,0.064
7,20251125,62,0.071
7,20251125,63,0.082
7,20251125,64,0.097
7,20251125,65,0.119
7,20251125,66,0.147
7,20251125,67,0.184
7,20251125,68,0.23
7,20251125,69,0.284
7,20251125,70,0.345
7,20251125,71,0.41
7,20251125,72,0.478
7,20251125,73,0.542
7,20251125,74,0.598
7,20251125,75,0.643
7,20251125,76,0.671
7,20251125,77,0.681
7,20251125,78,0.671
7,20251125,79,0.643
7,20251125,80,0.598
7,20251125,81,0.542
7,20251125,82,0.478
7,20251125,83,0.41
7,20251125,84,0.345
7,20251125,85,0.284
7,20251125,86,0.23
7,20251125,87,0.184
7,20251125,88,0.147
7,20251125,89,0.119
7,20251125,90,0.097
7,20251125,91,0.082
7,20251125,92,0.071
7,20251125,93,0.064
7,20251125,94,0.059
7,20251125,95,0.056
7,20251125,96,0.055
7,20251126,1,0.049
7,20251126,2,0.049
7,20251126,3,0.049
7,20251126,4,0.049
7,20251126,5,0.049
7,20251126,6,0.049
7,20251126,7,0.049
7,20251126,8,0.049
7,20251126,9,0.049
7,20251126,10,0.049
7,20251126,11,0.049
7,20251126,12,0.049
7,20251126,13,0.049
7,20251126,14,0.05
7,20251126,15,0.051
7,20251126,16,0.053
7,20251126,17,0.056
7,20251126,18,0.06
7,20251126,19,0.068
7,20251126,20,0.08
7,20251126,21,0.098
7,20251126,22,0.121
7,20251126,23,0.152
7,20251126,24,0.19
7,20251126,25,0.234
7,20251126,26,0.281
7,20251126,27,0.329
7,20251126,28,0.373
7,20251126,29,0.409
7,20251126,30,0.432
7,20251126,31,0.44
7,20251126,32,0.432
7,20251126,33,0.409
7,20251126,34,0.373
7,20251126,35,0.329
7,20251126,36,0.281
7,20251126,37,0.234
7,20251126,38,0.19
7,20251126,39,0.152
7,20251126,40,0.121
7,20251126,41,0.098
7,20251126,42,0.08
7,20251126,43,0.068
7,20251126,44,0.06
7,20251126,45,0.056
7,20251126,46,0.053
7,20251126,47,0.051
7,20251126,48,0.05
7,20251126,49,0.049
7,20251126,50,0.049
7,20251126,51,0.049
7,20251126,52,0.049
7,20251126,53,0.049
7,20251126,54,0.049
7,20251126,55,0.049
7,20251126,56,0.05
7,20251126,57,0.05
7,20251126,58,0.051
7,20251126,59,0.053
7,20251126,60,0.055
7,20251126,61,0.06
7,20251126,62,0.066
7,20251126,63,0.076
7,20251126,64,0.091
7,20251126,65,0.111
7,20251126,66,0.138
7,20251126,67,0.172
7,20251126,68,0.214
7,20251126,69,0.265
7,20251126,70,0.322
7,20251126,71,0.383
7,20251126,72,0.446
7,20251126,73,0.506
7,20251126,74,0.559
7,20251126,75,0.6
7,20251126,76,0.627
7,20251126,77,0.636
7,20251126,78,0.627
7,20251126,79,0.6
7,20251126,80,0.559
7,20251126,81,0.506
7,20251126,82,0.446
7,20251126,83,0.383
7,20251126,84,0.322
7,20251126,85,0.265
7,20251126,86,0.214
7,20251126,87,0.172
7,20251126,88,0.138
7,20251126,89,0.111
7,20251126,90,0.091
7,20251126,91,0.076
7,20251126,92,0.066
7,20251126,93,0.06
7,20251126,94,0.055
7,20251126,95,0.053
7,20251126,96,0.051
7,20251127,1,0.041
7,20251127,2,0.041
7,20251127,3,0.041
7,20251127,4,0.041
7,20251127,5,0.041
7,20251127,6,0.041
7,20251127,7,0.041
7,20251127,8,0.041
7,20251127,9,0.041
7,20251127,10,0.041
7,20251127,11,0.041
7,20251127,12,0.042
7,20251127,13,0.042
7,20251127,14,0.042
7,20251127,15,0.043
7,20251127,16,0.044
7,20251127,17,0.047
7,20251127,18,0.051
7,20251127,19,0.058
7,20251127,20,0.068
7,20251127,21,0.083
7,20251127,22,0.103
7,20251127,23,0.129
7,20251127,24,0.161
7,20251127,25,0.198
7,20251127,26,0.238
7,20251127,27,0.278
7,20251127,28,0.316
7,20251127,29,0.346
7,20251127,30,0.365
7,20251127,31,0.372
7,20251127,32,0.365
7,20251127,33,0.346
7,20251127,34,0.316
7,20251127,35,0.278
7,20251127,36,0.238
7,20251127,37,0.198
7,20251127,38,0.161
7,20251127,39,0.129
7,20251127,40,0.103
7,20251127,41,0.083
7,20251127,42,0.068
7,20251127,43,0.058
7,20251127,44,0.051
7,20251127,45,0.047
7,20251127,46,0.044
7,20251127,47,0.043
7,20251127,48,0.042
7,20251127,49,0.042
7,20251127,50,0.042
7,20251127,51,0.041
7,20251127,52,0.041
7,20251127,53,0.041
7,20251127,54,0.041
7,20251127,55,0.042
7,20251127,56,0.042
7,20251127,57,0.042
7,20251127,58,0.043
7,20251127,59,0.045
7,20251127,60,0.047
7,20251127,61,0.05
7,20251127,62,0.056
7,20251127,63,0.065
7,20251127,64,0.077
7,20251127,65,0.094
7,20251127,66,0.116
7,20251127,67,0.145
7,20251127,68,0.181
7,20251127,69,0.224
7,20251127,70,0.272
7,20251127,71,0.324
7,20251127,72,0.377
7,20251127,73,0.428
7,20251127,74,0.473
7,20251127,75,0.508
7,20251127,76,0.53
7,20251127,77,0.538
7,20251127,78,0.53
7,20251127,79,0.508
7,20251127,80,0.473
7,20251127,81,0.428
7,20251127,82,0.377
7,20251127,83,0.324
7,20251127,84,0.272
7,20251127,85,0.224
7,20251127,86,0.181
7,20251127,87,0.145
7,20251127,88,0.116
7,20251127,89,0.094
7,20251127,90,0.077
7,20251127,91,0.065
7,20251127,92,0.056
7,20251127,93,0.05
7,20251127,94,0.047
7,20251127,95,0.045
7,20251127,96,0.043
7,20251128,1,0.051
7,20251128,2,0.051
7,20251128,3,0.051
7,20251128,4,0.051
7,20251128,5,0.051
7,20251128,6,0.051
7,20251128,7,0.051
7,20251128,8,0.051
7,20251128,9,0.051
7,20251128,10,0.051
7,20251128,11,0.052
7,20251128,12,0.052
7,20251128,13,0.052
7,20251128,14,0.052
7,20251128,15,0.053
7,20251128,16,0.055
7,20251128,17,0.058
7,20251128,18,0.064
7,20251128,19,0.072
7,20251128,20,0.085
7,20251128,21,0.103
7,20251128,22,0.128
7,20251128,23,0.16
7,20251128,24,0.2
7,20251128,25,0.246
7,20251128,26,0.296
7,20251128,27,0.346
7,20251128,28,0.393
7,20251128,29,0.43
7,20251128,30,0.454
7,20251128,31,0.463
7,20251128,32,0.454
7,20251128,33,0.43
7,20251128,34,0.393
7,20251128,35,0.346
7,20251128,36,0.296
7,20251128,37,0.246
7,20251128,38,0.2
7,20251128,39,0.16
7,20251128,40,0.128
7,20251128,41,0.103
7,20251128,42,0.085
7,20251128,43,0.072
7,20251128,44,0.064
7,20251128,45,0.058
7,20251128,46,0.055
7,20251128,47,0.053
7,20251128,48,0.052
7,20251128,49,0.052
7,20251128,50,0.052
7,20251128,51,0.052
7,20251128,52,0.052
7,20251128,53,0.052
7,20251128,54,0.052
7,20251128,55,0.052
7,20251128,56,0.052
7,20251128,57,0.053
7,20251128,58,0.054
7,20251128,59,0.055
7,20251128,60,0.058
7,20251128,61,0.063
7,20251128,62,0.07
7,20251128,63,0.08
7,20251128,64,0.095
7,20251128,65,0.116
7,20251128,66,0.145
7,20251128,67,0.181
7,20251128,68,0.226
7,20251128,69,0.278
7,20251128,70,0.338
7,20251128,71,0.403
7,20251128,72,0.469
7,20251128,73,0.532
7,20251128,74,0.588
7,20251128,75,0.631
7,20251128,76,0.659
7,20251128,77,0.669
7,20251128,78,0.659
7,20251128,79,0.631
7,20251128,80,0.588
7,20251128,81,0.532
7,20251128,82,0.469
7,20251128,83,0.403
7,20251128,84,0.338
7,20251128,85,0.278
7,20251128,86,0.226
7,20251128,87,0.181
7,20251128,88,0.145
7,20251128,89,0.116
7,20251128,90,0.095
7,20251128,91,0.08
7,20251128,92,0.07
7,20251128,93,0.063
7,20251128,94,0.058
7,20251128,95,0.055
7,20251128,96,0.054
7,20251129,1,0.057
7,20251129,2,0.057
7,20251129,3,0.057
7,20251129,4,0.057
7,20251129,5,0.057
7,20251129,6,0.057
7,20251129,7,0.057
7,20251129,8,0.057
7,20251129,9,0.057
7,20251129,10,0.057
7,20251129,11,0.058
7,20251129,12,0.058
7,20251129,13,0.058
7,20251129,14,0.059
7,20251129,15,0.06
7,20251129,16,0.062
7,20251129,17,0.065
7,20251129,18,0.071
7,20251129,19,0.08
7,20251129,20,0.094
7,20251129,21,0.115
7,20251129,22,0.142
7,20251129,23,0.179
7,20251129,24,0.223
7,20251129,25,0.274
7,20251129,26,0.33
7,20251129,27,0.387
7,20251129,28,0.438
7,20251129,29,0.48
7,20251129,30,0.507
7,20251129,31,0.517
7,20251129,32,0.507
7,20251129,33,0.48
7,20251129,34,0.438
7,20251129,35,0.387
7,20251129,36,0.33
7,20251129,37,0.274
7,20251129,38,0.223
7,20251129,39,0.179
7,20251129,40,0.142
7,20251129,41,0.115
7,20251129,42,0.094
7,20251129,43,0.08
7,20251129,44,0.071
7,20251129,45,0.065
7,20251129,46,0.062
7,20251129,47,0.06
7,20251129,48,0.059
7,20251129,49,0.058
7,20251129,50,0.058
7,20251129,51,0.058
7,20251129,52,0.058
7,20251129,53,0.058
7,20251129,54,0.058
7,20251129,55,0.058
7,20251129,56,0.058
7,20251129,57,0.059
7,20251129,58,0.06
7,20251129,59,0.062
7,20251129,60,0.065
7,20251129,61,0.07
7,20251129,62,0.078
7,20251129,63,0.09
7,20251129,64,0.107
7,20251129,65,0.13
7,20251129,66,0.161
7,20251129,67,0.202
7,20251129,68,0.252
7,20251129,69,0.311
7,20251129,70,0.378
7,20251129,71,0.45
7,20251129,72,0.524
7,20251129,73,0.594
7,20251129,74,0.656
7,20251129,75,0.705
7,20251129,76,0.736
7,20251129,77,0.747
7,20251129,78,0.736
7,20251129,79,0.705
7,20251129,80,0.656
7,20251129,81,0.594
7,20251129,82,0.524
7,20251129,83,0.45
7,20251129,84,0.378
7,20251129,85,0.311
7,20251129,86,0.252
7,20251129,87,0.202
7,20251129,88,0.161
7,20251129,89,0.13
7,20251129,90,0.107
7,20251129,91,0.09
7,20251129,92,0.078
7,20251129,93,0.07
7,20251129,94,0.065
7,20251129,95,0.062
7,20251129,96,0.06
7,20251130,1,0.058
7,20251130,2,0.058
7,20251130,3,0.058
7,20251130,4,0.058
7,20251130,5,0.058
7,20251130,6,0.058
7,20251130,7,0.058
7,20251130,8,0.058
7,20251130,9,0.058
7,20251130,10,0.058
7,20251130,11,0.058
7,20251130,12,0.058
7,20251130,13,0.059
7,20251130,14,0.059
7,20251130,15,0.06
7,20251130,16,0.062
7,20251130,17,0.066
7,20251130,18,0.072
7,20251130,19,0.081
7,20251130,20,0.095
7,20251130,21,0.116
7,20251130,22,0.144
7,20251130,23,0.18
7,20251130,24,0.225
7,20251130,25,0.277
7,20251130,26,0.334
7,20251130,27,0.39
7,20251130,28,0.443
7,20251130,29,0.485
7,20251130,30,0.512
7,20251130,31,0.522
7,20251130,32,0.512
7,20251130,33,0.485
7,20251130,34,0.443
7,20251130,35,0.39
7,20251130,36,0.334
7,20251130,37,0.277
7,20251130,38,0.225
7,20251130,39,0.18
7,20251130,40,0.144
7,20251130,41,0.116
7,20251130,42,0.095
7,20251130,43,0.081
7,20251130,44,0.072
7,20251130,45,0.066
7,20251130,46,0.062
7,20251130,47,0.06
7,20251130,48,0.059
7,20251130,49,0.059
7,20251130,50,0.058
7,20251130,51,0.058
7,20251130,52,0.058
7,20251130,53,0.058
7,20251130,54,0.058
7,20251130,55,0.058
7,20251130,56,0.059
7,20251130,57,0.059
7,20251130,58,0.06
7,20251130,59,0.062
7,20251130,60,0.066
7,20251130,61,0.071
7,20251130,62,0.079
7,20251130,63,0.091
7,20251130,64,0.108
7,20251130,65,0.131
7,20251130,66,0.163
7,20251130,67,0.204
7,20251130,68,0.254
7,20251130,69,0.314
7,20251130,70,0.382
7,20251130,71,0.454
7,20251130,72,0.529
7,20251130,73,0.6
7,20251130,74,0.663
7,20251130,75,0.712
7,20251130,76,0.743
7,20251130,77,0.754
7,20251130,78,0.743
7,20251130,79,0.712
7,20251130,80,0.663
7,20251130,81,0.6
7,20251130,82,0.529
7,20251130,83,0.454
7,20251130,84,0.382
7,20251130,85,0.314
7,20251130,86,0.254
7,20251130,87,0.204
7,20251130,88,0.163
7,20251130,89,0.131
7,20251130,90,0.108
7,20251130,91,0.091
7,20251130,92,0.079
7,20251130,93,0.071
7,20251130,94,0.066
7,20251130,95,0.062
7,20251130,96,0.06
8,20251101,1,0.0
8,20251101,2,0.0
8,20251101,3,0.0
8,20251101,4,0.0
8,20251101,5,0.0
8,20251101,6,0.0
8,20251101,7,0.0
8,20251101,8,0.0
8,20251101,9,0.0
8,20251101,10,0.0
8,20251101,11,0.0
8,20251101,12,0.0
8,20251101,13,0.0
8,20251101,14,0.0
8,20251101,15,0.0
8,20251101,16,0.0
8,20251101,17,0.0
8,20251101,18,0.0
8,20251101,19,0.0
8,20251101,20,0.0
8,20251101,21,0.0
8,20251101,22,0.0
8,20251101,23,0.0
8,20251101,24,0.0
8,20251101,25,0.0
8,20251101,26,0.023
8,20251101,27,0.046
8,20251101,28,0.069
8,20251101,29,0.091
8,20251101,30,0.113
8,20251101,31,0.134
8,20251101,32,0.155
8,20251101,33,0.176
8,20251101,34,0.195
8,20251101,35,0.214
8,20251101,36,0.232
8,20251101,37,0.249
8,20251101,38,0.264
8,20251101,39,0.279
8,20251101,40,0.292
8,20251101,41,0.304
8,20251101,42,0.315
8,20251101,43,0.325
8,20251101,44,0.333
8,20251101,45,0.339
8,20251101,46,0.345
8,20251101,47,0.348
8,20251101,48,0.351
8,20251101,49,0.351
8,20251101,50,0.351
8,20251101,51,0.348
8,20251101,52,0.345
8,20251101,53,0.339
8,20251101,54,0.333
8,20251101,55,0.325
8,20251101,56,0.315
8,20251101,57,0.304
8,20251101,58,0.292
8,20251101,59,0.279
8,20251101,60,0.264
8,20251101,61,0.249
8,20251101,62,0.232
8,20251101,63,0.214
8,20251101,64,0.195
8,20251101,65,0.176
8,20251101,66,0.155
8,20251101,67,0.134
8,20251101,68,0.113
8,20251101,69,0.091
8,20251101,70,0.069
8,20251101,71,0.046
8,20251101,72,0.023
8,20251101,73,0.0
8,20251101,74,0.0
8,20251101,75,0.0
8,20251101,76,0.0
8,20251101,77,0.0
8,20251101,78,0.0
8,20251101,79,0.0
8,20251101,80,0.0
8,20251101,81,0.0
8,20251101,82,0.0
8,20251101,83,0.0
8,20251101,84,0.0
8,20251101,85,0.0
8,20251101,86,0.0
8,20251101,87,0.0
8,20251101,88,0.0
8,20251101,89,0.0
8,20251101,90,0.0
8,20251101,91,0.0
8,20251101,92,0.0
8,20251101,93,0.0
8,20251101,94,0.0
8,20251101,95,0.0
8,20251101,96,0.0
8,20251102,1,0.0
8,20251102,2,0.0
8,20251102,3,0.0
8,20251102,4,0.0
8,20251102,5,0.0
8,20251102,6,0.0
8,20251102,7,0.0
8,20251102,8,0.0
8,20251102,9,0.0
8,20251102,10,0.0
8,20251102,11,0.0
8,20251102,12,0.0
8,20251102,13,0.0
8,20251102,14,0.0
8,20251102,15,0.0
8,20251102,16,0.0
8,20251102,17,0.0
8,20251102,18,0.0
8,20251102,19,0.0
8,20251102,20,0.0
8,20251102,21,0.0
8,20251102,22,0.0
8,20251102,23,0.0
8,20251102,24,0.0
8,20251102,25,0.0
8,20251102,26,0.059
8,20251102,27,0.117
8,20251102,28,0.175
8,20251102,29,0.232
8,20251102,30,0.288
8,20251102,31,0.342
8,20251102,32,0.396
8,20251102,33,0.447
8,20251102,34,0.497
8,20251102,35,0.545
8,20251102,36,0.59
8,20251102,37,0.633
8,20251102,38,0.673
8,20251102,39,0.71
8,20251102,40,0.744
8,20251102,41,0.775
8,20251102,42,0.803
8,20251102,43,0.827
8,20251102,44,0.847
8,20251102,45,0.864
8,20251102,46,0.878
8,20251102,47,0.887
8,20251102,48,0.893
8,20251102,49,0.895
8,20251102,50,0.893
8,20251102,51,0.887
8,20251102,52,0.878
8,20251102,53,0.864
8,20251102,54,0.847
8,20251102,55,0.827
8,20251102,56,0.803
8,20251102,57,0.775
8,20251102,58,0.744
8,20251102,59,0.71
8,20251102,60,0.673
8,20251102,61,0.633
8,20251102,62,0.59
8,20251102,63,0.545
8,20251102,64,0.497
8,20251102,65,0.447
8,20251102,66,0.396
8,20251102,67,0.342
8,20251102,68,0.288
8,20251102,69,0.232
8,20251102,70,0.175
8,20251102,71,0.117
8,20251102,72,0.059
8,20251102,73,0.0
8,20251102,74,0.0
8,20251102,75,0.0
8,20251102,76,0.0
8,20251102,77,0.0
8,20251102,78,0.0
8,20251102,79,0.0
8,20251102,80,0.0
8,20251102,81,0.0
8,20251102,82,0.0
8,20251102,83,0.0
8,20251102,84,0.0
8,20251102,85,0.0
8,20251102,86,0.0
8,20251102,87,0.0
8,20251102,88,0.0
8,20251102,89,0.0
8,20251102,90,0.0
8,20251102,91,0.0
8,20251102,92,0.0
8,20251102,93,0.0
8,20251102,94,0.0
8,20251102,95,0.0
8,20251102,96,0.0
8,20251103,1,0.0
8,20251103,2,0.0
8,20251103,3,0.0
8,20251103,4,0.0
8,20251103,5,0.0
8,20251103,6,0.0
8,20251103,7,0.0
8,20251103,8,0.0
8,20251103,9,0.0
8,20251103,10,0.0
8,20251103,11,0.0
8,20251103,12,0.0
8,20251103,13,0.0
8,20251103,14,0.0
8,20251103,15,0.0
8,20251103,16,0.0
8,20251103,17,0.0
8,20251103,18,0.0
8,20251103,19,0.0
8,20251103,20,0.0
8,20251103,21,0.0
8,20251103,22,0.0
8,20251103,23,0.0
8,20251103,24,0.0
8,20251103,25,0.0
8,20251103,26,0.037
8,20251103,27,0.074
8,20251103,28,0.11
8,20251103,29,0.146
8,20251103,30,0.181
8,20251103,31,0.216
8,20251103,32,0.25
8,20251103,33,0.282
8,20251103,34,0.314
8,20251103,35,0.344
8,20251103,36,0.372
8,20251103,37,0.399
8,20251103,38,0.424
8,20251103,39,0.448
8,20251103,40,0.469
8,20251103,41,0.489
8,20251103,42,0.506
8,20251103,43,0.522
8,20251103,44,0.535
8,20251103,45,0.545
8,20251103,46,0.554
8,20251103,47,0.56
8,20251103,48,0.563
8,20251103,49,0.565
8,20251103,50,0.563
8,20251103,51,0.56
8,20251103,52,0.554
8,20251103,53,0.545
8,20251103,54,0.535
8,20251103,55,0.522
8,20251103,56,0.506
8,20251103,57,0.489
8,20251103,58,0.469
8,20251103,59,0.448
8,20251103,60,0.424
8,20251103,61,0.399
8,20251103,62,0.372
8,20251103,63,0.344
8,20251103,64,0.314
8,20251103,65,0.282
8,20251103,66,0.25
8,20251103,67,0.216
8,20251103,68,0.181
8,20251103,69,0.146
8,20251103,70,0.11
8,20251103,71,0.074
8,20251103,72,0.037
8,20251103,73,0.0
8,20251103,74,0.0
8,20251103,75,0.0
8,20251103,76,0.0
8,20251103,77,0.0
8,20251103,78,0.0
8,20251103,79,0.0
8,20251103,80,0.0
8,20251103,81,0.0
8,20251103,82,0.0
8,20251103,83,0.0
8,20251103,84,0.0
8,20251103,85,0.0
8,20251103,86,0.0
8,20251103,87,0.0
8,20251103,88,0.0
8,20251103,89,0.0
8,20251103,90,0.0
8,20251103,91,0.0
8,20251103,92,0.0
8,20251103,93,0.0
8,20251103,94,0.0
8,20251103,95,0.0
8,20251103,96,0.0
8,20251104,1,0.0
8,20251104,2,0.0
8,20251104,3,0.0
8,20251104,4,0.0
8,20251104,5,0.0
8,20251104,6,0.0
8,20251104,7,0.0
8,20251104,8,0.0
8,20251104,9,0.0
8,20251104,10,0.0
8,20251104,11,0.0
8,20251104,12,0.0
8,20251104,13,0.0
8,20251104,14,0.0
8,20251104,15,0.0
8,20251104,16,0.0
8,20251104,17,0.0
8,20251104,18,0.0
8,20251104,19,0.0
8,20251104,20,0.0
8,20251104,21,0.0
8,20251104,22,0.0
8,20251104,23,0.0
8,20251104,24,0.0
8,20251104,25,0.0
8,20251104,26,0.05
8,20251104,27,0.101
8,20251104,28,0.151
8,20251104,29,0.2
8,20251104,30,0.248
8,20251104,31,0.295
8,20251104,32,0.341
8,20251104,33,0.386
8,20251104,34,0.429
8,20251104,35,0.47
8,20251104,36,0.509
8,20251104,37,0.546
8,20251104,38,0.58
8,20251104,39,0.612
8,20251104,40,0.642
8,20251104,41,0.668
8,20251104,42,0.692
8,20251104,43,0.713
8,20251104,44,0.731
8,20251104,45,0.745
8,20251104,46,0.757
8,20251104,47,0.765
8,20251104,48,0.77
8,20251104,49,0.772
8,20251104,50,0.77
8,20251104,51,0.765
8,20251104,52,0.757
8,20251104,53,0.745
8,20251104,54,0.731
8,20251104,55,0.713
8,20251104,56,0.692
8,20251104,57,0.668
8,20251104,58,0.642
8,20251104,59,0.612
8,20251104,60,0.58
8,20251104,61,0.546
8,20251104,62,0.509
8,20251104,63,0.47
8,20251104,64,0.429
8,20251104,65,0.386
8,20251104,66,0.341
8,20251104,67,0.295
8,20251104,68,0.248
8,20251104,69,0.2
8,20251104,70,0.151
8,20251104,71,0.101
8,20251104,72,0.05
8,20251104,73,0.0
8,20251104,74,0.0
8,20251104,75,0.0
8,20251104,76,0.0
8,20251104,77,0.0
8,20251104,78,0.0
8,20251104,79,0.0
8,20251104,80,0.0
8,20251104,81,0.0
8,20251104,82,0.0
8,20251104,83,0.0
8,20251104,84,0.0
8,20251104,85,0.0
8,20251104,86,0.0
8,20251104,87,0.0
8,20251104,88,0.0
8,20251104,89,0.0
8,20251104,90,0.0
8,20251104,91,0.0
8,20251104,92,0.0
8,20251104,93,0.0
8,20251104,94,0.0
8,20251104,95,0.0
8,20251104,96,0.0
8,20251105,1,0.0
8,20251105,2,0.0
8,20251105,3,0.0
8,20251105,4,0.0
8,20251105,5,0.0
8,20251105,6,0.0
8,20251105,7,0.0
8,20251105,8,0.0
8,20251105,9,0.0
8,20251105,10,0.0
8,20251105,11,0.0
8,20251105,12,0.0
8,20251105,13,0.0
8,20251105,14,0.0
8,20251105,15,0.0
8,20251105,16,0.0
8,20251105,17,0.0
8,20251105,18,0.0
8,20251105,19,0.0
8,20251105,20,0.0
8,20251105,21,0.0
8,20251105,22,0.0
8,20251105,23,0.0
8,20251105,24,0.0
8,20251105,25,0.0
8,20251105,26,0.043
8,20251105,27,0.086
8,20251105,28,0.128
8,20251105,29,0.17
8,20251105,30,0.211
8,20251105,31,0.252
8,20251105,32,0.291
8,20251105,33,0.329
8,20251105,34,0.365
8,20251105,35,0.4
8,20251105,36,0.433
8,20251105,37,0.465
8,20251105,38,0.494
8,20251105,39,0.522
8,20251105,40,0.547
8,20251105,41,0.569
8,20251105,42,0.59
8,20251105,43,0.607
8,20251105,44,0.622
8,20251105,45,0.635
8,20251105,46,0.645
8,20251105,47,0.652
8,20251105,48,0.656
8,20251105,49,0.657
8,20251105,50,0.656
8,20251105,51,0.652
8,20251105,52,0.645
8,20251105,53,0.635
8,20251105,54,0.622
8,20251105,55,0.607
8,20251105,56,0.59
8,20251105,57,0.569
8,20251105,58,0.547
8,20251105,59,0.522
8,20251105,60,0.494
8,20251105,61,0.465
8,20251105,62,0.433
8,20251105,63,0.4
8,20251105,64,0.365
8,20251105,65,0.329
8,20251105,66,0.291
8,20251105,67,0.252
8,20251105,68,0.211
8,20251105,69,0.17
8,20251105,70,0.128
8,20251105,71,0.086
8,20251105,72,0.043
8,20251105,73,0.0
8,20251105,74,0.0
8,20251105,75,0.0
8,20251105,76,0.0
8,20251105,77,0.0
8,20251105,78,0.0
8,20251105,79,0.0
8,20251105,80,0.0
8,20251105,81,0.0
8,20251105,82,0.0
8,20251105,83,0.0
8,20251105,84,0.0
8,20251105,85,0.0
8,20251105,86,0.0
8,20251105,87,0.0
8,20251105,88,0.0
8,20251105,89,0.0
8,20251105,90,0.0
8,20251105,91,0.0
8,20251105,92,0.0
8,20251105,93,0.0
8,20251105,94,0.0
8,20251105,95,0.0
8,20251105,96,0.0
8,20251106,1,0.0
8,20251106,2,0.0
8,20251106,3,0.0
8,20251106,4,0.0
8,20251106,5,0.0
8,20251106,6,0.0
8,20251106,7,0.0
8,20251106,8,0.0
8,20251106,9,0.0
8,20251106,10,0.0
8,20251106,11,0.0
8,20251106,12,0.0
8,20251106,13,0.0
8,20251106,14,0.0
8,20251106,15,0.0
8,20251106,16,0.0
8,20251106,17,0.0
8,20251106,18,0.0
8,20251106,19,0.0
8,20251106,20,0.0
8,20251106,21,0.0
8,20251106,22,0.0
8,20251106,23,0.0
8,20251106,24,0.0
8,20251106,25,0.0
8,20251106,26,0.037
8,20251106,27,0.074
8,20251106,28,0.11
8,20251106,29,0.146
8,20251106,30,0.182
8,20251106,31,0.216
8,20251106,32,0.25
8,20251106,33,0.283
8,20251106,34,0.314
8,20251106,35,0.344
8,20251106,36,0.373
8,20251106,37,0.4
8,20251106,38,0.425
8,20251106,39,0.448
8,20251106,40,0.47
8,20251106,41,0.489
8,20251106,42,0.507
8,20251106,43,0.522
8,20251106,44,0.535
8,20251106,45,0.546
8,20251106,46,0.554
8,20251106,47,0.56
8,20251106,48,0.564
8,20251106,49,0.565
8,20251106,50,0.564
8,20251106,51,0.56
8,20251106,52,0.554
8,20251106,53,0.546
8,20251106,54,0.535
8,20251106,55,0.522
8,20251106,56,0.507
8,20251106,57,0.489
8,20251106,58,0.47
8,20251106,59,0.448
8,20251106,60,0.425
8,20251106,61,0.4
8,20251106,62,0.373
8,20251106,63,0.344
8,20251106,64,0.314
8,20251106,65,0.283
8,20251106,66,0.25
8,20251106,67,0.216
8,20251106,68,0.182
8,20251106,69,0.146
8,20251106,70,0.11
8,20251106,71,0.074
8,20251106,72,0.037
8,20251106,73,0.0
8,20251106,74,0.0
8,20251106,75,0.0
8,20251106,76,0.0
8,20251106,77,0.0
8,20251106,78,0.0
8,20251106,79,0.0
8,20251106,80,0.0
8,20251106,81,0.0
8,20251106,82,0.0
8,20251106,83,0.0
8,20251106,84,0.0
8,20251106,85,0.0
8,20251106,86,0.0
8,20251106,87,0.0
8,20251106,88,0.0
8,20251106,89,0.0
8,20251106,90,0.0
8,20251106,91,0.0
8,20251106,92,0.0
8,20251106,93,0.0
8,20251106,94,0.0
8,20251106,95,0.0
8,20251106,96,0.0
8,20251107,1,0.0
8,20251107,2,0.0
8,20251107,3,0.0
8,20251107,4,0.0
8,20251107,5,0.0
8,20251107,6,0.0
8,20251107,7,0.0
8,20251107,8,0.0
8,20251107,9,0.0
8,20251107,10,0.0
8,20251107,11,0.0
8,20251107,12,0.0
8,20251107,13,0.0
8,20251107,14,0.0
8,20251107,15,0.0
8,20251107,16,0.0
8,20251107,17,0.0
8,20251107,18,0.0
8,20251107,19,0.0
8,20251107,20,0.0
8,20251107,21,0.0
8,20251107,22,0.0
8,20251107,23,0.0
8,20251107,24,0.0
8,20251107,25,0.0
8,20251107,26,0.028
8,20251107,27,0.055
8,20251107,28,0.083
8,20251107,29,0.11
8,20251107,30,0.136
8,20251107,31,0.162
8,20251107,32,0.188
8,20251107,33,0.212
8,20251107,34,0.236
8,20251107,35,0.258
8,20251107,36,0.28
8,20251107,37,0.3
8,20251107,38,0.319
8,20251107,39,0.337
8,20251107,40,0.353
8,20251107,41,0.367
8,20251107,42,0.381
8,20251107,43,0.392
8,20251107,44,0.402
8,20251107,45,0.41
8,20251107,46,0.416
8,20251107,47,0.421
8,20251107,48,0.423
8,20251107,49,0.424
8,20251107,50,0.423
8,20251107,51,0.421
8,20251107,52,0.416
8,20251107,53,0.41
8,20251107,54,0.402
8,20251107,55,0.392
8,20251107,56,0.381
8,20251107,57,0.367
8,20251107,58,0.353
8,20251107,59,0.337
8,20251107,60,0.319
8,20251107,61,0.3
8,20251107,62,0.28
8,20251107,63,0.258
8,20251107,64,0.236
8,20251107,65,0.212
8,20251107,66,0.188
8,20251107,67,0.162
8,20251107,68,0.136
8,20251107,69,0.11
8,20251107,70,0.083
8,20251107,71,0.055
8,20251107,72,0.028
8,20251107,73,0.0
8,20251107,74,0.0
8,20251107,75,0.0
8,20251107,76,0.0
8,20251107,77,0.0
8,20251107,78,0.0
8,20251107,79,0.0
8,20251107,80,0.0
8,20251107,81,0.0
8,20251107,82,0.0
8,20251107,83,0.0
8,20251107,84,0.0
8,20251107,85,0.0
8,20251107,86,0.0
8,20251107,87,0.0
8,20251107,88,0.0
8,20251107,89,0.0
8,20251107,90,0.0
8,20251107,91,0.0
8,20251107,92,0.0
8,20251107,93,0.0
8,20251107,94,0.0
8,20251107,95,0.0
8,20251107,96,0.0
8,20251108,1,0.0
8,20251108,2,0.0
8,20251108,3,0.0
8,20251108,4,0.0
8,20251108,5,0.0
8,20251108,6,0.0
8,20251108,7,0.0
8,20251108,8,0.0
8,20251108,9,0.0
8,20251108,10,0.0
8,20251108,11,0.0
8,20251108,12,0.0
8,20251108,13,0.0
8,20251108,14,0.0
8,20251108,15,0.0
8,20251108,16,0.0
8,20251108,17,0.0
8,20251108,18,0.0
8,20251108,19,0.0
8,20251108,20,0.0
8,20251108,21,0.0
8,20251108,22,0.0
8,20251108,23,0.0
8,20251108,24,0.0
8,20251108,25,0.0
8,20251108,26,0.034
8,20251108,27,0.067
8,20251108,28,0.1
8,20251108,29,0.133
8,20251108,30,0.165
8,20251108,31,0.196
8,20251108,32,0.227
8,20251108,33,0.256
8,20251108,34,0.285
8,20251108,35,0.312
8,20251108,36,0.338
8,20251108,37,0.362
8,20251108,38,0.385
8,20251108,39,0.406
8,20251108,40,0.426
8,20251108,41,0.444
8,20251108,42,0.459
8,20251108,43,0.473
8,20251108,44,0.485
8,20251108,45,0.495
8,20251108,46,0.502
8,20251108,47,0.508
8,20251108,48,0.511
8,20251108,49,0.512
8,20251108,50,0.511
8,20251108,51,0.508
8,20251108,52,0.502
8,20251108,53,0.495
8,20251108,54,0.485
8,20251108,55,0.473
8,20251108,56,0.459
8,20251108,57,0.444
8,20251108,58,0.426
8,20251108,59,0.406
8,20251108,60,0.385
8,20251108,61,0.362
8,20251108,62,0.338
8,20251108,63,0.312
8,20251108,64,0.285
8,20251108,65,0.256
8,20251108,66,0.227
8,20251108,67,0.196
8,20251108,68,0.165
8,20251108,69,0.133
8,20251108,70,0.1
8,20251108,71,0.067
8,20251108,72,0.034
8,20251108,73,0.0
8,20251108,74,0.0
8,20251108,75,0.0
8,20251108,76,0.0
8,20251108,77,0.0
8,20251108,78,0.0
8,20251108,79,0.0
8,20251108,80,0.0
8,20251108,81,0.0
8,20251108,82,0.0
8,20251108,83,0.0
8,20251108,84,0.0
8,20251108,85,0.0
8,20251108,86,0.0
8,20251108,87,0.0
8,20251108,88,0.0
8,20251108,89,0.0
8,20251108,90,0.0
8,20251108,91,0.0
8,20251108,92,0.0
8,20251108,93,0.0
8,20251108,94,0.0
8,20251108,95,0.0
8,20251108,96,0.0
8,20251109,1,0.0
8,20251109,2,0.0
8,20251109,3,0.0
8,20251109,4,0.0
8,20251109,5,0.0
8,20251109,6,0.0
8,20251109,7,0.0
8,20251109,8,0.0
8,20251109,9,0.0
8,20251109,10,0.0
8,20251109,11,0.0
8,20251109,12,0.0
8,20251109,13,0.0
8,20251109,14,0.0
8,20251109,15,0.0
8,20251109,16,0.0
8,20251109,17,0.0
8,20251109,18,0.0
8,20251109,19,0.0
8,20251109,20,0.0
8,20251109,21,0.0
8,20251109,22,0.0
8,20251109,23,0.0
8,20251109,24,0.0
8,20251109,25,0.0
8,20251109,26,0.021
8,20251109,27,0.042
8,20251109,28,0.062
8,20251109,29,0.082
8,20251109,30,0.102
8,20251109,31,0.122
8,20251109,32,0.141
8,20251109,33,0.159
8,20251109,34,0.177
8,20251109,35,0.194
8,20251109,36,0.21
8,20251109,37,0.225
8,20251109,38,0.239
8,20251109,39,0.253
8,20251109,40,0.265
8,20251109,41,0.276
8,20251109,42,0.286
8,20251109,43,0.294
8,20251109,44,0.302
8,20251109,45,0.308
8,20251109,46,0.312
8,20251109,47,0.316
8,20251109,48,0.318
8,20251109,49,0.319
8,20251109,50,0.318
8,20251109,51,0.316
8,20251109,52,0.312
8,20251109,53,0.308
8,20251109,54,0.302
8,20251109,55,0.294
8,20251109,56,0.286
8,20251109,57,0.276
8,20251109,58,0.265
8,20251109,59,0.253
8,20251109,60,0.239
8,20251109,61,0.225
8,20251109,62,0.21
8,20251109,63,0.194
8,20251109,64,0.177
8,20251109,65,0.159
8,20251109,66,0.141
8,20251109,67,0.122
8,20251109,68,0.102
8,20251109,69,0.082
8,20251109,70,0.062
8,20251109,71,0.042
8,20251109,72,0.021
8,20251109,73,0.0
8,20251109,74,0.0
8,20251109,75,0.0
8,20251109,76,0.0
8,20251109,77,0.0
8,20251109,78,0.0
8,20251109,79,0.0
8,20251109,80,0.0
8,20251109,81,0.0
8,20251109,82,0.0
8,20251109,83,0.0
8,20251109,84,0.0
8,20251109,85,0.0
8,20251109,86,0.0
8,20251109,87,0.0
8,20251109,88,0.0
8,20251109,89,0.0
8,20251109,90,0.0
8,20251109,91,0.0
8,20251109,92,0.0
8,20251109,93,0.0
8,20251109,94,0.0
8,20251109,95,0.0
8,20251109,96,0.0
8,20251110,1,0.0
8,20251110,2,0.0
8,20251110,3,0.0
8,20251110,4,0.0
8,20251110,5,0.0
8,20251110,6,0.0
8,20251110,7,0.0
8,20251110,8,0.0
8,20251110,9,0.0
8,20251110,10,0.0
8,20251110,11,0.0
8,20251110,12,0.0
8,20251110,13,0.0
8,20251110,14,0.0
8,20251110,15,0.0
8,20251110,16,0.0
8,20251110,17,0.0
8,20251110,18,0.0
8,20251110,19,0.0
8,20251110,20,0.0
8,20251110,21,0.0
8,20251110,22,0.0
8,20251110,23,0.0
8,20251110,24,0.0
8,20251110,25,0.0
8,20251110,26,0.03
8,20251110,27,0.06
8,20251110,28,0.09
8,20251110,29,0.119
8,20251110,30,0.148
8,20251110,31,0.176
8,20251110,32,0.203
8,20251110,33,0.23
8,20251110,34,0.255
8,20251110,35,0.28
8,20251110,36,0.303
8,20251110,37,0.325
8,20251110,38,0.345
8,20251110,39,0.365
8,20251110,40,0.382
8,20251110,41,0.398
8,20251110,42,0.412
8,20251110,43,0.424
8,20251110,44,0.435
8,20251110,45,0.444
8,20251110,46,0.451
8,20251110,47,0.456
8,20251110,48,0.458
8,20251110,49,0.459
8,20251110,50,0.458
8,20251110,51,0.456
8,20251110,52,0.451
8,20251110,53,0.444
8,20251110,54,0.435
8,20251110,55,0.424
8,20251110,56,0.412
8,20251110,57,0.398
8,20251110,58,0.382
8,20251110,59,0.365
8,20251110,60,0.345
8,20251110,61,0.325
8,20251110,62,0.303
8,20251110,63,0.28
8,20251110,64,0.255
8,20251110,65,0.23
8,20251110,66,0.203
8,20251110,67,0.176
8,20251110,68,0.148
8,20251110,69,0.119
8,20251110,70,0.09
8,20251110,71,0.06
8,20251110,72,0.03
8,20251110,73,0.0
8,20251110,74,0.0
8,20251110,75,0.0
8,20251110,76,0.0
8,20251110,77,0.0
8,20251110,78,0.0
8,20251110,79,0.0
8,20251110,80,0.0
8,20251110,81,0.0
8,20251110,82,0.0
8,20251110,83,0.0
8,20251110,84,0.0
8,20251110,85,0.0
8,20251110,86,0.0
8,20251110,87,0.0
8,20251110,88,0.0
8,20251110,89,0.0
8,20251110,90,0.0
8,20251110,91,0.0
8,20251110,92,0.0
8,20251110,93,0.0
8,20251110,94,0.0
8,20251110,95,0.0
8,20251110,96,0.0
8,20251111,1,0.0
8,20251111,2,0.0
8,20251111,3,0.0
8,20251111,4,0.0
8,20251111,5,0.0
8,20251111,6,0.0
8,20251111,7,0.0
8,20251111,8,0.0
8,20251111,9,0.0
8,20251111,10,0.0
8,20251111,11,0.0
8,20251111,12,0.0
8,20251111,13,0.0
8,20251111,14,0.0
8,20251111,15,0.0
8,20251111,16,0.0
8,20251111,17,0.0
8,20251111,18,0.0
8,20251111,19,0.0
8,20251111,20,0.0
8,20251111,21,0.0
8,20251111,22,0.0
8,20251111,23,0.0
8,20251111,24,0.0
8,20251111,25,0.0
8,20251111,26,0.036
8,20251111,27,0.072
8,20251111,28,0.108
8,20251111,29,0.143
8,20251111,30,0.177
8,20251111,31,0.211
8,20251111,32,0.244
8,20251111,33,0.276
8,20251111,34,0.306
8,20251111,35,0.336
8,20251111,36,0.363
8,20251111,37,0.39
8,20251111,38,0.414
8,20251111,39,0.437
8,20251111,40,0.458
8,20251111,41,0.477
8,20251111,42,0.494
8,20251111,43,0.509
8,20251111,44,0.522
8,20251111,45,0.532
8,20251111,46,0.541
8,20251111,47,0.546
8,20251111,48,0.55
8,20251111,49,0.551
8,20251111,50,0.55
8,20251111,51,0.546
8,20251111,52,0.541
8,20251111,53,0.532
8,20251111,54,0.522
8,20251111,55,0.509
8,20251111,56,0.494
8,20251111,57,0.477
8,20251111,58,0.458
8,20251111,59,0.437
8,20251111,60,0.414
8,20251111,61,0.39
8,20251111,62,0.363
8,20251111,63,0.336
8,20251111,64,0.306
8,20251111,65,0.276
8,20251111,66,0.244
8,20251111,67,0.211
8,20251111,68,0.177
8,20251111,69,0.143
8,20251111,70,0.108
8,20251111,71,0.072
8,20251111,72,0.036
8,20251111,73,0.0
8,20251111,74,0.0
8,20251111,75,0.0
8,20251111,76,0.0
8,20251111,77,0.0
8,20251111,78,0.0
8,20251111,79,0.0
8,20251111,80,0.0
8,20251111,81,0.0
8,20251111,82,0.0
8,20251111,83,0.0
8,20251111,84,0.0
8,20251111,85,0.0
8,20251111,86,0.0
8,20251111,87,0.0
8,20251111,88,0.0
8,20251111,89,0.0
8,20251111,90,0.0
8,20251111,91,0.0
8,20251111,92,0.0
8,20251111,93,0.0
8,20251111,94,0.0
8,20251111,95,0.0
8,20251111,96,0.0
8,20251112,1,0.0
8,20251112,2,0.0
8,20251112,3,0.0
8,20251112,4,0.0
8,20251112,5,0.0
8,20251112,6,0.0
8,20251112,7,0.0
8,20251112,8,0.0
8,20251112,9,0.0
8,20251112,10,0.0
8,20251112,11,0.0
8,20251112,12,0.0
8,20251112,13,0.0
8,20251112,14,0.0
8,20251112,15,0.0
8,20251112,16,0.0
8,20251112,17,0.0
8,20251112,18,0.0
8,20251112,19,0.0
8,20251112,20,0.0
8,20251112,21,0.0
8,20251112,22,0.0
8,20251112,23,0.0
8,20251112,24,0.0
8,20251112,25,0.0
8,20251112,26,0.028
8,20251112,27,0.057
8,20251112,28,0.084
8,20251112,29,0.112
8,20251112,30,0.139
8,20251112,31,0.166
8,20251112,32,0.191
8,20251112,33,0.216
8,20251112,34,0.241
8,20251112,35,0.264
8,20251112,36,0.285
8,20251112,37,0.306
8,20251112,38,0.326
8,20251112,39,0.343
8,20251112,40,0.36
8,20251112,41,0.375
8,20251112,42,0.388
8,20251112,43,0.4
8,20251112,44,0.41
8,20251112,45,0.418
8,20251112,46,0.425
8,20251112,47,0.429
8,20251112,48,0.432
8,20251112,49,0.433
8,20251112,50,0.432
8,20251112,51,0.429
8,20251112,52,0.425
8,20251112,53,0.418
8,20251112,54,0.41
8,20251112,55,0.4
8,20251112,56,0.388
8,20251112,57,0.375
8,20251112,58,0.36
8,20251112,59,0.343
8,20251112,60,0.326
8,20251112,61,0.306
8,20251112,62,0.285
8,20251112,63,0.264
8,20251112,64,0.241
8,20251112,65,0.216
8,20251112,66,0.191
8,20251112,67,0.166
8,20251112,68,0.139
8,20251112,69,0.112
8,20251112,70,0.084
8,20251112,71,0.057
8,20251112,72,0.028
8,20251112,73,0.0
8,20251112,74,0.0
8,20251112,75,0.0
8,20251112,76,0.0
8,20251112,77,0.0
8,20251112,78,0.0
8,20251112,79,0.0
8,20251112,80,0.0
8,20251112,81,0.0
8,20251112,82,0.0
8,20251112,83,0.0
8,20251112,84,0.0
8,20251112,85,0.0
8,20251112,86,0.0
8,20251112,87,0.0
8,20251112,88,0.0
8,20251112,89,0.0
8,20251112,90,0.0
8,20251112,91,0.0
8,20251112,92,0.0
8,20251112,93,0.0
8,20251112,94,0.0
8,20251112,95,0.0
8,20251112,96,0.0
8,20251113,1,0.0
8,20251113,2,0.0
8,20251113,3,0.0
8,20251113,4,0.0
8,20251113,5,0.0
8,20251113,6,0.0
8,20251113,7,0.0
8,20251113,8,0.0
8,20251113,9,0.0
8,20251113,10,0.0
8,20251113,11,0.0
8,20251113,12,0.0
8,20251113,13,0.0
8,20251113,14,0.0
8,20251113,15,0.0
8,20251113,16,0.0
8,20251113,17,0.0
8,20251113,18,0.0
8,20251113,19,0.0
8,20251113,20,0.0
8,20251113,21,0.0
8,20251113,22,0.0
8,20251113,23,0.0
8,20251113,24,0.0
8,20251113,25,0.0
8,20251113,26,0.058
8,20251113,27,0.116
8,20251113,28,0.173
8,20251113,29,0.23
8,20251113,30,0.286
8,20251113,31,0.34
8,20251113,32,0.393
8,20251113,33,0.444
8,20251113,34,0.494
8,20251113,35,0.541
8,20251113,36,0.586
8,20251113,37,0.628
8,20251113,38,0.668
8,20251113,39,0.705
8,20251113,40,0.739
8,20251113,41,0.77
8,20251113,42,0.797
8,20251113,43,0.821
8,20251113,44,0.842
8,20251113,45,0.859
8,20251113,46,0.872
8,20251113,47,0.881
8,20251113,48,0.887
8,20251113,49,0.889
8,20251113,50,0.887
8,20251113,51,0.881
8,20251113,52,0.872
8,20251113,53,0.859
8,20251113,54,0.842
8,20251113,55,0.821
8,20251113,56,0.797
8,20251113,57,0.77
8,20251113,58,0.739
8,20251113,59,0.705
8,20251113,60,0.668
8,20251113,61,0.628
8,20251113,62,0.586
8,20251113,63,0.541
8,20251113,64,0.494
8,20251113,65,0.444
8,20251113,66,0.393
8,20251113,67,0.34
8,20251113,68,0.286
8,20251113,69,0.23
8,20251113,70,0.173
8,20251113,71,0.116
8,20251113,72,0.058
8,20251113,73,0.0
8,20251113,74,0.0
8,20251113,75,0.0
8,20251113,76,0.0
8,20251113,77,0.0
8,20251113,78,0.0
8,20251113,79,0.0
8,20251113,80,0.0
8,20251113,81,0.0
8,20251113,82,0.0
8,20251113,83,0.0
8,20251113,84,0.0
8,20251113,85,0.0
8,20251113,86,0.0
8,20251113,87,0.0
8,20251113,88,0.0
8,20251113,89,0.0
8,20251113,90,0.0
8,20251113,91,0.0
8,20251113,92,0.0
8,20251113,93,0.0
8,20251113,94,0.0
8,20251113,95,0.0
8,20251113,96,0.0
8,20251114,1,0.0
8,20251114,2,0.0
8,20251114,3,0.0
8,20251114,4,0.0
8,20251114,5,0.0
8,20251114,6,0.0
8,20251114,7,0.0
8,20251114,8,0.0
8,20251114,9,0.0
8,20251114,10,0.0
8,20251114,11,0.0
8,20251114,12,0.0
8,20251114,13,0.0
8,20251114,14,0.0
8,20251114,15,0.0
8,20251114,16,0.0
8,20251114,17,0.0
8,20251114,18,0.0
8,20251114,19,0.0
8,20251114,20,0.0
8,20251114,21,0.0
8,20251114,22,0.0
8,20251114,23,0.0
8,20251114,24,0.0
8,20251114,25,0.0
8,20251114,26,0.034
8,20251114,27,0.069
8,20251114,28,0.102
8,20251114,29,0.136
8,20251114,30,0.169
8,20251114,31,0.201
8,20251114,32,0.232
8,20251114,33,0.263
8,20251114,34,0.292
8,20251114,35,0.32
8,20251114,36,0.346
8,20251114,37,0.371
8,20251114,38,0.395
8,20251114,39,0.417
8,20251114,40,0.437
8,20251114,41,0.455
8,20251114,42,0.471
8,20251114,43,0.485
8,20251114,44,0.497
8,20251114,45,0.507
8,20251114,46,0.515
8,20251114,47,0.521
8,20251114,48,0.524
8,20251114,49,0.525
8,20251114,50,0.524
8,20251114,51,0.521
8,20251114,52,0.515
8,20251114,53,0.507
8,20251114,54,0.497
8,20251114,55,0.485
8,20251114,56,0.471
8,20251114,57,0.455
8,20251114,58,0.437
8,20251114,59,0.417
8,20251114,60,0.395
8,20251114,61,0.371
8,20251114,62,0.346
8,20251114,63,0.32
8,20251114,64,0.292
8,20251114,65,0.263
8,20251114,66,0.232
8,20251114,67,0.201
8,20251114,68,0.169
8,20251114,69,0.136
8,20251114,70,0.102
8,20251114,71,0.069
8,20251114,72,0.034
8,20251114,73,0.0
8,20251114,74,0.0
8,20251114,75,0.0
8,20251114,76,0.0
8,20251114,77,0.0
8,20251114,78,0.0
8,20251114,79,0.0
8,20251114,80,0.0
8,20251114,81,0.0
8,20251114,82,0.0
8,20251114,83,0.0
8,20251114,84,0.0
8,20251114,85,0.0
8,20251114,86,0.0
8,20251114,87,0.0
8,20251114,88,0.0
8,20251114,89,0.0
8,20251114,90,0.0
8,20251114,91,0.0
8,20251114,92,0.0
8,20251114,93,0.0
8,20251114,94,0.0
8,20251114,95,0.0
8,20251114,96,0.0
8,20251115,1,0.0
8,20251115,2,0.0
8,20251115,3,0.0
8,20251115,4,0.0
8,20251115,5,0.0
8,20251115,6,0.0
8,20251115,7,0.0
8,20251115,8,0.0
8,20251115,9,0.0
8,20251115,10,0.0
8,20251115,11,0.0
8,20251115,12,0.0
8,20251115,13,0.0
8,20251115,14,0.0
8,20251115,15,0.0
8,20251115,16,0.0
8,20251115,17,0.0
8,20251115,18,0.0
8,20251115,19,0.0
8,20251115,20,0.0
8,20251115,21,0.0
8,20251115,22,0.0
8,20251115,23,0.0
8,20251115,24,0.0
8,20251115,25,0.0
8,20251115,26,0.041
8,20251115,27,0.082
8,20251115,28,0.123
8,20251115,29,0.163
8,20251115,30,0.203
8,20251115,31,0.241
8,20251115,32,0.279
8,20251115,33,0.315
8,20251115,34,0.35
8,20251115,35,0.384
8,20251115,36,0.415
8,20251115,37,0.446
8,20251115,38,0.474
8,20251115,39,0.5
8,20251115,40,0.524
8,20251115,41,0.546
8,20251115,42,0.565
8,20251115,43,0.582
8,20251115,44,0.597
8,20251115,45,0.609
8,20251115,46,0.618
8,20251115,47,0.625
8,20251115,48,0.629
8,20251115,49,0.63
8,20251115,50,0.629
8,20251115,51,0.625
8,20251115,52,0.618
8,20251115,53,0.609
8,20251115,54,0.597
8,20251115,55,0.582
8,20251115,56,0.565
8,20251115,57,0.546
8,20251115,58,0.524
8,20251115,59,0.5
8,20251115,60,0.474
8,20251115,61,0.446
8,20251115,62,0.415
8,20251115,63,0.384
8,20251115,64,0.35
8,20251115,65,0.315
8,20251115,66,0.279
8,20251115,67,0.241
8,20251115,68,0.203
8,20251115,69,0.163
8,20251115,70,0.123
8,20251115,71,0.082
8,20251115,72,0.041
8,20251115,73,0.0
8,20251115,74,0.0
8,20251115,75,0.0
8,20251115,76,0.0
8,20251115,77,0.0
8,20251115,78,0.0
8,20251115,79,0.0
8,20251115,80,0.0
8,20251115,81,0.0
8,20251115,82,0.0
8,20251115,83,0.0
8,20251115,84,0.0
8,20251115,85,0.0
8,20251115,86,0.0
8,20251115,87,0.0
8,20251115,88,0.0
8,20251115,89,0.0
8,20251115,90,0.0
8,20251115,91,0.0
8,20251115,92,0.0
8,20251115,93,0.0
8,20251115,94,0.0
8,20251115,95,0.0
8,20251115,96,0.0
8,20251116,1,0.0
8,20251116,2,0.0
8,20251116,3,0.0
8,20251116,4,0.0
8,20251116,5,0.0
8,20251116,6,0.0
8,20251116,7,0.0
8,20251116,8,0.0
8,20251116,9,0.0
8,20251116,10,0.0
8,20251116,11,0.0
8,20251116,12,0.0
8,20251116,13,0.0
8,20251116,14,0.0
8,20251116,15,0.0
8,20251116,16,0.0
8,20251116,17,0.0
8,20251116,18,0.0
8,20251116,19,0.0
8,20251116,20,0.0
8,20251116,21,0.0
8,20251116,22,0.0
8,20251116,23,0.0
8,20251116,24,0.0
8,20251116,25,0.0
8,20251116,26,0.045
8,20251116,27,0.091
8,20251116,28,0.136
8,20251116,29,0.18
8,20251116,30,0.223
8,20251116,31,0.266
8,20251116,32,0.307
8,20251116,33,0.348
8,20251116,34,0.386
8,20251116,35,0.423
8,20251116,36,0.458
8,20251116,37,0.491
8,20251116,38,0.523
8,20251116,39,0.551
8,20251116,40,0.578
8,20251116,41,0.602
8,20251116,42,0.623
8,20251116,43,0.642
8,20251116,44,0.658
8,20251116,45,0.671
8,20251116,46,0.682
8,20251116,47,0.689
8,20251116,48,0.694
8,20251116,49,0.695
8,20251116,50,0.694
8,20251116,51,0.689
8,20251116,52,0.682
8,20251116,53,0.671
8,20251116,54,0.658
8,20251116,55,0.642
8,20251116,56,0.623
8,20251116,57,0.602
8,20251116,58,0.578
8,20251116,59,0.551
8,20251116,60,0.523
8,20251116,61,0.491
8,20251116,62,0.458
8,20251116,63,0.423
8,20251116,64,0.386
8,20251116,65,0.348
8,20251116,66,0.307
8,20251116,67,0.266
8,20251116,68,0.223
8,20251116,69,0.18
8,20251116,70,0.136
8,20251116,71,0.091
8,20251116,72,0.045
8,20251116,73,0.0
8,20251116,74,0.0
8,20251116,75,0.0
8,20251116,76,0.0
8,20251116,77,0.0
8,20251116,78,0.0
8,20251116,79,0.0
8,20251116,80,0.0
8,20251116,81,0.0
8,20251116,82,0.0
8,20251116,83,0.0
8,20251116,84,0.0
8,20251116,85,0.0
8,20251116,86,0.0
8,20251116,87,0.0
8,20251116,88,0.0
8,20251116,89,0.0
8,20251116,90,0.0
8,20251116,91,0.0
8,20251116,92,0.0
8,20251116,93,0.0
8,20251116,94,0.0
8,20251116,95,0.0
8,20251116,96,0.0
8,20251117,1,0.0
8,20251117,2,0.0
8,20251117,3,0.0
8,20251117,4,0.0
8,20251117,5,0.0
8,20251117,6,0.0
8,20251117,7,0.0
8,20251117,8,0.0
8,20251117,9,0.0
8,20251117,10,0.0
8,20251117,11,0.0
8,20251117,12,0.0
8,20251117,13,0.0
8,20251117,14,0.0
8,20251117,15,0.0
8,20251117,16,0.0
8,20251117,17,0.0
8,20251117,18,0.0
8,20251117,19,0.0
8,20251117,20,0.0
8,20251117,21,0.0
8,20251117,22,0.0
8,20251117,23,0.0
8,20251117,24,0.0
8,20251117,25,0.0
8,20251117,26,0.03
8,20251117,27,0.059
8,20251117,28,0.089
8,20251117,29,0.118
8,20251117,30,0.146
8,20251117,31,0.174
8,20251117,32,0.201
8,20251117,33,0.227
8,20251117,34,0.252
8,20251117,35,0.277
8,20251117,36,0.3
8,20251117,37,0.321
8,20251117,38,0.342
8,20251117,39,0.36
8,20251117,40,0.378
8,20251117,41,0.393
8,20251117,42,0.407
8,20251117,43,0.42
8,20251117,44,0.43
8,20251117,45,0.439
8,20251117,46,0.446
8,20251117,47,0.45
8,20251117,48,0.453
8,20251117,49,0.454
8,20251117,50,0.453
8,20251117,51,0.45
8,20251117,52,0.446
8,20251117,53,0.439
8,20251117,54,0.43
8,20251117,55,0.42
8,20251117,56,0.407
8,20251117,57,0.393
8,20251117,58,0.378
8,20251117,59,0.36
8,20251117,60,0.342
8,20251117,61,0.321
8,20251117,62,0.3
8,20251117,63,0.277
8,20251117,64,0.252
8,20251117,65,0.227
8,20251117,66,0.201
8,20251117,67,0.174
8,20251117,68,0.146
8,20251117,69,0.118
8,20251117,70,0.089
8,20251117,71,0.059
8,20251117,72,0.03
8,20251117,73,0.0
8,20251117,74,0.0
8,20251117,75,0.0
8,20251117,76,0.0
8,20251117,77,0.0
8,20251117,78,0.0
8,20251117,79,0.0
8,20251117,80,0.0
8,20251117,81,0.0
8,20251117,82,0.0
8,20251117,83,0.0
8,20251117,84,0.0
8,20251117,85,0.0
8,20251117,86,0.0
8,20251117,87,0.0
8,20251117,88,0.0
8,20251117,89,0.0
8,20251117,90,0.0
8,20251117,91,0.0
8,20251117,92,0.0
8,20251117,93,0.0
8,20251117,94,0.0
8,20251117,95,0.0
8,20251117,96,0.0
8,20251118,1,0.0
8,20251118,2,0.0
8,20251118,3,0.0
8,20251118,4,0.0
8,20251118,5,0.0
8,20251118,6,0.0
8,20251118,7,0.0
8,20251118,8,0.0
8,20251118,9,0.0
8,20251118,10,0.0
8,20251118,11,0.0
8,20251118,12,0.0
8,20251118,13,0.0
8,20251118,14,0.0
8,20251118,15,0.0
8,20251118,16,0.0
8,20251118,17,0.0
8,20251118,18,0.0
8,20251118,19,0.0
8,20251118,20,0.0
8,20251118,21,0.0
8,20251118,22,0.0
8,20251118,23,0.0
8,20251118,24,0.0
8,20251118,25,0.0
8,20251118,26,0.045
8,20251118,27,0.089
8,20251118,28,0.133
8,20251118,29,0.177
8,20251118,30,0.22
8,20251118,31,0.262
8,20251118,32,0.302
8,20251118,33,0.342
8,20251118,34,0.38
8,20251118,35,0.416
8,20251118,36,0.451
8,20251118,37,0.483
8,20251118,38,0.514
8,20251118,39,0.542
8,20251118,40,0.568
8,20251118,41,0.592
8,20251118,42,0.613
8,20251118,43,0.631
8,20251118,44,0.647
8,20251118,45,0.66
8,20251118,46,0.67
8,20251118,47,0.678
8,20251118,48,0.682
8,20251118,49,0.683
8,20251118,50,0.682
8,20251118,51,0.678
8,20251118,52,0.67
8,20251118,53,0.66
8,20251118,54,0.647
8,20251118,55,0.631
8,20251118,56,0.613
8,20251118,57,0.592
8,20251118,58,0.568
8,20251118,59,0.542
8,20251118,60,0.514
8,20251118,61,0.483
8,20251118,62,0.451
8,20251118,63,0.416
8,20251118,64,0.38
8,20251118,65,0.342
8,20251118,66,0.302
8,20251118,67,0.262
8,20251118,68,0.22
8,20251118,69,0.177
8,20251118,70,0.133
8,20251118,71,0.089
8,20251118,72,0.045
8,20251118,73,0.0
8,20251118,74,0.0
8,20251118,75,0.0
8,20251118,76,0.0
8,20251118,77,0.0
8,20251118,78,0.0
8,20251118,79,0.0
8,20251118,80,0.0
8,20251118,81,0.0
8,20251118,82,0.0
8,20251118,83,0.0
8,20251118,84,0.0
8,20251118,85,0.0
8,20251118,86,0.0
8,20251118,87,0.0
8,20251118,88,0.0
8,20251118,89,0.0
8,20251118,90,0.0
8,20251118,91,0.0
8,20251118,92,0.0
8,20251118,93,0.0
8,20251118,94,0.0
8,20251118,95,0.0
8,20251118,96,0.0
8,20251119,1,0.0
8,20251119,2,0.0
8,20251119,3,0.0
8,20251119,4,0.0
8,20251119,5,0.0
8,20251119,6,0.0
8,20251119,7,0.0
8,20251119,8,0.0
8,20251119,9,0.0
8,20251119,10,0.0
8,20251119,11,0.0
8,20251119,12,0.0
8,20251119,13,0.0
8,20251119,14,0.0
8,20251119,15,0.0
8,20251119,16,0.0
8,20251119,17,0.0
8,20251119,18,0.0
8,20251119,19,0.0
8,20251119,20,0.0
8,20251119,21,0.0
8,20251119,22,0.0
8,20251119,23,0.0
8,20251119,24,0.0
8,20251119,25,0.0
8,20251119,26,0.025
8,20251119,27,0.05
8,20251119,28,0.075
8,20251119,29,0.1
8,20251119,30,0.124
8,20251119,31,0.147
8,20251119,32,0.17
8,20251119,33,0.192
8,20251119,34,0.214
8,20251119,35,0.234
8,20251119,36,0.254
8,20251119,37,0.272
8,20251119,38,0.289
8,20251119,39,0.305
8,20251119,40,0.32
8,20251119,41,0.333
8,20251119,42,0.345
8,20251119,43,0.356
8,20251119,44,0.365
8,20251119,45,0.372
8,20251119,46,0.378
8,20251119,47,0.382
8,20251119,48,0.384
8,20251119,49,0.385
8,20251119,50,0.384
8,20251119,51,0.382
8,20251119,52,0.378
8,20251119,53,0.372
8,20251119,54,0.365
8,20251119,55,0.356
8,20251119,56,0.345
8,20251119,57,0.333
8,20251119,58,0.32
8,20251119,59,0.305
8,20251119,60,0.289
8,20251119,61,0.272
8,20251119,62,0.254
8,20251119,63,0.234
8,20251119,64,0.214
8,20251119,65,0.192
8,20251119,66,0.17
8,20251119,67,0.147
8,20251119,68,0.124
8,20251119,69,0.1
8,20251119,70,0.075
8,20251119,71,0.05
8,20251119,72,0.025
8,20251119,73,0.0
8,20251119,74,0.0
8,20251119,75,0.0
8,20251119,76,0.0
8,20251119,77,0.0
8,20251119,78,0.0
8,20251119,79,0.0
8,20251119,80,0.0
8,20251119,81,0.0
8,20251119,82,0.0
8,20251119,83,0.0
8,20251119,84,0.0
8,20251119,85,0.0
8,20251119,86,0.0
8,20251119,87,0.0
8,20251119,88,0.0
8,20251119,89,0.0
8,20251119,90,0.0
8,20251119,91,0.0
8,20251119,92,0.0
8,20251119,93,0.0
8,20251119,94,0.0
8,20251119,95,0.0
8,20251119,96,0.0
8,20251120,1,0.0
8,20251120,2,0.0
8,20251120,3,0.0
8,20251120,4,0.0
8,20251120,5,0.0
8,20251120,6,0.0
8,20251120,7,0.0
8,20251120,8,0.0
8,20251120,9,0.0
8,20251120,10,0.0
8,20251120,11,0.0
8,20251120,12,0.0
8,20251120,13,0.0
8,20251120,14,0.0
8,20251120,15,0.0
8,20251120,16,0.0
8,20251120,17,0.0
8,20251120,18,0.0
8,20251120,19,0.0
8,20251120,20,0.0
8,20251120,21,0.0
8,20251120,22,0.0
8,20251120,23,0.0
8,20251120,24,0.0
8,20251120,25,0.0
8,20251120,26,0.037
8,20251120,27,0.074
8,20251120,28,0.111
8,20251120,29,0.147
8,20251120,30,0.183
8,20251120,31,0.218
8,20251120,32,0.251
8,20251120,33,0.284
8,20251120,34,0.316
8,20251120,35,0.346
8,20251120,36,0.375
8,20251120,37,0.402
8,20251120,38,0.427
8,20251120,39,0.451
8,20251120,40,0.473
8,20251120,41,0.492
8,20251120,42,0.51
8,20251120,43,0.525
8,20251120,44,0.538
8,20251120,45,0.549
8,20251120,46,0.558
8,20251120,47,0.564
8,20251120,48,0.567
8,20251120,49,0.569
8,20251120,50,0.567
8,20251120,51,0.564
8,20251120,52,0.558
8,20251120,53,0.549
8,20251120,54,0.538
8,20251120,55,0.525
8,20251120,56,0.51
8,20251120,57,0.492
8,20251120,58,0.473
8,20251120,59,0.451
8,20251120,60,0.427
8,20251120,61,0.402
8,20251120,62,0.375
8,20251120,63,0.346
8,20251120,64,0.316
8,20251120,65,0.284
8,20251120,66,0.251
8,20251120,67,0.218
8,20251120,68,0.183
8,20251120,69,0.147
8,20251120,70,0.111
8,20251120,71,0.074
8,20251120,72,0.037
8,20251120,73,0.0
8,20251120,74,0.0
8,20251120,75,0.0
8,20251120,76,0.0
8,20251120,77,0.0
8,20251120,78,0.0
8,20251120,79,0.0
8,20251120,80,0.0
8,20251120,81,0.0
8,20251120,82,0.0
8,20251120,83,0.0
8,20251120,84,0.0
8,20251120,85,0.0
8,20251120,86,0.0
8,20251120,87,0.0
8,20251120,88,0.0
8,20251120,89,0.0
8,20251120,90,0.0
8,20251120,91,0.0
8,20251120,92,0.0
8,20251120,93,0.0
8,20251120,94,0.0
8,20251120,95,0.0
8,20251120,96,0.0
8,20251121,1,0.0
8,20251121,2,0.0
8,20251121,3,0.0
8,20251121,4,0.0
8,20251121,5,0.0
8,20251121,6,0.0
8,20251121,7,0.0
8,20251121,8,0.0
8,20251121,9,0.0
8,20251121,10,0.0
8,20251121,11,0.0
8,20251121,12,0.0
8,20251121,13,0.0
8,20251121,14,0.0
8,20251121,15,0.0
8,20251121,16,0.0
8,20251121,17,0.0
8,20251121,18,0.0
8,20251121,19,0.0
8,20251121,20,0.0
8,20251121,21,0.0
8,20251121,22,0.0
8,20251121,23,0.0
8,20251121,24,0.0
8,20251121,25,0.0
8,20251121,26,0.047
8,20251121,27,0.095
8,20251121,28,0.142
8,20251121,29,0.188
8,20251121,30,0.233
8,20251121,31,0.278
8,20251121,32,0.321
8,20251121,33,0.363
8,20251121,34,0.403
8,20251121,35,0.442
8,20251121,36,0.478
8,20251121,37,0.513
8,20251121,38,0.546
8,20251121,39,0.576
8,20251121,40,0.603
8,20251121,41,0.628
8,20251121,42,0.651
8,20251121,43,0.67
8,20251121,44,0.687
8,20251121,45,0.701
8,20251121,46,0.712
8,20251121,47,0.719
8,20251121,48,0.724
8,20251121,49,0.726
8,20251121,50,0.724
8,20251121,51,0.719
8,20251121,52,0.712
8,20251121,53,0.701
8,20251121,54,0.687
8,20251121,55,0.67
8,20251121,56,0.651
8,20251121,57,0.628
8,20251121,58,0.603
8,20251121,59,0.576
8,20251121,60,0.546
8,20251121,61,0.513
8,20251121,62,0.478
8,20251121,63,0.442
8,20251121,64,0.403
8,20251121,65,0.363
8,20251121,66,0.321
8,20251121,67,0.278
8,20251121,68,0.233
8,20251121,69,0.188
8,20251121,70,0.142
8,20251121,71,0.095
8,20251121,72,0.047
8,20251121,73,0.0
8,20251121,74,0.0
8,20251121,75,0.0
8,20251121,76,0.0
8,20251121,77,0.0
8,20251121,78,0.0
8,20251121,79,0.0
8,20251121,80,0.0
8,20251121,81,0.0
8,20251121,82,0.0
8,20251121,83,0.0
8,20251121,84,0.0
8,20251121,85,0.0
8,20251121,86,0.0
8,20251121,87,0.0
8,20251121,88,0.0
8,20251121,89,0.0
8,20251121,90,0.0
8,20251121,91,0.0
8,20251121,92,0.0
8,20251121,93,0.0
8,20251121,94,0.0
8,20251121,95,0.0
8,20251121,96,0.0
8,20251122,1,0.0
8,20251122,2,0.0
8,20251122,3,0.0
8,20251122,4,0.0
8,20251122,5,0.0
8,20251122,6,0.0
8,20251122,7,0.0
8,20251122,8,0.0
8,20251122,9,0.0
8,20251122,10,0.0
8,20251122,11,0.0
8,20251122,12,0.0
8,20251122,13,0.0
8,20251122,14,0.0
8,20251122,15,0.0
8,20251122,16,0.0
8,20251122,17,0.0
8,20251122,18,0.0
8,20251122,19,0.0
8,20251122,20,0.0
8,20251122,21,0.0
8,20251122,22,0.0
8,20251122,23,0.0
8,20251122,24,0.0
8,20251122,25,0.0
8,20251122,26,0.02
8,20251122,27,0.04
8,20251122,28,0.06
8,20251122,29,0.079
8,20251122,30,0.098
8,20251122,31,0.117
8,20251122,32,0.135
8,20251122,33,0.153
8,20251122,34,0.17
8,20251122,35,0.186
8,20251122,36,0.201
8,20251122,37,0.216
8,20251122,38,0.23
8,20251122,39,0.242
8,20251122,40,0.254
8,20251122,41,0.265
8,20251122,42,0.274
8,20251122,43,0.282
8,20251122,44,0.289
8,20251122,45,0.295
8,20251122,46,0.3
8,20251122,47,0.303
8,20251122,48,0.305
8,20251122,49,0.306
8,20251122,50,0.305
8,20251122,51,0.303
8,20251122,52,0.3
8,20251122,53,0.295
8,20251122,54,0.289
8,20251122,55,0.282
8,20251122,56,0.274
8,20251122,57,0.265
8,20251122,58,0.254
8,20251122,59,0.242
8,20251122,60,0.23
8,20251122,61,0.216
8,20251122,62,0.201
8,20251122,63,0.186
8,20251122,64,0.17
8,20251122,65,0.153
8,20251122,66,0.135
8,20251122,67,0.117
8,20251122,68,0.098
8,20251122,69,0.079
8,20251122,70,0.06
8,20251122,71,0.04
8,20251122,72,0.02
8,20251122,73,0.0
8,20251122,74,0.0
8,20251122,75,0.0
8,20251122,76,0.0
8,20251122,77,0.0
8,20251122,78,0.0
8,20251122,79,0.0
8,20251122,80,0.0
8,20251122,81,0.0
8,20251122,82,0.0
8,20251122,83,0.0
8,20251122,84,0.0
8,20251122,85,0.0
8,20251122,86,0.0
8,20251122,87,0.0
8,20251122,88,0.0
8,20251122,89,0.0
8,20251122,90,0.0
8,20251122,91,0.0
8,20251122,92,0.0
8,20251122,93,0.0
8,20251122,94,0.0
8,20251122,95,0.0
8,20251122,96,0.0
8,20251123,1,0.0
8,20251123,2,0.0
8,20251123,3,0.0
8,20251123,4,0.0
8,20251123,5,0.0
8,20251123,6,0.0
8,20251123,7,0.0
8,20251123,8,0.0
8,20251123,9,0.0
8,20251123,10,0.0
8,20251123,11,0.0
8,20251123,12,0.0
8,20251123,13,0.0
8,20251123,14,0.0
8,20251123,15,0.0
8,20251123,16,0.0
8,20251123,17,0.0
8,20251123,18,0.0
8,20251123,19,0.0
8,20251123,20,0.0
8,20251123,21,0.0
8,20251123,22,0.0
8,20251123,23,0.0
8,20251123,24,0.0
8,20251123,25,0.0
8,20251123,26,0.035
8,20251123,27,0.07
8,20251123,28,0.105
8,20251123,29,0.139
8,20251123,30,0.172
8,20251123,31,0.205
8,20251123,32,0.237
8,20251123,33,0.268
8,20251123,34,0.298
8,20251123,35,0.326
8,20251123,36,0.353
8,20251123,37,0.379
8,20251123,38,0.403
8,20251123,39,0.425
8,20251123,40,0.446
8,20251123,41,0.464
8,20251123,42,0.481
8,20251123,43,0.495
8,20251123,44,0.508
8,20251123,45,0.518
8,20251123,46,0.526
8,20251123,47,0.532
8,20251123,48,0.535
8,20251123,49,0.536
8,20251123,50,0.535
8,20251123,51,0.532
8,20251123,52,0.526
8,20251123,53,0.518
8,20251123,54,0.508
8,20251123,55,0.495
8,20251123,56,0.481
8,20251123,57,0.464
8,20251123,58,0.446
8,20251123,59,0.425
8,20251123,60,0.403
8,20251123,61,0.379
8,20251123,62,0.353
8,20251123,63,0.326
8,20251123,64,0.298
8,20251123,65,0.268
8,20251123,66,0.237
8,20251123,67,0.205
8,20251123,68,0.172
8,20251123,69,0.139
8,20251123,70,0.105
8,20251123,71,0.07
8,20251123,72,0.035
8,20251123,73,0.0
8,20251123,74,0.0
8,20251123,75,0.0
8,20251123,76,0.0
8,20251123,77,0.0
8,20251123,78,0.0
8,20251123,79,0.0
8,20251123,80,0.0
8,20251123,81,0.0
8,20251123,82,0.0
8,20251123,83,0.0
8,20251123,84,0.0
8,20251123,85,0.0
8,20251123,86,0.0
8,20251123,87,0.0
8,20251123,88,0.0
8,20251123,89,0.0
8,20251123,90,0.0
8,20251123,91,0.0
8,20251123,92,0.0
8,20251123,93,0.0
8,20251123,94,0.0
8,20251123,95,0.0
8,20251123,96,0.0
8,20251124,1,0.0
8,20251124,2,0.0
8,20251124,3,0.0
8,20251124,4,0.0
8,20251124,5,0.0
8,20251124,6,0.0
8,20251124,7,0.0
8,20251124,8,0.0
8,20251124,9,0.0
8,20251124,10,0.0
8,20251124,11,0.0
8,20251124,12,0.0
8,20251124,13,0.0
8,20251124,14,0.0
8,20251124,15,0.0
8,20251124,16,0.0
8,20251124,17,0.0
8,20251124,18,0.0
8,20251124,19,0.0
8,20251124,20,0.0
8,20251124,21,0.0
8,20251124,22,0.0
8,20251124,23,0.0
8,20251124,24,0.0
8,20251124,25,0.0
8,20251124,26,0.057
8,20251124,27,0.113
8,20251124,28,0.17
8,20251124,29,0.225
8,20251124,30,0.279
8,20251124,31,0.333
8,20251124,32,0.384
8,20251124,33,0.435
8,20251124,34,0.483
8,20251124,35,0.529
8,20251124,36,0.573
8,20251124,37,0.615
8,20251124,38,0.654
8,20251124,39,0.69
8,20251124,40,0.723
8,20251124,41,0.753
8,20251124,42,0.78
8,20251124,43,0.803
8,20251124,44,0.823
8,20251124,45,0.84
8,20251124,46,0.853
8,20251124,47,0.862
8,20251124,48,0.867
8,20251124,49,0.869
8,20251124,50,0.867
8,20251124,51,0.862
8,20251124,52,0.853
8,20251124,53,0.84
8,20251124,54,0.823
8,20251124,55,0.803
8,20251124,56,0.78
8,20251124,57,0.753
8,20251124,58,0.723
8,20251124,59,0.69
8,20251124,60,0.654
8,20251124,61,0.615
8,20251124,62,0.573
8,20251124,63,0.529
8,20251124,64,0.483
8,20251124,65,0.435
8,20251124,66,0.384
8,20251124,67,0.333
8,20251124,68,0.279
8,20251124,69,0.225
8,20251124,70,0.17
8,20251124,71,0.113
8,20251124,72,0.057
8,20251124,73,0.0
8,20251124,74,0.0
8,20251124,75,0.0
8,20251124,76,0.0
8,20251124,77,0.0
8,20251124,78,0.0
8,20251124,79,0.0
8,20251124,80,0.0
8,20251124,81,0.0
8,20251124,82,0.0
8,20251124,83,0.0
8,20251124,84,0.0
8,20251124,85,0.0
8,20251124,86,0.0
8,20251124,87,0.0
8,20251124,88,0.0
8,20251124,89,0.0
8,20251124,90,0.0
8,20251124,91,0.0
8,20251124,92,0.0
8,20251124,93,0.0
8,20251124,94,0.0
8,20251124,95,0.0
8,20251124,96,0.0
8,20251125,1,0.0
8,20251125,2,0.0
8,20251125,3,0.0
8,20251125,4,0.0
8,20251125,5,0.0
8,20251125,6,0.0
8,20251125,7,0.0
8,20251125,8,0.0
8,20251125,9,0.0
8,20251125,10,0.0
8,20251125,11,0.0
8,20251125,12,0.0
8,20251125,13,0.0
8,20251125,14,0.0
8,20251125,15,0.0
8,20251125,16,0.0
8,20251125,17,0.0
8,20251125,18,0.0
8,20251125,19,0.0
8,20251125,20,0.0
8,20251125,21,0.0
8,20251125,22,0.0
8,20251125,23,0.0
8,20251125,24,0.0
8,20251125,25,0.0
8,20251125,26,0.029
8,20251125,27,0.058
8,20251125,28,0.087
8,20251125,29,0.116
8,20251125,30,0.144
8,20251125,31,0.171
8,20251125,32,0.198
8,20251125,33,0.224
8,20251125,34,0.248
8,20251125,35,0.272
8,20251125,36,0.295
8,20251125,37,0.316
8,20251125,38,0.336
8,20251125,39,0.355
8,20251125,40,0.372
8,20251125,41,0.387
8,20251125,42,0.401
8,20251125,43,0.413
8,20251125,44,0.423
8,20251125,45,0.432
8,20251125,46,0.439
8,20251125,47,0.443
8,20251125,48,0.446
8,20251125,49,0.447
8,20251125,50,0.446
8,20251125,51,0.443
8,20251125,52,0.439
8,20251125,53,0.432
8,20251125,54,0.423
8,20251125,55,0.413
8,20251125,56,0.401
8,20251125,57,0.387
8,20251125,58,0.372
8,20251125,59,0.355
8,20251125,60,0.336
8,20251125,61,0.316
8,20251125,62,0.295
8,20251125,63,0.272
8,20251125,64,0.248
8,20251125,65,0.224
8,20251125,66,0.198
8,20251125,67,0.171
8,20251125,68,0.144
8,20251125,69,0.116
8,20251125,70,0.087
8,20251125,71,0.058
8,20251125,72,0.029
8,20251125,73,0.0
8,20251125,74,0.0
8,20251125,75,0.0
8,20251125,76,0.0
8,20251125,77,0.0
8,20251125,78,0.0
8,20251125,79,0.0
8,20251125,80,0.0
8,20251125,81,0.0
8,20251125,82,0.0
8,20251125,83,0.0
8,20251125,84,0.0
8,20251125,85,0.0
8,20251125,86,0.0
8,20251125,87,0.0
8,20251125,88,0.0
8,20251125,89,0.0
8,20251125,90,0.0
8,20251125,91,0.0
8,20251125,92,0.0
8,20251125,93,0.0
8,20251125,94,0.0
8,20251125,95,0.0
8,20251125,96,0.0
8,20251126,1,0.0
8,20251126,2,0.0
8,20251126,3,0.0
8,20251126,4,0.0
8,20251126,5,0.0
8,20251126,6,0.0
8,20251126,7,0.0
8,20251126,8,0.0
8,20251126,9,0.0
8,20251126,10,0.0
8,20251126,11,0.0
8,20251126,12,0.0
8,20251126,13,0.0
8,20251126,14,0.0
8,20251126,15,0.0
8,20251126,16,0.0
8,20251126,17,0.0
8,20251126,18,0.0
8,20251126,19,0.0
8,20251126,20,0.0
8,20251126,21,0.0
8,20251126,22,0.0
8,20251126,23,0.0
8,20251126,24,0.0
8,20251126,25,0.0
8,20251126,26,0.047
8,20251126,27,0.094
8,20251126,28,0.141
8,20251126,29,0.187
8,20251126,30,0.232
8,20251126,31,0.276
8,20251126,32,0.319
8,20251126,33,0.36
8,20251126,34,0.4
8,20251126,35,0.439
8,20251126,36,0.475
8,20251126,37,0.51
8,20251126,38,0.542
8,20251126,39,0.572
8,20251126,40,0.599
8,20251126,41,0.624
8,20251126,42,0.646
8,20251126,43,0.666
8,20251126,44,0.682
8,20251126,45,0.696
8,20251126,46,0.707
8,20251126,47,0.715
8,20251126,48,0.719
8,20251126,49,0.721
8,20251126,50,0.719
8,20251126,51,0.715
8,20251126,52,0.707
8,20251126,53,0.696
8,20251126,54,0.682
8,20251126,55,0.666
8,20251126,56,0.646
8,20251126,57,0.624
8,20251126,58,0.599
8,20251126,59,0.572
8,20251126,60,0.542
8,20251126,61,0.51
8,20251126,62,0.475
8,20251126,63,0.439
8,20251126,64,0.4
8,20251126,65,0.36
8,20251126,66,0.319
8,20251126,67,0.276
8,20251126,68,0.232
8,20251126,69,0.187
8,20251126,70,0.141
8,20251126,71,0.094
8,20251126,72,0.047
8,20251126,73,0.0
8,20251126,74,0.0
8,20251126,75,0.0
8,20251126,76,0.0
8,20251126,77,0.0
8,20251126,78,0.0
8,20251126,79,0.0
8,20251126,80,0.0
8,20251126,81,0.0
8,20251126,82,0.0
8,20251126,83,0.0
8,20251126,84,0.0
8,20251126,85,0.0
8,20251126,86,0.0
8,20251126,87,0.0
8,20251126,88,0.0
8,20251126,89,0.0
8,20251126,90,0.0
8,20251126,91,0.0
8,20251126,92,0.0
8,20251126,93,0.0
8,20251126,94,0.0
8,20251126,95,0.0
8,20251126,96,0.0
8,20251127,1,0.0
8,20251127,2,0.0
8,20251127,3,0.0
8,20251127,4,0.0
8,20251127,5,0.0
8,20251127,6,0.0
8,20251127,7,0.0
8,20251127,8,0.0
8,20251127,9,0.0
8,20251127,10,0.0
8,20251127,11,0.0
8,20251127,12,0.0
8,20251127,13,0.0
8,20251127,14,0.0
8,20251127,15,0.0
8,20251127,16,0.0
8,20251127,17,0.0
8,20251127,18,0.0
8,20251127,19,0.0
8,20251127,20,0.0
8,20251127,21,0.0
8,20251127,22,0.0
8,20251127,23,0.0
8,20251127,24,0.0
8,20251127,25,0.0
8,20251127,26,0.053
8,20251127,27,0.105
8,20251127,28,0.157
8,20251127,29,0.209
8,20251127,30,0.259
8,20251127,31,0.308
8,20251127,32,0.356
8,20251127,33,0.403
8,20251127,34,0.448
8,20251127,35,0.491
8,20251127,36,0.531
8,20251127,37,0.57
8,20251127,38,0.606
8,20251127,39,0.639
8,20251127,40,0.67
8,20251127,41,0.698
8,20251127,42,0.723
8,20251127,43,0.745
8,20251127,44,0.763
8,20251127,45,0.779
8,20251127,46,0.791
8,20251127,47,0.799
8,20251127,48,0.804
8,20251127,49,0.806
8,20251127,50,0.804
8,20251127,51,0.799
8,20251127,52,0.791
8,20251127,53,0.779
8,20251127,54,0.763
8,20251127,55,0.745
8,20251127,56,0.723
8,20251127,57,0.698
8,20251127,58,0.67
8,20251127,59,0.639
8,20251127,60,0.606
8,20251127,61,0.57
8,20251127,62,0.531
8,20251127,63,0.491
8,20251127,64,0.448
8,20251127,65,0.403
8,20251127,66,0.356
8,20251127,67,0.308
8,20251127,68,0.259
8,20251127,69,0.209
8,20251127,70,0.157
8,20251127,71,0.105
8,20251127,72,0.053
8,20251127,73,0.0
8,20251127,74,0.0
8,20251127,75,0.0
8,20251127,76,0.0
8,20251127,77,0.0
8,20251127,78,0.0
8,20251127,79,0.0
8,20251127,80,0.0
8,20251127,81,0.0
8,20251127,82,0.0
8,20251127,83,0.0
8,20251127,84,0.0
8,20251127,85,0.0
8,20251127,86,0.0
8,20251127,87,0.0
8,20251127,88,0.0
8,20251127,89,0.0
8,20251127,90,0.0
8,20251127,91,0.0
8,20251127,92,0.0
8,20251127,93,0.0
8,20251127,94,0.0
8,20251127,95,0.0
8,20251127,96,0.0
8,20251128,1,0.0
8,20251128,2,0.0
8,20251128,3,0.0
8,20251128,4,0.0
8,20251128,5,0.0
8,20251128,6,0.0
8,20251128,7,0.0
8,20251128,8,0.0
8,20251128,9,0.0
8,20251128,10,0.0
8,20251128,11,0.0
8,20251128,12,0.0
8,20251128,13,0.0
8,20251128,14,0.0
8,20251128,15,0.0
8,20251128,16,0.0
8,20251128,17,0.0
8,20251128,18,0.0
8,20251128,19,0.0
8,20251128,20,0.0
8,20251128,21,0.0
8,20251128,22,0.0
8,20251128,23,0.0
8,20251128,24,0.0
8,20251128,25,0.0
8,20251128,26,0.031
8,20251128,27,0.061
8,20251128,28,0.092
8,20251128,29,0.122
8,20251128,30,0.151
8,20251128,31,0.18
8,20251128,32,0.208
8,20251128,33,0.236
8,20251128,34,0.262
8,20251128,35,0.287
8,20251128,36,0.311
8,20251128,37,0.333
8,20251128,38,0.354
8,20251128,39,0.374
8,20251128,40,0.392
8,20251128,41,0.408
8,20251128,42,0.422
8,20251128,43,0.435
8,20251128,44,0.446
8,20251128,45,0.455
8,20251128,46,0.462
8,20251128,47,0.467
8,20251128,48,0.47
8,20251128,49,0.471
8,20251128,50,0.47
8,20251128,51,0.467
8,20251128,52,0.462
8,20251128,53,0.455
8,20251128,54,0.446
8,20251128,55,0.435
8,20251128,56,0.422
8,20251128,57,0.408
8,20251128,58,0.392
8,20251128,59,0.374
8,20251128,60,0.354
8,20251128,61,0.333
8,20251128,62,0.311
8,20251128,63,0.287
8,20251128,64,0.262
8,20251128,65,0.236
8,20251128,66,0.208
8,20251128,67,0.18
8,20251128,68,0.151
8,20251128,69,0.122
8,20251128,70,0.092
8,20251128,71,0.061
8,20251128,72,0.031
8,20251128,73,0.0
8,20251128,74,0.0
8,20251128,75,0.0
8,20251128,76,0.0
8,20251128,77,0.0
8,20251128,78,0.0
8,20251128,79,0.0
8,20251128,80,0.0
8,20251128,81,0.0
8,20251128,82,0.0
8,20251128,83,0.0
8,20251128,84,0.0
8,20251128,85,0.0
8,20251128,86,0.0
8,20251128,87,0.0
8,20251128,88,0.0
8,20251128,89,0.0
8,20251128,90,0.0
8,20251128,91,0.0
8,20251128,92,0.0
8,20251128,93,0.0
8,20251128,94,0.0
8,20251128,95,0.0
8,20251128,96,0.0
8,20251129,1,0.0
8,20251129,2,0.0
8,20251129,3,0.0
8,20251129,4,0.0
8,20251129,5,0.0
8,20251129,6,0.0
8,20251129,7,0.0
8,20251129,8,0.0
8,20251129,9,0.0
8,20251129,10,0.0
8,20251129,11,0.0
8,20251129,12,0.0
8,20251129,13,0.0
8,20251129,14,0.0
8,20251129,15,0.0
8,20251129,16,0.0
8,20251129,17,0.0
8,20251129,18,0.0
8,20251129,19,0.0
8,20251129,20,0.0
8,20251129,21,0.0
8,20251129,22,0.0
8,20251129,23,0.0
8,20251129,24,0.0
8,20251129,25,0.0
8,20251129,26,0.054
8,20251129,27,0.108
8,20251129,28,0.162
8,20251129,29,0.215
8,20251129,30,0.267
8,20251129,31,0.317
8,20251129,32,0.367
8,20251129,33,0.415
8,20251129,34,0.461
8,20251129,35,0.505
8,20251129,36,0.547
8,20251129,37,0.587
8,20251129,38,0.624
8,20251129,39,0.658
8,20251129,40,0.69
8,20251129,41,0.718
8,20251129,42,0.744
8,20251129,43,0.766
8,20251129,44,0.786
8,20251129,45,0.801
8,20251129,46,0.814
8,20251129,47,0.823
8,20251129,48,0.828
8,20251129,49,0.83
8,20251129,50,0.828
8,20251129,51,0.823
8,20251129,52,0.814
8,20251129,53,0.801
8,20251129,54,0.786
8,20251129,55,0.766
8,20251129,56,0.744
8,20251129,57,0.718
8,20251129,58,0.69
8,20251129,59,0.658
8,20251129,60,0.624
8,20251129,61,0.587
8,20251129,62,0.547
8,20251129,63,0.505
8,20251129,64,0.461
8,20251129,65,0.415
8,20251129,66,0.367
8,20251129,67,0.317
8,20251129,68,0.267
8,20251129,69,0.215
8,20251129,70,0.162
8,20251129,71,0.108
8,20251129,72,0.054
8,20251129,73,0.0
8,20251129,74,0.0
8,20251129,75,0.0
8,20251129,76,0.0
8,20251129,77,0.0
8,20251129,78,0.0
8,20251129,79,0.0
8,20251129,80,0.0
8,20251129,81,0.0
8,20251129,82,0.0
8,20251129,83,0.0
8,20251129,84,0.0
8,20251129,85,0.0
8,20251129,86,0.0
8,20251129,87,0.0
8,20251129,88,0.0
8,20251129,89,0.0
8,20251129,90,0.0
8,20251129,91,0.0
8,20251129,92,0.0
8,20251129,93,0.0
8,20251129,94,0.0
8,20251129,95,0.0
8,20251129,96,0.0
8,20251130,1,0.0
8,20251130,2,0.0
8,20251130,3,0.0
8,20251130,4,0.0
8,20251130,5,0.0
8,20251130,6,0.0
8,20251130,7,0.0
8,20251130,8,0.0
8,20251130,9,0.0
8,20251130,10,0.0
8,20251130,11,0.0
8,20251130,12,0.0
8,20251130,13,0.0
8,20251130,14,0.0
8,20251130,15,0.0
8,20251130,16,0.0
8,20251130,17,0.0
8,20251130,18,0.0
8,20251130,19,0.0
8,20251130,20,0.0
8,20251130,21,0.0
8,20251130,22,0.0
8,20251130,23,0.0
8,20251130,24,0.0
8,20251130,25,0.0
8,20251130,26,0.055
8,20251130,27,0.109
8,20251130,28,0.163
8,20251130,29,0.217
8,20251130,30,0.269
8,20251130,31,0.32
8,20251130,32,0.37
8,20251130,33,0.418
8,20251130,34,0.465
8,20251130,35,0.509
8,20251130,36,0.552
8,20251130,37,0.592
8,20251130,38,0.629
8,20251130,39,0.664
8,20251130,40,0.696
8,20251130,41,0.725
8,20251130,42,0.75
8,20251130,43,0.773
8,20251130,44,0.792
8,20251130,45,0.808
8,20251130,46,0.821
8,20251130,47,0.829
8,20251130,48,0.835
8,20251130,49,0.837
8,20251130,50,0.835
8,20251130,51,0.829
8,20251130,52,0.821
8,20251130,53,0.808
8,20251130,54,0.792
8,20251130,55,0.773
8,20251130,56,0.75
8,20251130,57,0.725
8,20251130,58,0.696
8,20251130,59,0.664
8,20251130,60,0.629
8,20251130,61,0.592
8,20251130,62,0.552
8,20251130,63,0.509
8,20251130,64,0.465
8,20251130,65,0.418
8,20251130,66,0.37
8,20251130,67,0.32
8,20251130,68,0.269
8,20251130,69,0.217
8,20251130,70,0.163
8,20251130,71,0.109
8,20251130,72,0.055
8,20251130,73,0.0
8,20251130,74,0.0
8,20251130,75,0.0
8,20251130,76,0.0
8,20251130,77,0.0
8,20251130,78,0.0
8,20251130,79,0.0
8,20251130,80,0.0
8,20251130,81,0.0
8,20251130,82,0.0
8,20251130,83,0.0
8,20251130,84,0.0
8,20251130,85,0.0
8,20251130,86,0.0
8,20251130,87,0.0
8,20251130,88,0.0
8,20251130,89,0.0
8,20251130,90,0.0
8,20251130,91,0.0
8,20251130,92,0.0
8,20251130,93,0.0
9,20251101,1,0.057
9,20251101,2,0.057
9,20251101,3,0.057
9,20251101,4,0.057
9,20251101,5,0.057
9,20251101,6,0.057
9,20251101,7,0.058
9,20251101,8,0.06
9,20251101,9,0.065
9,20251101,10,0.08
9,20251101,11,0.114
9,20251101,12,0.178
9,20251101,13,0.274
9,20251101,14,0.386
9,20251101,15,0.479
9,20251101,16,0.516
9,20251101,17,0.479
9,20251101,18,0.386
9,20251101,19,0.274
9,20251101,20,0.178
9,20251101,21,0.114
9,20251101,22,0.08
9,20251101,23,0.065
9,20251101,24,0.06
9,20251101,25,0.058
9,20251101,26,0.057
9,20251101,27,0.057
9,20251101,28,0.058
9,20251101,29,0.059
9,20251101,30,0.062
9,20251101,31,0.07
9,20251101,32,0.09
9,20251101,33,0.13
9,20251101,34,0.202
9,20251101,35,0.31
9,20251101,36,0.449
9,20251101,37,0.593
9,20251101,38,0.704
9,20251101,39,0.745
9,20251101,40,0.704
9,20251101,41,0.593
9,20251101,42,0.449
9,20251101,43,0.31
9,20251101,44,0.202
9,20251101,45,0.13
9,20251101,46,0.09
9,20251101,47,0.07
9,20251101,48,0.062
9,20251102,1,0.052
9,20251102,2,0.052
9,20251102,3,0.052
9,20251102,4,0.052
9,20251102,5,0.052
9,20251102,6,0.052
9,20251102,7,0.052
9,20251102,8,0.054
9,20251102,9,0.059
9,20251102,10,0.072
9,20251102,11,0.103
9,20251102,12,0.161
9,20251102,13,0.247
9,20251102,14,0.348
9,20251102,15,0.432
9,20251102,16,0.465
9,20251102,17,0.432
9,20251102,18,0.348
9,20251102,19,0.247
9,20251102,20,0.161
9,20251102,21,0.103
9,20251102,22,0.072
9,20251102,23,0.059
9,20251102,24,0.054
9,20251102,25,0.052
9,20251102,26,0.052
9,20251102,27,0.052
9,20251102,28,0.052
9,20251102,29,0.053
9,20251102,30,0.056
9,20251102,31,0.063
9,20251102,32,0.081
9,20251102,33,0.117
9,20251102,34,0.182
9,20251102,35,0.28
9,20251102,36,0.405
9,20251102,37,0.534
9,20251102,38,0.634
9,20251102,39,0.671
9,20251102,40,0.634
9,20251102,41,0.534
9,20251102,42,0.405
9,20251102,43,0.28
9,20251102,44,0.182
9,20251102,45,0.117
9,20251102,46,0.081
9,20251102,47,0.063
9,20251102,48,0.056
9,20251103,1,0.044
9,20251103,2,0.044
9,20251103,3,0.044
9,20251103,4,0.044
9,20251103,5,0.044
9,20251103,6,0.044
9,20251103,7,0.044
9,20251103,8,0.045
9,20251103,9,0.05
9,20251103,10,0.061
9,20251103,11,0.087
9,20251103,12,0.136
9,20251103,13,0.209
9,20251103,14,0.294
9,20251103,15,0.365
9,20251103,16,0.393
9,20251103,17,0.365
9,20251103,18,0.294
9,20251103,19,0.209
9,20251103,20,0.136
9,20251103,21,0.087
9,20251103,22,0.061
9,20251103,23,0.05
9,20251103,24,0.045
9,20251103,25,0.044
9,20251103,26,0.044
9,20251103,27,0.044
9,20251103,28,0.044
9,20251103,29,0.045
9,20251103,30,0.047
9,20251103,31,0.053
9,20251103,32,0.068
9,20251103,33,0.099
9,20251103,34,0.153
9,20251103,35,0.236
9,20251103,36,0.342
9,20251103,37,0.451
9,20251103,38,0.536
9,20251103,39,0.567
9,20251103,40,0.536
9,20251103,41,0.451
9,20251103,42,0.342
9,20251103,43,0.236
9,20251103,44,0.153
9,20251103,45,0.099
9,20251103,46,0.068
9,20251103,47,0.053
9,20251103,48,0.047
9,20251104,1,0.058
9,20251104,2,0.058
9,20251104,3,0.058
9,20251104,4,0.058
9,20251104,5,0.058
9,20251104,6,0.058
9,20251104,7,0.058
9,20251104,8,0.06
9,20251104,9,0.066
9,20251104,10,0.081
9,20251104,11,0.115
9,20251104,12,0.18
9,20251104,13,0.276
9,20251104,14,0.389
9,20251104,15,0.483
9,20251104,16,0.52
9,20251104,17,0.483
9,20251104,18,0.389
9,20251104,19,0.276
9,20251104,20,0.18
9,20251104,21,0.115
9,20251104,22,0.081
9,20251104,23,0.066
9,20251104,24,0.06
9,20251104,25,0.058
9,20251104,26,0.058
9,20251104,27,0.058
9,20251104,28,0.058
9,20251104,29,0.059
9,20251104,30,0.062
9,20251104,31,0.071
9,20251104,32,0.09
9,20251104,33,0.131
9,20251104,34,0.203
9,20251104,35,0.313
9,20251104,36,0.453
9,20251104,37,0.598
9,20251104,38,0.71
9,20251104,39,0.752
9,20251104,40,0.71
9,20251104,41,0.598
9,20251104,42,0.453
9,20251104,43,0.313
9,20251104,44,0.203
9,20251104,45,0.131
9,20251104,46,0.09
9,20251104,47,0.071
9,20251104,48,0.062
9,20251105,1,0.039
9,20251105,2,0.039
9,20251105,3,0.039
9,20251105,4,0.039
9,20251105,5,0.039
9,20251105,6,0.039
9,20251105,7,0.039
9,20251105,8,0.041
9,20251105,9,0.044
9,20251105,10,0.055
9,20251105,11,0.078
9,20251105,12,0.121
9,20251105,13,0.186
9,20251105,14,0.263
9,20251105,15,0.326
9,20251105,16,0.351
9,20251105,17,0.326
9,20251105,18,0.263
9,20251105,19,0.186
9,20251105,20,0.121
9,20251105,21,0.078
9,20251105,22,0.055
9,20251105,23,0.044
9,20251105,24,0.041
9,20251105,25,0.039
9,20251105,26,0.039
9,20251105,27,0.039
9,20251105,28,0.039
9,20251105,29,0.04
9,20251105,30,0.042
9,20251105,31,0.048
9,20251105,32,0.061
9,20251105,33,0.088
9,20251105,34,0.137
9,20251105,35,0.211
9,20251105,36,0.306
9,20251105,37,0.404
9,20251105,38,0.479
9,20251105,39,0.507
9,20251105,40,0.479
9,20251105,41,0.404
9,20251105,42,0.306
9,20251105,43,0.211
9,20251105,44,0.137
9,20251105,45,0.088
9,20251105,46,0.061
9,20251105,47,0.048
9,20251105,48,0.042
9,20251106,1,0.04
9,20251106,2,0.04
9,20251106,3,0.04
9,20251106,4,0.04
9,20251106,5,0.04
9,20251106,6,0.04
9,20251106,7,0.041
9,20251106,8,0.042
9,20251106,9,0.046
9,20251106,10,0.056
9,20251106,11,0.08
9,20251106,12,0.125
9,20251106,13,0.192
9,20251106,14,0.27
9,20251106,15,0.336
9,20251106,16,0.361
9,20251106,17,0.336
9,20251106,18,0.27
9,20251106,19,0.192
9,20251106,20,0.125
9,20251106,21,0.08
9,20251106,22,0.056
9,20251106,23,0.046
9,20251106,24,0.042
9,20251106,25,0.041
9,20251106,26,0.04
9,20251106,27,0.04
9,20251106,28,0.04
9,20251106,29,0.041
9,20251106,30,0.043
9,20251106,31,0.049
9,20251106,32,0.063
9,20251106,33,0.091
9,20251106,34,0.141
9,20251106,35,0.217
9,20251106,36,0.315
9,20251106,37,0.415
9,20251106,38,0.493
9,20251106,39,0.522
9,20251106,40,0.493
9,20251106,41,0.415
9,20251106,42,0.315
9,20251106,43,0.217
9,20251106,44,0.141
9,20251106,45,0.091
9,20251106,46,0.063
9,20251106,47,0.049
9,20251106,48,0.043
9,20251107,1,0.041
9,20251107,2,0.041
9,20251107,3,0.041
9,20251107,4,0.041
9,20251107,5,0.041
9,20251107,6,0.041
9,20251107,7,0.041
9,20251107,8,0.042
9,20251107,9,0.046
9,20251107,10,0.057
9,20251107,11,0.081
9,20251107,12,0.127
9,20251107,13,0.195
9,20251107,14,0.274
9,20251107,15,0.34
9,20251107,16,0.366
9,20251107,17,0.34
9,20251107,18,0.274
9,20251107,19,0.195
9,20251107,20,0.127
9,20251107,21,0.081
9,20251107,22,0.057
9,20251107,23,0.046
9,20251107,24,0.042
9,20251107,25,0.041
9,20251107,26,0.041
9,20251107,27,0.041
9,20251107,28,0.041
9,20251107,29,0.042
9,20251107,30,0.044
9,20251107,31,0.05
9,20251107,32,0.064
9,20251107,33,0.092
9,20251107,34,0.143
9,20251107,35,0.22
9,20251107,36,0.319
9,20251107,37,0.421
9,20251107,38,0.5
9,20251107,39,0.529
9,20251107,40,0.5
9,20251107,41,0.421
9,20251107,42,0.319
9,20251107,43,0.22
9,20251107,44,0.143
9,20251107,45,0.092
9,20251107,46,0.064
9,20251107,47,0.05
9,20251107,48,0.044
9,20251108,1,0.062
9,20251108,2,0.062
9,20251108,3,0.062
9,20251108,4,0.062
9,20251108,5,0.062
9,20251108,6,0.062
9,20251108,7,0.062
9,20251108,8,0.064
9,20251108,9,0.07
9,20251108,10,0.086
9,20251108,11,0.123
9,20251108,12,0.192
9,20251108,13,0.295
9,20251108,14,0.415
9,20251108,15,0.515
9,20251108,16,0.555
9,20251108,17,0.515
9,20251108,18,0.415
9,20251108,19,0.295
9,20251108,20,0.192
9,20251108,21,0.123
9,20251108,22,0.086
9,20251108,23,0.07
9,20251108,24,0.064
9,20251108,25,0.062
9,20251108,26,0.062
9,20251108,27,0.062
9,20251108,28,0.062
9,20251108,29,0.063
9,20251108,30,0.066
9,20251108,31,0.075
9,20251108,32,0.096
9,20251108,33,0.14
9,20251108,34,0.217
9,20251108,35,0.334
9,20251108,36,0.483
9,20251108,37,0.638
9,20251108,38,0.757
9,20251108,39,0.801
9,20251108,40,0.757
9,20251108,41,0.638
9,20251108,42,0.483
9,20251108,43,0.334
9,20251108,44,0.217
9,20251108,45,0.14
9,20251108,46,0.096
9,20251108,47,0.075
9,20251108,48,0.066
9,20251109,1,0.038
9,20251109,2,0.038
9,20251109,3,0.038
9,20251109,4,0.038
9,20251109,5,0.038
9,20251109,6,0.038
9,20251109,7,0.039
9,20251109,8,0.04
9,20251109,9,0.043
9,20251109,10,0.054
9,20251109,11,0.076
9,20251109,12,0.119
9,20251109,13,0.183
9,20251109,14,0.258
9,20251109,15,0.32
9,20251109,16,0.345
9,20251109,17,0.32
9,20251109,18,0.258
9,20251109,19,0.183
9,20251109,20,0.119
9,20251109,21,0.076
9,20251109,22,0.054
9,20251109,23,0.043
9,20251109,24,0.04
9,20251109,25,0.039
9,20251109,26,0.038
9,20251109,27,0.038
9,20251109,28,0.039
9,20251109,29,0.039
9,20251109,30,0.041
9,20251109,31,0.047
9,20251109,32,0.06
9,20251109,33,0.087
9,20251109,34,0.135
9,20251109,35,0.207
9,20251109,36,0.3
9,20251109,37,0.396
9,20251109,38,0.47
9,20251109,39,0.498
9,20251109,40,0.47
9,20251109,41,0.396
9,20251109,42,0.3
9,20251109,43,0.207
9,20251109,44,0.135
9,20251109,45,0.087
9,20251109,46,0.06
9,20251109,47,0.047
9,20251109,48,0.041
9,20251110,1,0.061
9,20251110,2,0.061
9,20251110,3,0.061
9,20251110,4,0.061
9,20251110,5,0.061
9,20251110,6,0.061
9,20251110,7,0.061
9,20251110,8,0.063
9,20251110,9,0.069
9,20251110,10,0.085
9,20251110,11,0.121
9,20251110,12,0.189
9,20251110,13,0.291
9,20251110,14,0.41
9,20251110,15,0.509
9,20251110,16,0.548
9,20251110,17,0.509
9,20251110,18,0.41
9,20251110,19,0.291
9,20251110,20,0.189
9,20251110,21,0.121
9,20251110,22,0.085
9,20251110,23,0.069
9,20251110,24,0.063
9,20251110,25,0.061
9,20251110,26,0.061
9,20251110,27,0.061
9,20251110,28,0.061
9,20251110,29,0.062
9,20251110,30,0.065
9,20251110,31,0.074
9,20251110,32,0.095
9,20251110,33,0.138
9,20251110,34,0.214
9,20251110,35,0.329
9,20251110,36,0.477
9,20251110,37,0.629
9,20251110,38,0.747
9,20251110,39,0.791
9,20251110,40,0.747
9,20251110,41,0.629
9,20251110,42,0.477
9,20251110,43,0.329
9,20251110,44,0.214
9,20251110,45,0.138
9,20251110,46,0.095
9,20251110,47,0.074
9,20251110,48,0.065
9,20251111,1,0.046
9,20251111,2,0.046
9,20251111,3,0.046
9,20251111,4,0.046
9,20251111,5,0.046
9,20251111,6,0.046
9,20251111,7,0.046
9,20251111,8,0.047
9,20251111,9,0.052
9,20251111,10,0.064
9,20251111,11,0.091
9,20251111,12,0.142
9,20251111,13,0.219
9,20251111,14,0.308
9,20251111,15,0.382
9,20251111,16,0.412
9,20251111,17,0.382
9,20251111,18,0.308
9,20251111,19,0.219
9,20251111,20,0.142
9,20251111,21,0.091
9,20251111,22,0.064
9,20251111,23,0.052
9,20251111,24,0.047
9,20251111,25,0.046
9,20251111,26,0.046
9,20251111,27,0.046
9,20251111,28,0.046
9,20251111,29,0.047
9,20251111,30,0.049
9,20251111,31,0.056
9,20251111,32,0.071
9,20251111,33,0.104
9,20251111,34,0.161
9,20251111,35,0.248
9,20251111,36,0.358
9,20251111,37,0.473
9,20251111,38,0.561
9,20251111,39,0.594
9,20251111,40,0.561
9,20251111,41,0.473
9,20251111,42,0.358
9,20251111,43,0.248
9,20251111,44,0.161
9,20251111,45,0.104
9,20251111,46,0.071
9,20251111,47,0.056
9,20251111,48,0.049
9,20251112,1,0.043
9,20251112,2,0.043
9,20251112,3,0.043
9,20251112,4,0.043
9,20251112,5,0.043
9,20251112,6,0.043
9,20251112,7,0.044
9,20251112,8,0.045
9,20251112,9,0.049
9,20251112,10,0.06
9,20251112,11,0.086
9,20251112,12,0.134
9,20251112,13,0.206
9,20251112,14,0.291
9,20251112,15,0.361
9,20251112,16,0.389
9,20251112,17,0.361
9,20251112,18,0.291
9,20251112,19,0.206
9,20251112,20,0.134
9,20251112,21,0.086
9,20251112,22,0.06
9,20251112,23,0.049
9,20251112,24,0.045
9,20251112,25,0.044
9,20251112,26,0.043
9,20251112,27,0.043
9,20251112,28,0.043
9,20251112,29,0.044
9,20251112,30,0.046
9,20251112,31,0.053
9,20251112,32,0.067
9,20251112,33,0.098
9,20251112,34,0.152
9,20251112,35,0.234
9,20251112,36,0.339
9,20251112,37,0.447
9,20251112,38,0.53
9,20251112,39,0.562
9,20251112,40,0.53
9,20251112,41,0.447
9,20251112,42,0.339
9,20251112,43,0.234
9,20251112,44,0.152
9,20251112,45,0.098
9,20251112,46,0.067
9,20251112,47,0.053
9,20251112,48,0.046
9,20251113,1,0.047
9,20251113,2,0.047
9,20251113,3,0.047
9,20251113,4,0.047
9,20251113,5,0.047
9,20251113,6,0.047
9,20251113,7,0.048
9,20251113,8,0.049
9,20251113,9,0.053
9,20251113,10,0.066
9,20251113,11,0.094
9,20251113,12,0.147
9,20251113,13,0.225
9,20251113,14,0.317
9,20251113,15,0.394
9,20251113,16,0.424
9,20251113,17,0.394
9,20251113,18,0.317
9,20251113,19,0.225
9,20251113,20,0.147
9,20251113,21,0.094
9,20251113,22,0.066
9,20251113,23,0.053
9,20251113,24,0.049
9,20251113,25,0.048
9,20251113,26,0.047
9,20251113,27,0.047
9,20251113,28,0.047
9,20251113,29,0.048
9,20251113,30,0.051
9,20251113,31,0.057
9,20251113,32,0.074
9,20251113,33,0.107
9,20251113,34,0.166
9,20251113,35,0.255
9,20251113,36,0.369
9,20251113,37,0.488
9,20251113,38,0.578
9,20251113,39,0.613
9,20251113,40,0.578
9,20251113,41,0.488
9,20251113,42,0.369
9,20251113,43,0.255
9,20251113,44,0.166
9,20251113,45,0.107
9,20251113,46,0.074
9,20251113,47,0.057
9,20251113,48,0.051
9,20251114,1,0.039
9,20251114,2,0.039
9,20251114,3,0.039
9,20251114,4,0.039
9,20251114,5,0.039
9,20251114,6,0.039
9,20251114,7,0.039
9,20251114,8,0.041
9,20251114,9,0.044
9,20251114,10,0.055
9,20251114,11,0.078
9,20251114,12,0.121
9,20251114,13,0.186
9,20251114,14,0.263
9,20251114,15,0.326
9,20251114,16,0.351
9,20251114,17,0.326
9,20251114,18,0.263
9,20251114,19,0.186
9,20251114,20,0.121
9,20251114,21,0.078
9,20251114,22,0.055
9,20251114,23,0.044
9,20251114,24,0.041
9,20251114,25,0.039
9,20251114,26,0.039
9,20251114,27,0.039
9,20251114,28,0.039
9,20251114,29,0.04
9,20251114,30,0.042
9,20251114,31,0.048
9,20251114,32,0.061
9,20251114,33,0.088
9,20251114,34,0.137
9,20251114,35,0.211
9,20251114,36,0.306
9,20251114,37,0.404
9,20251114,38,0.479
9,20251114,39,0.507
9,20251114,40,0.479
9,20251114,41,0.404
9,20251114,42,0.306
9,20251114,43,0.211
9,20251114,44,0.137
9,20251114,45,0.088
9,20251114,46,0.061
9,20251114,47,0.048
9,20251114,48,0.042
9,20251115,1,0.044
9,20251115,2,0.044
9,20251115,3,0.044
9,20251115,4,0.044
9,20251115,5,0.044
9,20251115,6,0.044
9,20251115,7,0.044
9,20251115,8,0.046
9,20251115,9,0.05
9,20251115,10,0.061
9,20251115,11,0.088
9,20251115,12,0.137
9,20251115,13,0.21
9,20251115,14,0.296
9,20251115,15,0.367
9,20251115,16,0.395
9,20251115,17,0.367
9,20251115,18,0.296
9,20251115,19,0.21
9,20251115,20,0.137
9,20251115,21,0.088
9,20251115,22,0.061
9,20251115,23,0.05
9,20251115,24,0.046
9,20251115,25,0.044
9,20251115,26,0.044
9,20251115,27,0.044
9,20251115,28,0.044
9,20251115,29,0.045
9,20251115,30,0.047
9,20251115,31,0.054
9,20251115,32,0.069
9,20251115,33,0.099
9,20251115,34,0.154
9,20251115,35,0.238
9,20251115,36,0.344
9,20251115,37,0.454
9,20251115,38,0.539
9,20251115,39,0.571
9,20251115,40,0.539
9,20251115,41,0.454
9,20251115,42,0.344
9,20251115,43,0.238
9,20251115,44,0.154
9,20251115,45,0.099
9,20251115,46,0.069
9,20251115,47,0.054
9,20251116,1,0.058
9,20251116,2,0.058
9,20251116,3,0.058
9,20251116,4,0.058
9,20251116,5,0.058
9,20251116,6,0.058
9,20251116,7,0.058
9,20251116,8,0.06
9,20251116,9,0.065
9,20251116,10,0.081
9,20251116,11,0.115
9,20251116,12,0.179
9,20251116,13,0.276
9,20251116,14,0.388
9,20251116,15,0.482
9,20251116,16,0.519
9,20251116,17,0.482
9,20251116,18,0.388
9,20251116,19,0.276
9,20251116,20,0.179
9,20251116,21,0.115
9,20251116,22,0.081
9,20251116,23,0.065
9,20251116,24,0.06
9,20251116,25,0.058
9,20251116,26,0.058
9,20251116,27,0.058
9,20251116,28,0.058
9,20251116,29,0.059
9,20251116,30,0.062
9,20251116,31,0.07
9,20251116,32,0.09
9,20251116,33,0.131
9,20251116,34,0.203
9,20251116,35,0.312
9,20251116,36,0.452
9,20251116,37,0.597
9,20251116,38,0.708
9,20251116,39,0.75
9,20251116,40,0.708
9,20251116,41,0.597
9,20251116,42,0.452
9,20251116,43,0.312
9,20251116,44,0.203
9,20251116,45,0.131
9,20251116,46,0.09
9,20251116,47,0.07
9,20251116,48,0.062
9,20251117,1,0.043
9,20251117,2,0.043
9,20251117,3,0.043
9,20251117,4,0.043
9,20251117,5,0.043
9,20251117,6,0.043
9,20251117,7,0.043
9,20251117,8,0.044
9,20251117,9,0.049
9,20251117,10,0.06
9,20251117,11,0.085
9,20251117,12,0.133
9,20251117,13,0.204
9,20251117,14,0.288
9,20251117,15,0.357
9,20251117,16,0.385
9,20251117,17,0.357
9,20251117,18,0.288
9,20251117,19,0.204
9,20251117,20,0.133
9,20251117,21,0.085
9,20251117,22,0.06
9,20251117,23,0.049
9,20251117,24,0.044
9,20251117,25,0.043
9,20251117,26,0.043
9,20251117,27,0.043
9,20251117,28,0.043
9,20251117,29,0.044
9,20251117,30,0.046
9,20251117,31,0.052
9,20251117,32,0.067
9,20251117,33,0.097
9,20251117,34,0.15
9,20251117,35,0.232
9,20251117,36,0.335
9,20251117,37,0.442
9,20251117,38,0.525
9,20251117,39,0.556
9,20251117,40,0.525
9,20251117,41,0.442
9,20251117,42,0.335
9,20251117,43,0.232
9,20251117,44,0.15
9,20251117,45,0.097
9,20251117,46,0.067
9,20251117,47,0.052
9,20251117,48,0.046
9,20251118,1,0.048
9,20251118,2,0.048
9,20251118,3,0.048
9,20251118,4,0.048
9,20251118,5,0.048
9,20251118,6,0.048
9,20251118,7,0.049
9,20251118,8,0.05
9,20251118,9,0.055
9,20251118,10,0.067
9,20251118,11,0.096
9,20251118,12,0.15
9,20251118,13,0.23
9,20251118,14,0.324
9,20251118,15,0.402
9,20251118,16,0.433
9,20251118,17,0.402
9,20251118,18,0.324
9,20251118,19,0.23
9,20251118,20,0.15
9,20251118,21,0.096
9,20251118,22,0.067
9,20251118,23,0.055
9,20251118,24,0.05
9,20251118,25,0.049
9,20251118,26,0.048
9,20251118,27,0.048
9,20251118,28,0.048
9,20251118,29,0.049
9,20251118,30,0.052
9,20251118,31,0.059
9,20251118,32,0.075
9,20251118,33,0.109
9,20251118,34,0.169
9,20251118,35,0.261
9,20251118,36,0.377
9,20251118,37,0.498
9,20251118,38,0.591
9,20251118,39,0.626
9,20251118,40,0.591
9,20251118,41,0.498
9,20251118,42,0.377
9,20251118,43,0.261
9,20251118,44,0.169
9,20251118,45,0.109
9,20251118,46,0.075
9,20251118,47,0.059
9,20251118,48,0.052
9,20251119,1,0.058
9,20251119,2,0.058
9,20251119,3,0.058
9,20251119,4,0.058
9,20251119,5,0.058
9,20251119,6,0.058
9,20251119,7,0.059
9,20251119,8,0.06
9,20251119,9,0.066
9,20251119,10,0.081
9,20251119,11,0.116
9,20251119,12,0.181
9,20251119,13,0.278
9,20251119,14,0.391
9,20251119,15,0.486
9,20251119,16,0.523
9,20251119,17,0.486
9,20251119,18,0.391
9,20251119,19,0.278
9,20251119,20,0.181
9,20251119,21,0.116
9,20251119,22,0.081
9,20251119,23,0.066
9,20251119,24,0.06
9,20251119,25,0.059
9,20251119,26,0.058
9,20251119,27,0.058
9,20251119,28,0.059
9,20251119,29,0.059
9,20251119,30,0.063
9,20251119,31,0.071
9,20251119,32,0.091
9,20251119,33,0.132
9,20251119,34,0.204
9,20251119,35,0.315
9,20251119,36,0.456
9,20251119,37,0.602
9,20251119,38,0.714
9,20251119,39,0.756
9,20251119,40,0.714
9,20251119,41,0.602
9,20251119,42,0.456
9,20251119,43,0.315
9,20251119,44,0.204
9,20251119,45,0.132
9,20251119,46,0.091
9,20251119,47,0.071
9,20251119,48,0.063
9,20251120,1,0.063
9,20251120,2,0.063
9,20251120,3,0.063
9,20251120,4,0.063
9,20251120,5,0.063
9,20251120,6,0.063
9,20251120,7,0.063
9,20251120,8,0.065
9,20251120,9,0.071
9,20251120,10,0.088
9,20251120,11,0.125
9,20251120,12,0.195
9,20251120,13,0.299
9,20251120,14,0.422
9,20251120,15,0.524
9,20251120,16,0.564
9,20251120,17,0.524
9,20251120,18,0.422
9,20251120,19,0.299
9,20251120,20,0.195
9,20251120,21,0.125
9,20251120,22,0.088
9,20251120,23,0.071
9,20251120,24,0.065
9,20251120,25,0.063
9,20251120,26,0.063
9,20251120,27,0.063
9,20251120,28,0.063
9,20251120,29,0.064
9,20251120,30,0.067
9,20251120,31,0.076
9,20251120,32,0.098
9,20251120,33,0.142
9,20251120,34,0.22
9,20251120,35,0.339
9,20251120,36,0.491
9,20251120,37,0.648
9,20251120,38,0.769
9,20251120,39,0.815
9,20251120,40,0.769
9,20251120,41,0.648
9,20251120,42,0.491
9,20251120,43,0.339
9,20251120,44,0.22
9,20251120,45,0.142
9,20251120,46,0.098
9,20251120,47,0.076
9,20251120,48,0.067
9,20251121,1,0.039
9,20251121,2,0.039
9,20251121,3,0.039
9,20251121,4,0.039
9,20251121,5,0.039
9,20251121,6,0.039
9,20251121,7,0.039
9,20251121,8,0.04
9,20251121,9,0.044
9,20251121,10,0.054
9,20251121,11,0.078
9,20251121,12,0.121
9,20251121,13,0.186
9,20251121,14,0.262
9,20251121,15,0.326
9,20251121,16,0.351
9,20251121,17,0.326
9,20251121,18,0.262
9,20251121,19,0.186
9,20251121,20,0.121
9,20251121,21,0.078
9,20251121,22,0.054
9,20251121,23,0.044
9,20251121,24,0.04
9,20251121,25,0.039
9,20251121,26,0.039
9,20251121,27,0.039
9,20251121,28,0.039
9,20251121,29,0.04
9,20251121,30,0.042
9,20251121,31,0.048
9,20251121,32,0.061
9,20251121,33,0.088
9,20251121,34,0.137
9,20251121,35,0.211
9,20251121,36,0.305
9,20251121,37,0.403
9,20251121,38,0.478
9,20251121,39,0.507
9,20251121,40,0.478
9,20251121,41,0.403
9,20251121,42,0.305
9,20251121,43,0.211
9,20251121,44,0.137
9,20251121,45,0.088
9,20251121,46,0.061
9,20251121,47,0.048
9,20251121,48,0.042
9,20251122,1,0.054
9,20251122,2,0.054
9,20251122,3,0.054
9,20251122,4,0.054
9,20251122,5,0.054
9,20251122,6,0.054
9,20251122,7,0.054
9,20251122,8,0.056
9,20251122,9,0.061
9,20251122,10,0.075
9,20251122,11,0.107
9,20251122,12,0.167
9,20251122,13,0.256
9,20251122,14,0.361
9,20251122,15,0.448
9,20251122,16,0.483
9,20251122,17,0.448
9,20251122,18,0.361
9,20251122,19,0.256
9,20251122,20,0.167
9,20251122,21,0.107
9,20251122,22,0.075
9,20251122,23,0.061
9,20251122,24,0.056
9,20251122,25,0.054
9,20251122,26,0.054
9,20251122,27,0.054
9,20251122,28,0.054
9,20251122,29,0.055
9,20251122,30,0.058
9,20251122,31,0.065
9,20251122,32,0.084
9,20251122,33,0.121
9,20251122,34,0.189
9,20251122,35,0.29
9,20251122,36,0.42
9,20251122,37,0.555
9,20251122,38,0.658
9,20251122,39,0.697
9,20251122,40,0.658
9,20251122,41,0.555
9,20251122,42,0.42
9,20251122,43,0.29
9,20251122,44,0.189
9,20251122,45,0.121
9,20251122,46,0.084
9,20251122,47,0.065
9,20251122,48,0.058
9,20251123,1,0.061
9,20251123,2,0.061
9,20251123,3,0.061
9,20251123,4,0.061
9,20251123,5,0.061
9,20251123,6,0.061
9,20251123,7,0.062
9,20251123,8,0.064
9,20251123,9,0.07
9,20251123,10,0.086
9,20251123,11,0.122
9,20251123,12,0.191
9,20251123,13,0.293
9,20251123,14,0.413
9,20251123,15,0.513
9,20251123,16,0.552
9,20251123,17,0.513
9,20251123,18,0.413
9,20251123,19,0.293
9,20251123,20,0.191
9,20251123,21,0.122
9,20251123,22,0.086
9,20251123,23,0.07
9,20251123,24,0.064
9,20251123,25,0.062
9,20251123,26,0.061
9,20251123,27,0.061
9,20251123,28,0.062
9,20251123,29,0.063
9,20251123,30,0.066
9,20251123,31,0.075
9,20251123,32,0.096
9,20251123,33,0.139
9,20251123,34,0.216
9,20251123,35,0.332
9,20251123,36,0.481
9,20251123,37,0.634
9,20251123,38,0.752
9,20251123,39,0.797
9,20251123,40,0.752
9,20251123,41,0.634
9,20251123,42,0.481
9,20251123,43,0.332
9,20251123,44,0.216
9,20251123,45,0.139
9,20251123,46,0.096
9,20251123,47,0.075
9,20251123,48,0.066
9,20251124,1,0.041
9,20251124,2,0.041
9,20251124,3,0.041
9,20251124,4,0.041
9,20251124,5,0.041
9,20251124,6,0.041
9,20251124,7,0.041
9,20251124,8,0.042
9,20251124,9,0.046
9,20251124,10,0.057
9,20251124,11,0.081
9,20251124,12,0.126
9,20251124,13,0.194
9,20251124,14,0.273
9,20251124,15,0.339
9,20251124,16,0.365
9,20251124,17,0.339
9,20251124,18,0.273
9,20251124,19,0.194
9,20251124,20,0.126
9,20251124,21,0.081
9,20251124,22,0.057
9,20251124,23,0.046
9,20251124,24,0.042
9,20251124,25,0.041
9,20251124,26,0.041
9,20251124,27,0.041
9,20251124,28,0.041
9,20251124,29,0.041
9,20251124,30,0.044
9,20251124,31,0.049
9,20251124,32,0.063
9,20251124,33,0.092
9,20251124,34,0.142
9,20251124,35,0.219
9,20251124,36,0.318
9,20251124,37,0.419
9,20251124,38,0.497
9,20251124,39,0.527
9,20251124,40,0.497
9,20251124,41,0.419
9,20251124,42,0.318
9,20251124,43,0.219
9,20251124,44,0.142
9,20251124,45,0.092
9,20251124,46,0.063
9,20251124,47,0.049
9,20251124,48,0.044
9,20251125,1,0.064
9,20251125,2,0.064
9,20251125,3,0.064
9,20251125,4,0.064
9,20251125,5,0.064
9,20251125,6,0.064
9,20251125,7,0.064
9,20251125,8,0.066
9,20251125,9,0.072
9,20251125,10,0.089
9,20251125,11,0.127
9,20251125,12,0.198
9,20251125,13,0.305
9,20251125,14,0.43
9,20251125,15,0.534
9,20251125,16,0.575
9,20251125,17,0.534
9,20251125,18,0.43
9,20251125,19,0.305
9,20251125,20,0.198
9,20251125,21,0.127
9,20251125,22,0.089
9,20251125,23,0.072
9,20251125,24,0.066
9,20251125,25,0.064
9,20251125,26,0.064
9,20251125,27,0.064
9,20251125,28,0.064
9,20251125,29,0.065
9,20251125,30,0.069
9,20251125,31,0.078
9,20251125,32,0.1
9,20251125,33,0.145
9,20251125,34,0.224
9,20251125,35,0.346
9,20251125,36,0.5
9,20251125,37,0.661
9,20251125,38,0.784
9,20251125,39,0.83
9,20251125,40,0.784
9,20251125,41,0.661
9,20251125,42,0.5
9,20251125,43,0.346
9,20251125,44,0.224
9,20251125,45,0.145
9,20251125,46,0.1
9,20251125,47,0.078
9,20251125,48,0.069
9,20251126,1,0.063
9,20251126,2,0.063
9,20251126,3,0.063
9,20251126,4,0.063
9,20251126,5,0.063
9,20251126,6,0.063
9,20251126,7,0.064
9,20251126,8,0.066
9,20251126,9,0.072
9,20251126,10,0.088
9,20251126,11,0.126
9,20251126,12,0.196
9,20251126,13,0.302
9,20251126,14,0.425
9,20251126,15,0.528
9,20251126,16,0.568
9,20251126,17,0.528
9,20251126,18,0.425
9,20251126,19,0.302
9,20251126,20,0.196
9,20251126,21,0.126
9,20251126,22,0.088
9,20251126,23,0.072
9,20251126,24,0.066
9,20251126,25,0.064
9,20251126,26,0.063
9,20251126,27,0.063
9,20251126,28,0.064
9,20251126,29,0.065
9,20251126,30,0.068
9,20251126,31,0.077
9,20251126,32,0.099
9,20251126,33,0.143
9,20251126,34,0.222
9,20251126,35,0.342
9,20251126,36,0.495
9,20251126,37,0.653
9,20251126,38,0.775
9,20251126,39,0.821
9,20251126,40,0.775
9,20251126,41,0.653
9,20251126,42,0.495
9,20251126,43,0.342
9,20251126,44,0.222
9,20251126,45,0.143
9,20251126,46,0.099
9,20251126,47,0.077
9,20251126,48,0.068
9,20251127,1,0.05
9,20251127,2,0.05
9,20251127,3,0.05
9,20251127,4,0.05
9,20251127,5,0.05
9,20251127,6,0.05
9,20251127,7,0.051
9,20251127,8,0.052
9,20251127,9,0.057
9,20251127,10,0.07
9,20251127,11,0.1
9,20251127,12,0.156
9,20251127,13,0.24
9,20251127,14,0.338
9,20251127,15,0.42
9,20251127,16,0.452
9,20251127,17,0.42
9,20251127,18,0.338
9,20251127,19,0.24
9,20251127,20,0.156
9,20251127,21,0.1
9,20251127,22,0.07
9,20251127,23,0.057
9,20251127,24,0.052
9,20251127,25,0.051
9,20251127,26,0.05
9,20251127,27,0.05
9,20251127,28,0.051
9,20251127,29,0.051
9,20251127,30,0.054
9,20251127,31,0.061
9,20251127,32,0.078
9,20251127,33,0.114
9,20251127,34,0.177
9,20251127,35,0.272
9,20251127,36,0.394
9,20251127,37,0.52
9,20251127,38,0.616
9,20251127,39,0.653
9,20251127,40,0.616
9,20251127,41,0.52
9,20251127,42,0.394
9,20251127,43,0.272
9,20251127,44,0.177
9,20251127,45,0.114
9,20251128,1,0.048
9,20251128,2,0.048
9,20251128,3,0.048
9,20251128,4,0.048
9,20251128,5,0.048
9,20251128,6,0.049
9,20251128,7,0.049
9,20251128,8,0.05
9,20251128,9,0.055
9,20251128,10,0.068
9,20251128,11,0.097
9,20251128,12,0.151
9,20251128,13,0.232
9,20251128,14,0.326
9,20251128,15,0.405
9,20251128,16,0.436
9,20251128,17,0.405
9,20251128,18,0.326
9,20251128,19,0.232
9,20251128,20,0.151
9,20251128,21,0.097
9,20251128,22,0.068
9,20251128,23,0.055
9,20251128,24,0.05
9,20251128,25,0.049
9,20251128,26,0.049
9,20251128,27,0.049
9,20251128,28,0.049
9,20251128,29,0.05
9,20251128,30,0.052
9,20251128,31,0.059
9,20251128,32,0.076
9,20251128,33,0.11
9,20251128,34,0.17
9,20251128,35,0.262
9,20251128,36,0.38
9,20251128,37,0.501
9,20251128,38,0.595
9,20251128,39,0.63
9,20251128,40,0.595
9,20251128,41,0.501
9,20251128,42,0.38
9,20251128,43,0.262
9,20251128,44,0.17
9,20251128,45,0.11
9,20251128,46,0.076
9,20251128,47,0.059
9,20251128,48,0.052
9,20251129,1,0.042
9,20251129,2,0.042
9,20251129,3,0.042
9,20251129,4,0.042
9,20251129,5,0.042
9,20251129,6,0.042
9,20251129,7,0.042
9,20251129,8,0.044
9,20251129,9,0.048
9,20251129,10,0.059
9,20251129,11,0.084
9,20251129,12,0.131
9,20251129,13,0.201
9,20251129,14,0.283
9,20251129,15,0.352
9,20251129,16,0.379
9,20251129,17,0.352
9,20251129,18,0.283
9,20251129,19,0.201
9,20251129,20,0.131
9,20251129,21,0.084
9,20251129,22,0.059
9,20251129,23,0.048
9,20251129,24,0.044
9,20251129,25,0.042
9,20251129,26,0.042
9,20251129,27,0.042
9,20251129,28,0.042
9,20251129,29,0.043
9,20251129,30,0.045
9,20251129,31,0.051
9,20251129,32,0.066
9,20251129,33,0.095
9,20251129,34,0.148
9,20251129,35,0.228
9,20251129,36,0.33
9,20251129,37,0.435
9,20251129,38,0.516
9,20251129,39,0.547
9,20251129,40,0.516
9,20251129,41,0.435
9,20251129,42,0.33
9,20251129,43,0.228
9,20251129,44,0.148
9,20251129,45,0.095
9,20251129,46,0.066
9,20251129,47,0.051
9,20251129,48,0.045
9,20251130,1,0.042
9,20251130,2,0.042
9,20251130,3,0.042
9,20251130,4,0.042
9,20251130,5,0.042
9,20251130,6,0.042
9,20251130,7,0.042
9,20251130,8,0.044
9,20251130,9,0.048
9,20251130,10,0.059
9,20251130,11,0.084
9,20251130,12,0.13
9,20251130,13,0.2
9,20251130,14,0.282
9,20251130,15,0.35
9,20251130,16,0.377
9,20251130,17,0.35
9,20251130,18,0.282
9,20251130,19,0.2
9,20251130,20,0.13
9,20251130,21,0.084
9,20251130,22,0.059
9,20251130,23,0.048
9,20251130,24,0.044
9,20251130,25,0.042
9,20251130,26,0.042
9,20251130,27,0.042
9,20251130,28,0.042
9,20251130,29,0.043
9,20251130,30,0.045
9,20251130,31,0.051
9,20251130,32,0.065
9,20251130,33,0.095
9,20251130,34,0.147
9,20251130,35,0.227
9,20251130,36,0.329
9,20251130,37,0.434
9,20251130,38,0.514
9,20251130,39,0.545
9,20251130,40,0.514
9,20251130,41,0.434
9,20251130,42,0.329
9,20251130,43,0.227
9,20251130,44,0.147
9,20251130,45,0.095
9,20251130,46,0.065
9,20251130,47,0.051
9,20251130,48,0.045
10,20251101,1,0.058
10,20251101,2,0.058
10,20251101,3,0.058
10,20251101,4,0.058
10,20251101,5,0.058
10,20251101,6,0.059
10,20251101,7,0.059
10,20251101,8,0.061
10,20251101,9,0.066
10,20251101,10,0.082
10,20251101,11,0.117
10,20251101,12,0.182
10,20251101,13,0.279
10,20251101,14,0.394
10,20251101,15,0.489
10,20251101,16,0.526
10,20251101,17,0.489
10,20251101,18,0.394
10,20251101,19,0.279
10,20251101,20,0.182
10,20251101,21,0.117
10,20251101,22,0.082
10,20251101,23,0.066
10,20251101,24,0.061
10,20251101,25,0.059
10,20251101,26,0.059
10,20251101,27,0.059
10,20251101,28,0.059
10,20251101,29,0.06
10,20251101,30,0.063
10,20251101,31,0.071
10,20251101,32,0.091
10,20251101,33,0.132
10,20251101,34,0.206
10,20251101,35,0.317
10,20251101,36,0.458
10,20251101,37,0.605
10,20251101,38,0.718
10,20251101,39,0.76
10,20251101,40,0.718
10,20251101,41,0.605
10,20251101,42,0.458
10,20251101,43,0.317
10,20251101,44,0.206
10,20251101,45,0.132
10,20251101,46,0.091
10,20251101,47,0.071
10,20251101,48,0.063
10,20251102,1,0.061
10,20251102,2,0.061
10,20251102,3,0.061
10,20251102,4,0.061
10,20251102,5,0.061
10,20251102,6,0.061
10,20251102,7,0.061
10,20251102,8,0.063
10,20251102,9,0.069
10,20251102,10,0.085
10,20251102,11,0.121
10,20251102,12,0.189
10,20251102,13,0.291
10,20251102,14,0.409
10,20251102,15,0.508
10,20251102,16,0.547
10,20251102,17,0.508
10,20251102,18,0.409
10,20251102,19,0.291
10,20251102,20,0.189
10,20251102,21,0.121
10,20251102,22,0.085
10,20251102,23,0.069
10,20251102,24,0.063
10,20251102,25,0.061
10,20251102,26,0.061
10,20251102,27,0.061
10,20251102,28,0.061
10,20251102,29,0.062
10,20251102,30,0.065
10,20251102,31,0.074
10,20251102,32,0.095
10,20251102,33,0.138
10,20251102,34,0.214
10,20251102,35,0.329
10,20251102,36,0.477
10,20251102,37,0.629
10,20251102,38,0.746
10,20251102,39,0.79
10,20251102,40,0.746
10,20251102,41,0.629
10,20251102,42,0.477
10,20251102,43,0.329
10,20251102,44,0.214
10,20251102,45,0.138
10,20251102,46,0.095
10,20251102,47,0.074
10,20251102,48,0.065
10,20251103,1,0.062
10,20251103,2,0.062
10,20251103,3,0.062
10,20251103,4,0.062
10,20251103,5,0.062
10,20251103,6,0.062
10,20251103,7,0.063
10,20251103,8,0.064
10,20251103,9,0.07
10,20251103,10,0.087
10,20251103,11,0.124
10,20251103,12,0.193
10,20251103,13,0.297
10,20251103,14,0.418
10,20251103,15,0.519
10,20251103,16,0.559
10,20251103,17,0.519
10,20251103,18,0.418
10,20251103,19,0.297
10,20251103,20,0.193
10,20251103,21,0.124
10,20251103,22,0.087
10,20251103,23,0.07
10,20251103,24,0.064
10,20251103,25,0.063
10,20251103,26,0.062
10,20251103,27,0.062
10,20251103,28,0.062
10,20251103,29,0.064
10,20251103,30,0.067
10,20251103,31,0.076
10,20251103,32,0.097
10,20251103,33,0.141
10,20251103,34,0.218
10,20251103,35,0.336
10,20251103,36,0.486
10,20251103,37,0.642
10,20251103,38,0.762
10,20251103,39,0.807
10,20251103,40,0.762
10,20251103,41,0.642
10,20251103,42,0.486
10,20251103,43,0.336
10,20251103,44,0.218
10,20251103,45,0.141
10,20251103,46,0.097
10,20251103,47,0.076
10,20251103,48,0.067
10,20251104,1,0.054
10,20251104,2,0.054
10,20251104,3,0.054
10,20251104,4,0.054
10,20251104,5,0.054
10,20251104,6,0.054
10,20251104,7,0.054
10,20251104,8,0.056
10,20251104,9,0.061
10,20251104,10,0.075
10,20251104,11,0.107
10,20251104,12,0.167
10,20251104,13,0.257
10,20251104,14,0.362
10,20251104,15,0.45
10,20251104,16,0.484
10,20251104,17,0.45
10,20251104,18,0.362
10,20251104,19,0.257
10,20251104,20,0.167
10,20251104,21,0.107
10,20251104,22,0.075
10,20251104,23,0.061
10,20251104,24,0.056
10,20251104,25,0.054
10,20251104,26,0.054
10,20251104,27,0.054
10,20251104,28,0.054
10,20251104,29,0.055
10,20251104,30,0.058
10,20251104,31,0.066
10,20251104,32,0.084
10,20251104,33,0.122
10,20251104,34,0.189
10,20251104,35,0.291
10,20251104,36,0.422
10,20251104,37,0.557
10,20251104,38,0.66
10,20251104,39,0.699
10,20251104,40,0.66
10,20251104,41,0.557
10,20251104,42,0.422
10,20251104,43,0.291
10,20251104,44,0.189
10,20251104,45,0.122
10,20251104,46,0.084
10,20251104,47,0.066
10,20251104,48,0.058
10,20251105,1,0.044
10,20251105,2,0.044
10,20251105,3,0.044
10,20251105,4,0.044
10,20251105,5,0.044
10,20251105,6,0.044
10,20251105,7,0.044
10,20251105,8,0.045
10,20251105,9,0.049
10,20251105,10,0.061
10,20251105,11,0.087
10,20251105,12,0.136
10,20251105,13,0.208
10,20251105,14,0.293
10,20251105,15,0.364
10,20251105,16,0.392
10,20251105,17,0.364
10,20251105,18,0.293
10,20251105,19,0.208
10,20251105,20,0.136
10,20251105,21,0.087
10,20251105,22,0.061
10,20251105,23,0.049
10,20251105,24,0.045
10,20251105,25,0.044
10,20251105,26,0.044
10,20251105,27,0.044
10,20251105,28,0.044
10,20251105,29,0.045
10,20251105,30,0.047
10,20251105,31,0.053
10,20251105,32,0.068
10,20251105,33,0.099
10,20251105,34,0.153
10,20251105,35,0.236
10,20251105,36,0.342
10,20251105,37,0.451
10,20251105,38,0.535
10,20251105,39,0.567
10,20251105,40,0.535
10,20251105,41,0.451
10,20251105,42,0.342
10,20251105,43,0.236
10,20251105,44,0.153
10,20251105,45,0.099
10,20251105,46,0.068
10,20251105,47,0.053
10,20251106,1,0.044
10,20251106,2,0.044
10,20251106,3,0.044
10,20251106,4,0.044
10,20251106,5,0.044
10,20251106,6,0.044
10,20251106,7,0.045
10,20251106,8,0.046
10,20251106,9,0.05
10,20251106,10,0.062
10,20251106,11,0.088
10,20251106,12,0.138
10,20251106,13,0.211
10,20251106,14,0.298
10,20251106,15,0.37
10,20251106,16,0.398
10,20251106,17,0.37
10,20251106,18,0.298
10,20251106,19,0.211
10,20251106,20,0.138
10,20251106,21,0.088
10,20251106,22,0.062
10,20251106,23,0.05
10,20251106,24,0.046
10,20251106,25,0.045
10,20251106,26,0.044
10,20251106,27,0.044
10,20251106,28,0.045
10,20251106,29,0.045
10,20251106,30,0.048
10,20251106,31,0.054
10,20251106,32,0.069
10,20251106,33,0.1
10,20251106,34,0.156
10,20251106,35,0.24
10,20251106,36,0.347
10,20251106,37,0.458
10,20251106,38,0.543
10,20251106,39,0.575
10,20251106,40,0.543
10,20251106,41,0.458
10,20251106,42,0.347
10,20251106,43,0.24
10,20251106,44,0.156
10,20251106,45,0.1
10,20251106,46,0.069
10,20251106,47,0.054
10,20251106,48,0.048
10,20251107,1,0.062
10,20251107,2,0.062
10,20251107,3,0.062
10,20251107,4,0.062
10,20251107,5,0.062
10,20251107,6,0.062
10,20251107,7,0.062
10,20251107,8,0.064
10,20251107,9,0.07
10,20251107,10,0.086
10,20251107,11,0.123
10,20251107,12,0.191
10,20251107,13,0.294
10,20251107,14,0.414
10,20251107,15,0.514
10,20251107,16,0.554
10,20251107,17,0.514
10,20251107,18,0.414
10,20251107,19,0.294
10,20251107,20,0.191
10,20251107,21,0.123
10,20251107,22,0.086
10,20251107,23,0.07
10,20251107,24,0.064
10,20251107,25,0.062
10,20251107,26,0.062
10,20251107,27,0.062
10,20251107,28,0.062
10,20251107,29,0.063
10,20251107,30,0.066
10,20251107,31,0.075
10,20251107,32,0.096
10,20251107,33,0.139
10,20251107,34,0.216
10,20251107,35,0.333
10,20251107,36,0.482
10,20251107,37,0.636
10,20251107,38,0.755
10,20251107,39,0.8
10,20251107,40,0.755
10,20251107,41,0.636
10,20251107,42,0.482
10,20251107,43,0.333
10,20251107,44,0.216
10,20251107,45,0.139
10,20251107,46,0.096
10,20251107,47,0.075
10,20251107,48,0.066
10,20251108,1,0.043
10,20251108,2,0.043
10,20251108,3,0.043
10,20251108,4,0.043
10,20251108,5,0.043
10,20251108,6,0.044
10,20251108,7,0.044
10,20251108,8,0.045
10,20251108,9,0.049
10,20251108,10,0.061
10,20251108,11,0.087
10,20251108,12,0.135
10,20251108,13,0.208
10,20251108,14,0.293
10,20251108,15,0.363
10,20251108,16,0.391
10,20251108,17,0.363
10,20251108,18,0.293
10,20251108,19,0.208
10,20251108,20,0.135
10,20251108,21,0.087
10,20251108,22,0.061
10,20251108,23,0.049
10,20251108,24,0.045
10,20251108,25,0.044
10,20251108,26,0.044
10,20251108,27,0.044
10,20251108,28,0.044
10,20251108,29,0.044
10,20251108,30,0.047
10,20251108,31,0.053
10,20251108,32,0.068
10,20251108,33,0.098
10,20251108,34,0.153
10,20251108,35,0.235
10,20251108,36,0.341
10,20251108,37,0.45
10,20251108,38,0.533
10,20251108,39,0.565
10,20251108,40,0.533
10,20251108,41,0.45
10,20251108,42,0.341
10,20251108,43,0.235
10,20251108,44,0.153
10,20251108,45,0.098
10,20251108,46,0.068
10,20251108,47,0.053
10,20251108,48,0.047
10,20251109,1,0.052
10,20251109,2,0.052
10,20251109,3,0.052
10,20251109,4,0.052
10,20251109,5,0.052
10,20251109,6,0.052
10,20251109,7,0.053
10,20251109,8,0.054
10,20251109,9,0.059
10,20251109,10,0.073
10,20251109,11,0.104
10,20251109,12,0.162
10,20251109,13,0.249
10,20251109,14,0.351
10,20251109,15,0.436
10,20251109,16,0.47
10,20251109,17,0.436
10,20251109,18,0.351
10,20251109,19,0.249
10,20251109,20,0.162
10,20251109,21,0.104
10,20251109,22,0.073
10,20251109,23,0.059
10,20251109,24,0.054
10,20251109,25,0.053
10,20251109,26,0.052
10,20251109,27,0.052
10,20251109,28,0.053
10,20251109,29,0.053
10,20251109,30,0.056
10,20251109,31,0.064
10,20251109,32,0.082
10,20251109,33,0.118
10,20251109,34,0.184
10,20251109,35,0.283
10,20251109,36,0.409
10,20251109,37,0.54
10,20251109,38,0.641
10,20251109,39,0.679
10,20251109,40,0.641
10,20251109,41,0.54
10,20251109,42,0.409
10,20251109,43,0.283
10,20251109,44,0.184
10,20251109,45,0.118
10,20251109,46,0.082
10,20251109,47,0.064
10,20251109,48,0.056
10,20251110,1,0.037
10,20251110,2,0.037
10,20251110,3,0.037
10,20251110,4,0.037
10,20251110,5,0.037
10,20251110,6,0.038
10,20251110,7,0.038
10,20251110,8,0.039
10,20251110,9,0.043
10,20251110,10,0.052
10,20251110,11,0.075
10,20251110,12,0.117
10,20251110,13,0.179
10,20251110,14,0.252
10,20251110,15,0.313
10,20251110,16,0.337
10,20251110,17,0.313
10,20251110,18,0.252
10,20251110,19,0.179
10,20251110,20,0.117
10,20251110,21,0.075
10,20251110,22,0.052
10,20251110,23,0.043
10,20251110,24,0.039
10,20251110,25,0.038
10,20251110,26,0.038
10,20251110,27,0.038
10,20251110,28,0.038
10,20251110,29,0.038
10,20251110,30,0.04
10,20251110,31,0.046
10,20251110,32,0.059
10,20251110,33,0.085
10,20251110,34,0.132
10,20251110,35,0.203
10,20251110,36,0.294
10,20251110,37,0.388
10,20251110,38,0.46
10,20251110,39,0.487
10,20251110,40,0.46
10,20251110,41,0.388
10,20251110,42,0.294
10,20251110,43,0.203
10,20251110,44,0.132
10,20251110,45,0.085
10,20251110,46,0.059
10,20251110,47,0.046
10,20251110,48,0.04
10,20251111,1,0.049
10,20251111,2,0.049
10,20251111,3,0.049
10,20251111,4,0.049
10,20251111,5,0.049
10,20251111,6,0.049
10,20251111,7,0.05
10,20251111,8,0.051
10,20251111,9,0.056
10,20251111,10,0.069
10,20251111,11,0.098
10,20251111,12,0.152
10,20251111,13,0.234
10,20251111,14,0.33
10,20251111,15,0.41
10,20251111,16,0.441
10,20251111,17,0.41
10,20251111,18,0.33
10,20251111,19,0.234
10,20251111,20,0.152
10,20251111,21,0.098
10,20251111,22,0.069
10,20251111,23,0.056
10,20251111,24,0.051
10,20251111,25,0.05
10,20251111,26,0.049
10,20251111,27,0.049
10,20251111,28,0.049
10,20251111,29,0.05
10,20251111,30,0.053
10,20251111,31,0.06
10,20251111,32,0.077
10,20251111,33,0.111
10,20251111,34,0.172
10,20251111,35,0.266
10,20251111,36,0.384
10,20251111,37,0.507
10,20251111,38,0.602
10,20251111,39,0.638
10,20251111,40,0.602
10,20251111,41,0.507
10,20251111,42,0.384
10,20251111,43,0.266
10,20251111,44,0.172
10,20251111,45,0.111
10,20251111,46,0.077
10,20251111,47,0.06
10,20251111,48,0.053
10,20251112,1,0.049
10,20251112,2,0.049
10,20251112,3,0.049
10,20251112,4,0.049
10,20251112,5,0.049
10,20251112,6,0.049
10,20251112,7,0.049
10,20251112,8,0.051
10,20251112,9,0.055
10,20251112,10,0.068
10,20251112,11,0.098
10,20251112,12,0.152
10,20251112,13,0.234
10,20251112,14,0.329
10,20251112,15,0.409
10,20251112,16,0.44
10,20251112,17,0.409
10,20251112,18,0.329
10,20251112,19,0.234
10,20251112,20,0.152
10,20251112,21,0.098
10,20251112,22,0.068
10,20251112,23,0.055
10,20251112,24,0.051
10,20251112,25,0.049
10,20251112,26,0.049
10,20251112,27,0.049
10,20251112,28,0.049
10,20251112,29,0.05
10,20251112,30,0.053
10,20251112,31,0.06
10,20251112,32,0.076
10,20251112,33,0.111
10,20251112,34,0.172
10,20251112,35,0.265
10,20251112,36,0.383
10,20251112,37,0.506
10,20251112,38,0.6
10,20251112,39,0.636
10,20251112,40,0.6
10,20251112,41,0.506
10,20251112,42,0.383
10,20251112,43,0.265
10,20251112,44,0.172
10,20251112,45,0.111
10,20251112,46,0.076
10,20251112,47,0.06
10,20251112,48,0.053
10,20251113,1,0.061
10,20251113,2,0.061
10,20251113,3,0.061
10,20251113,4,0.061
10,20251113,5,0.061
10,20251113,6,0.061
10,20251113,7,0.061
10,20251113,8,0.063
10,20251113,9,0.069
10,20251113,10,0.085
10,20251113,11,0.122
10,20251113,12,0.189
10,20251113,13,0.291
10,20251113,14,0.41
10,20251113,15,0.509
10,20251113,16,0.548
10,20251113,17,0.509
10,20251113,18,0.41
10,20251113,19,0.291
10,20251113,20,0.189
10,20251113,21,0.122
10,20251113,22,0.085
10,20251113,23,0.069
10,20251113,24,0.063
10,20251113,25,0.061
10,20251113,26,0.061
10,20251113,27,0.061
10,20251113,28,0.061
10,20251113,29,0.062
10,20251113,30,0.065
10,20251113,31,0.074
10,20251113,32,0.095
10,20251113,33,0.138
10,20251113,34,0.214
10,20251113,35,0.33
10,20251113,36,0.477
10,20251113,37,0.63
10,20251113,38,0.747
10,20251113,39,0.791
10,20251113,40,0.747
10,20251113,41,0.63
10,20251113,42,0.477
10,20251113,43,0.33
10,20251113,44,0.214
10,20251113,45,0.138
10,20251113,46,0.095
10,20251113,47,0.074
10,20251114,1,0.05
10,20251114,2,0.05
10,20251114,3,0.05
10,20251114,4,0.05
10,20251114,5,0.05
10,20251114,6,0.05
10,20251114,7,0.051
10,20251114,8,0.052
10,20251114,9,0.057
10,20251114,10,0.07
10,20251114,11,0.1
10,20251114,12,0.156
10,20251114,13,0.24
10,20251114,14,0.338
10,20251114,15,0.42
10,20251114,16,0.452
10,20251114,17,0.42
10,20251114,18,0.338
10,20251114,19,0.24
10,20251114,20,0.156
10,20251114,21,0.1
10,20251114,22,0.07
10,20251114,23,0.057
10,20251114,24,0.052
10,20251114,25,0.051
10,20251114,26,0.05
10,20251114,27,0.05
10,20251114,28,0.051
10,20251114,29,0.051
10,20251114,30,0.054
10,20251114,31,0.061
10,20251114,32,0.078
10,20251114,33,0.114
10,20251114,34,0.177
10,20251114,35,0.272
10,20251114,36,0.394
10,20251114,37,0.52
10,20251114,38,0.616
10,20251114,39,0.653
10,20251114,40,0.616
10,20251114,41,0.52
10,20251114,42,0.394
10,20251114,43,0.272
10,20251114,44,0.177
10,20251114,45,0.114
10,20251114,46,0.078
10,20251114,47,0.061
10,20251114,48,0.054
10,20251115,1,0.062
10,20251115,2,0.062
10,20251115,3,0.062
10,20251115,4,0.062
10,20251115,5,0.062
10,20251115,6,0.062
10,20251115,7,0.062
10,20251115,8,0.064
10,20251115,9,0.07
10,20251115,10,0.087
10,20251115,11,0.123
10,20251115,12,0.192
10,20251115,13,0.296
10,20251115,14,0.416
10,20251115,15,0.517
10,20251115,16,0.557
10,20251115,17,0.517
10,20251115,18,0.416
10,20251115,19,0.296
10,20251115,20,0.192
10,20251115,21,0.123
10,20251115,22,0.087
10,20251115,23,0.07
10,20251115,24,0.064
10,20251115,25,0.062
10,20251115,26,0.062
10,20251115,27,0.062
10,20251115,28,0.062
10,20251115,29,0.063
10,20251115,30,0.067
10,20251115,31,0.075
10,20251115,32,0.097
10,20251115,33,0.14
10,20251115,34,0.217
10,20251115,35,0.335
10,20251115,36,0.485
10,20251115,37,0.64
10,20251115,38,0.759
10,20251115,39,0.804
10,20251115,40,0.759
10,20251115,41,0.64
10,20251115,42,0.485
10,20251115,43,0.335
10,20251115,44,0.217
10,20251115,45,0.14
10,20251115,46,0.097
10,20251115,47,0.075
10,20251116,1,0.038
10,20251116,2,0.038
10,20251116,3,0.038
10,20251116,4,0.038
10,20251116,5,0.038
10,20251116,6,0.038
10,20251116,7,0.038
10,20251116,8,0.039
10,20251116,9,0.043
10,20251116,10,0.052
10,20251116,11,0.075
10,20251116,12,0.117
10,20251116,13,0.179
10,20251116,14,0.253
10,20251116,15,0.314
10,20251116,16,0.338
10,20251116,17,0.314
10,20251116,18,0.253
10,20251116,19,0.179
10,20251116,20,0.117
10,20251116,21,0.075
10,20251116,22,0.052
10,20251116,23,0.043
10,20251116,24,0.039
10,20251116,25,0.038
10,20251116,26,0.038
10,20251116,27,0.038
10,20251116,28,0.038
10,20251116,29,0.038
10,20251116,30,0.04
10,20251116,31,0.046
10,20251116,32,0.059
10,20251116,33,0.085
10,20251116,34,0.132
10,20251116,35,0.203
10,20251116,36,0.294
10,20251116,37,0.388
10,20251116,38,0.46
10,20251116,39,0.488
10,20251116,40,0.46
10,20251116,41,0.388
10,20251116,42,0.294
10,20251116,43,0.203
10,20251116,44,0.132
10,20251116,45,0.085
10,20251116,46,0.059
10,20251116,47,0.046
10,20251116,48,0.04
10,20251117,1,0.04
10,20251117,2,0.04
10,20251117,3,0.04
10,20251117,4,0.04
10,20251117,5,0.04
10,20251117,6,0.04
10,20251117,7,0.04
10,20251117,8,0.041
10,20251117,9,0.045
10,20251117,10,0.056
10,20251117,11,0.08
10,20251117,12,0.124
10,20251117,13,0.191
10,20251117,14,0.268
10,20251117,15,0.333
10,20251117,16,0.359
10,20251117,17,0.333
10,20251117,18,0.268
10,20251117,19,0.191
10,20251117,20,0.124
10,20251117,21,0.08
10,20251117,22,0.056
10,20251117,23,0.045
10,20251117,24,0.041
10,20251117,25,0.04
10,20251117,26,0.04
10,20251117,27,0.04
10,20251117,28,0.04
10,20251117,29,0.041
10,20251117,30,0.043
10,20251117,31,0.049
10,20251117,32,0.062
10,20251117,33,0.09
10,20251117,34,0.14
10,20251117,35,0.216
10,20251117,36,0.312
10,20251117,37,0.412
10,20251117,38,0.489
10,20251117,39,0.518
10,20251117,40,0.489
10,20251117,41,0.412
10,20251117,42,0.312
10,20251117,43,0.216
10,20251117,44,0.14
10,20251117,45,0.09
10,20251117,46,0.062
10,20251118,1,0.054
10,20251118,2,0.054
10,20251118,3,0.054
10,20251118,4,0.054
10,20251118,5,0.054
10,20251118,6,0.054
10,20251118,7,0.055
10,20251118,8,0.056
10,20251118,9,0.061
10,20251118,10,0.076
10,20251118,11,0.108
10,20251118,12,0.168
10,20251118,13,0.259
10,20251118,14,0.365
10,20251118,15,0.453
10,20251118,16,0.487
10,20251118,17,0.453
10,20251118,18,0.365
10,20251118,19,0.259
10,20251118,20,0.168
10,20251118,21,0.108
10,20251118,22,0.076
10,20251118,23,0.061
10,20251118,24,0.056
10,20251118,25,0.055
10,20251118,26,0.054
10,20251118,27,0.054
10,20251118,28,0.054
10,20251118,29,0.055
10,20251118,30,0.058
10,20251118,31,0.066
10,20251118,32,0.085
10,20251118,33,0.123
10,20251118,34,0.19
10,20251118,35,0.293
10,20251118,36,0.424
10,20251118,37,0.56
10,20251118,38,0.665
10,20251118,39,0.704
10,20251118,40,0.665
10,20251118,41,0.56
10,20251118,42,0.424
10,20251118,43,0.293
10,20251118,44,0.19
10,20251118,45,0.123
10,20251118,46,0.085
10,20251118,47,0.066
10,20251118,48,0.058
10,20251119,1,0.048
10,20251119,2,0.048
10,20251119,3,0.048
10,20251119,4,0.048
10,20251119,5,0.048
10,20251119,6,0.049
10,20251119,7,0.049
10,20251119,8,0.05
10,20251119,9,0.055
10,20251119,10,0.068
10,20251119,11,0.097
10,20251119,12,0.151
10,20251119,13,0.231
10,20251119,14,0.326
10,20251119,15,0.405
10,20251119,16,0.436
10,20251119,17,0.405
10,20251119,18,0.326
10,20251119,19,0.231
10,20251119,20,0.151
10,20251119,21,0.097
10,20251119,22,0.068
10,20251119,23,0.055
10,20251119,24,0.05
10,20251119,25,0.049
10,20251119,26,0.049
10,20251119,27,0.049
10,20251119,28,0.049
10,20251119,29,0.05
10,20251119,30,0.052
10,20251119,31,0.059
10,20251119,32,0.076
10,20251119,33,0.11
10,20251119,34,0.17
10,20251119,35,0.262
10,20251119,36,0.38
10,20251119,37,0.501
10,20251119,38,0.594
10,20251119,39,0.629
10,20251119,40,0.594
10,20251119,41,0.501
10,20251119,42,0.38
10,20251119,43,0.262
10,20251119,44,0.17
10,20251119,45,0.11
10,20251119,46,0.076
10,20251119,47,0.059
10,20251119,48,0.052
10,20251120,1,0.063
10,20251120,2,0.063
10,20251120,3,0.063
10,20251120,4,0.063
10,20251120,5,0.063
10,20251120,6,0.063
10,20251120,7,0.063
10,20251120,8,0.065
10,20251120,9,0.071
10,20251120,10,0.088
10,20251120,11,0.125
10,20251120,12,0.195
10,20251120,13,0.3
10,20251120,14,0.422
10,20251120,15,0.524
10,20251120,16,0.564
10,20251120,17,0.524
10,20251120,18,0.422
10,20251120,19,0.3
10,20251120,20,0.195
10,20251120,21,0.125
10,20251120,22,0.088
10,20251120,23,0.071
10,20251120,24,0.065
10,20251120,25,0.063
10,20251120,26,0.063
10,20251120,27,0.063
10,20251120,28,0.063
10,20251120,29,0.064
10,20251120,30,0.067
10,20251120,31,0.077
10,20251120,32,0.098
10,20251120,33,0.142
10,20251120,34,0.22
10,20251120,35,0.34
10,20251120,36,0.492
10,20251120,37,0.649
10,20251120,38,0.77
10,20251120,39,0.815
10,20251120,40,0.77
10,20251120,41,0.649
10,20251120,42,0.492
10,20251120,43,0.34
10,20251120,44,0.22
10,20251120,45,0.142
10,20251120,46,0.098
10,20251120,47,0.077
10,20251120,48,0.067
10,20251121,1,0.052
10,20251121,2,0.052
10,20251121,3,0.052
10,20251121,4,0.052
10,20251121,5,0.052
10,20251121,6,0.052
10,20251121,7,0.052
10,20251121,8,0.054
10,20251121,9,0.059
10,20251121,10,0.072
10,20251121,11,0.103
10,20251121,12,0.161
10,20251121,13,0.247
10,20251121,14,0.348
10,20251121,15,0.432
10,20251121,16,0.465
10,20251121,17,0.432
10,20251121,18,0.348
10,20251121,19,0.247
10,20251121,20,0.161
10,20251121,21,0.103
10,20251121,22,0.072
10,20251121,23,0.059
10,20251121,24,0.054
10,20251121,25,0.052
10,20251121,26,0.052
10,20251121,27,0.052
10,20251121,28,0.052
10,20251121,29,0.053
10,20251121,30,0.056
10,20251121,31,0.063
10,20251121,32,0.081
10,20251121,33,0.117
10,20251121,34,0.182
10,20251121,35,0.28
10,20251121,36,0.405
10,20251121,37,0.535
10,20251121,38,0.634
10,20251121,39,0.672
10,20251121,40,0.634
10,20251121,41,0.535
10,20251121,42,0.405
10,20251121,43,0.28
10,20251121,44,0.182
10,20251121,45,0.117
10,20251121,46,0.081
10,20251121,47,0.063
10,20251121,48,0.056
10,20251122,1,0.038
10,20251122,2,0.038
10,20251122,3,0.038
10,20251122,4,0.038
10,20251122,5,0.038
10,20251122,6,0.038
10,20251122,7,0.038
10,20251122,8,0.04
10,20251122,9,0.043
10,20251122,10,0.053
10,20251122,11,0.076
10,20251122,12,0.118
10,20251122,13,0.182
10,20251122,14,0.257
10,20251122,15,0.319
10,20251122,16,0.343
10,20251122,17,0.319
10,20251122,18,0.257
10,20251122,19,0.182
10,20251122,20,0.118
10,20251122,21,0.076
10,20251122,22,0.053
10,20251122,23,0.043
10,20251122,24,0.04
10,20251122,25,0.038
10,20251122,26,0.038
10,20251122,27,0.038
10,20251122,28,0.038
10,20251122,29,0.039
10,20251122,30,0.041
10,20251122,31,0.046
10,20251122,32,0.059
10,20251122,33,0.086
10,20251122,34,0.134
10,20251122,35,0.206
10,20251122,36,0.299
10,20251122,37,0.394
10,20251122,38,0.468
10,20251122,39,0.495
10,20251122,40,0.468
10,20251122,41,0.394
10,20251122,42,0.299
10,20251122,43,0.206
10,20251122,44,0.134
10,20251122,45,0.086
10,20251122,46,0.059
10,20251122,47,0.046
10,20251123,1,0.053
10,20251123,2,0.053
10,20251123,3,0.053
10,20251123,4,0.053
10,20251123,5,0.053
10,20251123,6,0.053
10,20251123,7,0.053
10,20251123,8,0.055
10,20251123,9,0.06
10,20251123,10,0.074
10,20251123,11,0.105
10,20251123,12,0.164
10,20251123,13,0.252
10,20251123,14,0.355
10,20251123,15,0.44
10,20251123,16,0.474
10,20251123,17,0.44
10,20251123,18,0.355
10,20251123,19,0.252
10,20251123,20,0.164
10,20251123,21,0.105
10,20251123,22,0.074
10,20251123,23,0.06
10,20251123,24,0.055
10,20251123,25,0.053
10,20251123,26,0.053
10,20251123,27,0.053
10,20251123,28,0.053
10,20251123,29,0.054
10,20251123,30,0.057
10,20251123,31,0.064
10,20251123,32,0.082
10,20251123,33,0.119
10,20251123,34,0.185
10,20251123,35,0.285
10,20251123,36,0.413
10,20251123,37,0.545
10,20251123,38,0.646
10,20251123,39,0.685
10,20251123,40,0.646
10,20251123,41,0.545
10,20251123,42,0.413
10,20251123,43,0.285
10,20251123,44,0.185
10,20251123,45,0.119
10,20251123,46,0.082
10,20251123,47,0.064
10,20251123,48,0.057
10,20251124,1,0.049
10,20251124,2,0.049
10,20251124,3,0.049
10,20251124,4,0.049
10,20251124,5,0.049
10,20251124,6,0.049
10,20251124,7,0.049
10,20251124,8,0.051
10,20251124,9,0.056
10,20251124,10,0.068
10,20251124,11,0.098
10,20251124,12,0.152
10,20251124,13,0.234
10,20251124,14,0.329
10,20251124,15,0.409
10,20251124,16,0.44
10,20251124,17,0.409
10,20251124,18,0.329
10,20251124,19,0.234
10,20251124,20,0.152
10,20251124,21,0.098
10,20251124,22,0.068
10,20251124,23,0.056
10,20251124,24,0.051
10,20251124,25,0.049
10,20251124,26,0.049
10,20251124,27,0.049
10,20251124,28,0.049
10,20251124,29,0.05
10,20251124,30,0.053
10,20251124,31,0.06
10,20251124,32,0.076
10,20251124,33,0.111
10,20251124,34,0.172
10,20251124,35,0.265
10,20251124,36,0.383
10,20251124,37,0.506
10,20251124,38,0.6
10,20251124,39,0.636
10,20251124,40,0.6
10,20251124,41,0.506
10,20251124,42,0.383
10,20251124,43,0.265
10,20251124,44,0.172
10,20251124,45,0.111
10,20251124,46,0.076
10,20251124,47,0.06
10,20251124,48,0.053
10,20251125,1,0.049
10,20251125,2,0.049
10,20251125,3,0.049
10,20251125,4,0.049
10,20251125,5,0.049
10,20251125,6,0.049
10,20251125,7,0.049
10,20251125,8,0.05
10,20251125,9,0.055
10,20251125,10,0.068
10,20251125,11,0.097
10,20251125,12,0.151
10,20251125,13,0.232
10,20251125,14,0.327
10,20251125,15,0.406
10,20251125,16,0.437
10,20251125,17,0.406
10,20251125,18,0.327
10,20251125,19,0.232
10,20251125,20,0.151
10,20251125,21,0.097
10,20251125,22,0.068
10,20251125,23,0.055
10,20251125,24,0.05
10,20251125,25,0.049
10,20251125,26,0.049
10,20251125,27,0.049
10,20251125,28,0.049
10,20251125,29,0.05
10,20251125,30,0.052
10,20251125,31,0.059
10,20251125,32,0.076
10,20251125,33,0.11
10,20251125,34,0.171
10,20251125,35,0.263
10,20251125,36,0.38
10,20251125,37,0.502
10,20251125,38,0.596
10,20251125,39,0.631
10,20251125,40,0.596
10,20251125,41,0.502
10,20251125,42,0.38
10,20251125,43,0.263
10,20251125,44,0.171
10,20251125,45,0.11
10,20251126,1,0.038
10,20251126,2,0.038
10,20251126,3,0.038
10,20251126,4,0.038
10,20251126,5,0.038
10,20251126,6,0.038
10,20251126,7,0.038
10,20251126,8,0.039
10,20251126,9,0.043
10,20251126,10,0.053
10,20251126,11,0.075
10,20251126,12,0.117
10,20251126,13,0.18
10,20251126,14,0.253
10,20251126,15,0.315
10,20251126,16,0.339
10,20251126,17,0.315
10,20251126,18,0.253
10,20251126,19,0.18
10,20251126,20,0.117
10,20251126,21,0.075
10,20251126,22,0.053
10,20251126,23,0.043
10,20251126,24,0.039
10,20251126,25,0.038
10,20251126,26,0.038
10,20251126,27,0.038
10,20251126,28,0.038
10,20251126,29,0.039
10,20251126,30,0.041
10,20251126,31,0.046
10,20251126,32,0.059
10,20251126,33,0.085
10,20251126,34,0.132
10,20251126,35,0.204
10,20251126,36,0.295
10,20251126,37,0.389
10,20251126,38,0.462
10,20251126,39,0.489
10,20251126,40,0.462
10,20251126,41,0.389
10,20251126,42,0.295
10,20251126,43,0.204
10,20251126,44,0.132
10,20251126,45,0.085
10,20251126,46,0.059
10,20251126,47,0.046
10,20251126,48,0.041
10,20251127,1,0.05
10,20251127,2,0.05
10,20251127,3,0.05
10,20251127,4,0.05
10,20251127,5,0.05
10,20251127,6,0.05
10,20251127,7,0.05
10,20251127,8,0.052
10,20251127,9,0.056
10,20251127,10,0.069
10,20251127,11,0.099
10,20251127,12,0.154
10,20251127,13,0.237
10,20251127,14,0.334
10,20251127,15,0.415
10,20251127,16,0.447
10,20251127,17,0.415
10,20251127,18,0.334
10,20251127,19,0.237
10,20251127,20,0.154
10,20251127,21,0.099
10,20251127,22,0.069
10,20251127,23,0.056
10,20251127,24,0.052
10,20251127,25,0.05
10,20251127,26,0.05
10,20251127,27,0.05
10,20251127,28,0.05
10,20251127,29,0.051
10,20251127,30,0.053
10,20251127,31,0.061
10,20251127,32,0.078
10,20251127,33,0.113
10,20251127,34,0.175
10,20251127,35,0.269
10,20251127,36,0.389
10,20251127,37,0.514
10,20251127,38,0.61
10,20251127,39,0.646
10,20251127,40,0.61
10,20251127,41,0.514
10,20251127,42,0.389
10,20251127,43,0.269
10,20251127,44,0.175
10,20251127,45,0.113
10,20251127,46,0.078
10,20251127,47,0.061
10,20251127,48,0.053
10,20251128,1,0.036
10,20251128,2,0.036
10,20251128,3,0.036
10,20251128,4,0.036
10,20251128,5,0.036
10,20251128,6,0.036
10,20251128,7,0.036
10,20251128,8,0.037
10,20251128,9,0.041
10,20251128,10,0.05
10,20251128,11,0.072
10,20251128,12,0.112
10,20251128,13,0.172
10,20251128,14,0.243
10,20251128,15,0.302
10,20251128,16,0.325
10,20251128,17,0.302
10,20251128,18,0.243
10,20251128,19,0.172
10,20251128,20,0.112
10,20251128,21,0.072
10,20251128,22,0.05
10,20251128,23,0.041
10,20251128,24,0.037
10,20251128,25,0.036
10,20251128,26,0.036
10,20251128,27,0.036
10,20251128,28,0.036
10,20251128,29,0.037
10,20251128,30,0.039
10,20251128,31,0.044
10,20251128,32,0.056
10,20251128,33,0.082
10,20251128,34,0.127
10,20251128,35,0.195
10,20251128,36,0.283
10,20251128,37,0.373
10,20251128,38,0.443
10,20251128,39,0.469
10,20251128,40,0.443
10,20251128,41,0.373
10,20251128,42,0.283
10,20251128,43,0.195
10,20251128,44,0.127
10,20251128,45,0.082
10,20251128,46,0.056
10,20251128,47,0.044
10,20251128,48,0.039
10,20251129,1,0.053
10,20251129,2,0.053
10,20251129,3,0.053
10,20251129,4,0.053
10,20251129,5,0.053
10,20251129,6,0.053
10,20251129,7,0.053
10,20251129,8,0.055
10,20251129,9,0.06
10,20251129,10,0.074
10,20251129,11,0.105
10,20251129,12,0.164
10,20251129,13,0.252
10,20251129,14,0.354
10,20251129,15,0.44
10,20251129,16,0.474
10,20251129,17,0.44
10,20251129,18,0.354
10,20251129,19,0.252
10,20251129,20,0.164
10,20251129,21,0.105
10,20251129,22,0.074
10,20251129,23,0.06
10,20251129,24,0.055
10,20251129,25,0.053
10,20251129,26,0.053
10,20251129,27,0.053
10,20251129,28,0.053
10,20251129,29,0.054
10,20251129,30,0.057
10,20251129,31,0.064
10,20251129,32,0.082
10,20251129,33,0.119
10,20251129,34,0.185
10,20251129,35,0.285
10,20251129,36,0.413
10,20251129,37,0.545
10,20251129,38,0.646
10,20251129,39,0.684
10,20251129,40,0.646
10,20251129,41,0.545
10,20251129,42,0.413
10,20251129,43,0.285
10,20251129,44,0.185
10,20251129,45,0.119
10,20251129,46,0.082
10,20251129,47,0.064
10,20251129,48,0.057
10,20251130,1,0.059
10,20251130,2,0.059
10,20251130,3,0.059
10,20251130,4,0.059
10,20251130,5,0.059
10,20251130,6,0.059
10,20251130,7,0.059
10,20251130,8,0.061
10,20251130,9,0.067
10,20251130,10,0.082
10,20251130,11,0.118
10,20251130,12,0.183
10,20251130,13,0.282
10,20251130,14,0.397
10,20251130,15,0.493
10,20251130,16,0.53
10,20251130,17,0.493
10,20251130,18,0.397
10,20251130,19,0.282
10,20251130,20,0.183
10,20251130,21,0.118
10,20251130,22,0.082
10,20251130,23,0.067
10,20251130,24,0.061
10,20251130,25,0.059
10,20251130,26,0.059
10,20251130,27,0.059
10,20251130,28,0.059
10,20251130,29,0.06
10,20251130,30,0.063
10,20251130,31,0.072
10,20251130,32,0.092
10,20251130,33,0.133
10,20251130,34,0.207
10,20251130,35,0.319
10,20251130,36,0.462
10,20251130,37,0.61
10,20251130,38,0.723
10,20251130,39,0.766
10,20251130,40,0.723
10,20251130,41,0.61
10,20251130,42,0.462
10,20251130,43,0.319
10,20251130,44,0.207
10,20251130,45,0.133
10,20251130,46,0.092
10,20251130,47,0.072
10,20251130,48,0.063
11,20040201,1,1.111
11,20040201,2,1.111
11,20040201,3,1.111
11,20040201,4,1.111
11,20040201,5,1.111
11,20040201,6,1.111
11,20040201,7,1.111
11,20040201,8,1.111
11,20040201,9,1.111
11,20040201,10,1.111
11,20040201,11,1.111
11,20040201,12,1.111
11,20040201,13,1.111
11,20040201,14,1.111
11,20040201,15,1.111
11,20040201,16,1.111
11,20040201,17,1.111
11,20040201,18,1.111
11,20040201,19,1.111
11,20040201,20,1.111
11,20040201,21,1.111
11,20040201,22,1.111
11,20040201,23,1.111
11,20040201,24,1.111
11,20040201,25,1.111
11,20040201,26,1.111
11,20040201,27,1.111
11,20040201,28,1.111
11,20040201,29,1.111
11,20040201,30,1.111
11,20040201,31,1.111
11,20040201,32,1.111
11,20040201,33,1.111
11,20040201,34,1.111
11,20040201,35,1.111
11,20040201,36,1.111
11,20040201,37,1.111
11,20040201,38,1.111
11,20040201,39,1.111
11,20040201,40,1.111
11,20040201,41,1.111
11,20040201,42,1.111
11,20040201,43,1.111
11,20040201,44,1.111
11,20040201,45,1.111
11,20040201,46,1.111
11,20040201,47,1.111
11,20040201,48,1.111
12,20040201,1,2.222
12,20040201,2,2.222
12,20040201,3,2.222
12,20040201,4,2.222
12,20040201,5,2.222
12,20040201,6,2.222
12,20040201,7,2.222
12,20040201,8,2.222
12,20040201,9,2.222
12,20040201,10,2.222
12,20040201,11,2.222
12,20040201,12,2.222
12,20040201,13,2.222
12,20040201,14,2.222
12,20040201,15,2.222
12,20040201,16,2.222
12,20040201,17,2.222
12,20040201,18,2.222
12,20040201,19,2.222
12,20040201,20,2.222
12,20040201,21,2.222
12,20040201,22,2.222
12,20040201,23,2.222
12,20040201,24,2.222
12,20040201,25,2.222
12,20040201,26,2.222
12,20040201,27,2.222
12,20040201,28,2.222
12,20040201,29,2.222
12,20040201,30,2.222
12,20040201,31,2.222
12,20040201,32,2.222
12,20040201,33,2.222
12,20040201,34,2.222
12,20040201,35,2.222
12,20040201,36,2.222
12,20040201,37,2.222
12,20040201,38,2.222
12,20040201,39,2.222
12,20040201,40,2.222
12,20040201,41,2.222
12,20040201,42,2.222
12,20040201,43,2.222
12,20040201,44,2.222
12,20040201,45,2.222
12,20040201,46,2.222
12,20040201,47,2.222
12,20040201,48,2.222
